record_id,label,confidence,input_tokens,output_tokens,prediction,run,latency_s
95be65c8effd,balance_not_updated_after_cheque_or_cash_deposit,0.35,1043,827,transfer_timing,jev-latest | 77 labels,
67450afabf21,balance_not_updated_after_cheque_or_cash_deposit,1.0,1056,835,balance_not_updated_after_cheque_or_cash_deposit,jev-latest | 77 labels,
fed9b568ae52,balance_not_updated_after_cheque_or_cash_deposit,0.94,1038,835,balance_not_updated_after_cheque_or_cash_deposit,jev-latest | 77 labels,
e4b57397a236,balance_not_updated_after_cheque_or_cash_deposit,0.76,1040,835,balance_not_updated_after_cheque_or_cash_deposit,jev-latest | 77 labels,
bd77634c8269,balance_not_updated_after_cheque_or_cash_deposit,0.95,1041,835,balance_not_updated_after_cheque_or_cash_deposit,jev-latest | 77 labels,
c855eeb9c8ff,balance_not_updated_after_cheque_or_cash_deposit,0.37,1049,830,balance_not_updated_after_bank_transfer,jev-latest | 77 labels,
c954629d0423,balance_not_updated_after_cheque_or_cash_deposit,0.99,1044,835,balance_not_updated_after_cheque_or_cash_deposit,jev-latest | 77 labels,0.62
aef1a86db550,balance_not_updated_after_cheque_or_cash_deposit,0.69,1046,835,balance_not_updated_after_cheque_or_cash_deposit,jev-latest | 77 labels,
6f1e9c419377,balance_not_updated_after_cheque_or_cash_deposit,0.95,1048,835,balance_not_updated_after_cheque_or_cash_deposit,jev-latest | 77 labels,
a5b9850912e7,balance_not_updated_after_cheque_or_cash_deposit,0.33,1050,827,transfer_timing,jev-latest | 77 labels,
418382fb0b17,balance_not_updated_after_cheque_or_cash_deposit,0.95,1045,835,balance_not_updated_after_cheque_or_cash_deposit,jev-latest | 77 labels,
9ea091f8fddb,balance_not_updated_after_cheque_or_cash_deposit,0.59,1035,831,top_up_by_cash_or_cheque,jev-latest | 77 labels,
39dd2750a515,balance_not_updated_after_cheque_or_cash_deposit,0.92,1039,835,balance_not_updated_after_cheque_or_cash_deposit,jev-latest | 77 labels,
77ead8e49b39,balance_not_updated_after_cheque_or_cash_deposit,0.62,1048,835,balance_not_updated_after_cheque_or_cash_deposit,jev-latest | 77 labels,
f5e6a45159a0,balance_not_updated_after_cheque_or_cash_deposit,0.85,1046,835,balance_not_updated_after_cheque_or_cash_deposit,jev-latest | 77 labels,
f5326572c7fb,balance_not_updated_after_cheque_or_cash_deposit,0.9,1042,835,balance_not_updated_after_cheque_or_cash_deposit,jev-latest | 77 labels,
dfe54a7795f9,balance_not_updated_after_cheque_or_cash_deposit,0.56,1051,835,balance_not_updated_after_cheque_or_cash_deposit,jev-latest | 77 labels,
5a156e22dca0,balance_not_updated_after_cheque_or_cash_deposit,0.48,1052,827,pending_top_up,jev-latest | 77 labels,
e69ff0d2d89b,balance_not_updated_after_cheque_or_cash_deposit,0.9,1043,831,top_up_by_cash_or_cheque,jev-latest | 77 labels,
fa38c3c9922e,balance_not_updated_after_cheque_or_cash_deposit,1.0,1040,835,balance_not_updated_after_cheque_or_cash_deposit,jev-latest | 77 labels,
c1dc9c3d2f71,balance_not_updated_after_cheque_or_cash_deposit,0.87,1035,835,balance_not_updated_after_cheque_or_cash_deposit,jev-latest | 77 labels,
e0ef032b24dd,balance_not_updated_after_cheque_or_cash_deposit,0.99,1044,835,balance_not_updated_after_cheque_or_cash_deposit,jev-latest | 77 labels,
c80e960f9e6a,balance_not_updated_after_cheque_or_cash_deposit,1.0,1044,835,balance_not_updated_after_cheque_or_cash_deposit,jev-latest | 77 labels,
251ebd12f09d,balance_not_updated_after_cheque_or_cash_deposit,0.99,1040,835,balance_not_updated_after_cheque_or_cash_deposit,jev-latest | 77 labels,
002090f3d34e,balance_not_updated_after_cheque_or_cash_deposit,0.96,1042,835,balance_not_updated_after_cheque_or_cash_deposit,jev-latest | 77 labels,
4584ee3536fc,balance_not_updated_after_cheque_or_cash_deposit,0.32,1033,835,balance_not_updated_after_cheque_or_cash_deposit,jev-latest | 77 labels,
df6484a787da,balance_not_updated_after_cheque_or_cash_deposit,0.94,1042,835,balance_not_updated_after_cheque_or_cash_deposit,jev-latest | 77 labels,
e1316813d938,balance_not_updated_after_cheque_or_cash_deposit,0.92,1046,835,balance_not_updated_after_cheque_or_cash_deposit,jev-latest | 77 labels,
22a30739c509,balance_not_updated_after_cheque_or_cash_deposit,0.93,1038,835,balance_not_updated_after_cheque_or_cash_deposit,jev-latest | 77 labels,
52a6c1f8650c,balance_not_updated_after_cheque_or_cash_deposit,0.54,1034,835,balance_not_updated_after_cheque_or_cash_deposit,jev-latest | 77 labels,
cb129bbcb34e,balance_not_updated_after_cheque_or_cash_deposit,0.9,1040,835,balance_not_updated_after_cheque_or_cash_deposit,jev-latest | 77 labels,
17096ec0f07a,balance_not_updated_after_cheque_or_cash_deposit,0.95,1055,835,balance_not_updated_after_cheque_or_cash_deposit,jev-latest | 77 labels,
d210e8b47074,balance_not_updated_after_cheque_or_cash_deposit,0.98,1047,835,balance_not_updated_after_cheque_or_cash_deposit,jev-latest | 77 labels,
4f2616e2616d,balance_not_updated_after_cheque_or_cash_deposit,0.68,1043,835,balance_not_updated_after_cheque_or_cash_deposit,jev-latest | 77 labels,
eecba28975eb,balance_not_updated_after_cheque_or_cash_deposit,1.0,1042,835,balance_not_updated_after_cheque_or_cash_deposit,jev-latest | 77 labels,
3e0fe7ecaf8d,balance_not_updated_after_cheque_or_cash_deposit,1.0,1042,835,balance_not_updated_after_cheque_or_cash_deposit,jev-latest | 77 labels,
14c97e22aeea,balance_not_updated_after_cheque_or_cash_deposit,0.75,1039,835,balance_not_updated_after_cheque_or_cash_deposit,jev-latest | 77 labels,
d4fb63f440ff,balance_not_updated_after_cheque_or_cash_deposit,0.87,1041,835,balance_not_updated_after_cheque_or_cash_deposit,jev-latest | 77 labels,
9a9af8d91e86,balance_not_updated_after_cheque_or_cash_deposit,0.99,1040,835,balance_not_updated_after_cheque_or_cash_deposit,jev-latest | 77 labels,
8fdf6ebba0c5,balance_not_updated_after_cheque_or_cash_deposit,0.56,1034,831,top_up_by_cash_or_cheque,jev-latest | 77 labels,
47cd85ef7b7e,balance_not_updated_after_cheque_or_cash_deposit,0.95,1064,835,balance_not_updated_after_cheque_or_cash_deposit,jev-latest | 77 labels,
ece79bf2c2b2,balance_not_updated_after_cheque_or_cash_deposit,0.52,1040,835,balance_not_updated_after_cheque_or_cash_deposit,jev-latest | 77 labels,
82cd01deb6a3,balance_not_updated_after_cheque_or_cash_deposit,0.97,1038,835,balance_not_updated_after_cheque_or_cash_deposit,jev-latest | 77 labels,
26fe6473dada,balance_not_updated_after_cheque_or_cash_deposit,1.0,1046,835,balance_not_updated_after_cheque_or_cash_deposit,jev-latest | 77 labels,
55e80032c2b0,balance_not_updated_after_cheque_or_cash_deposit,0.95,1037,835,balance_not_updated_after_cheque_or_cash_deposit,jev-latest | 77 labels,
952740e1e707,balance_not_updated_after_cheque_or_cash_deposit,1.0,1039,835,balance_not_updated_after_cheque_or_cash_deposit,jev-latest | 77 labels,
7d26f507a249,balance_not_updated_after_cheque_or_cash_deposit,0.94,1053,835,balance_not_updated_after_cheque_or_cash_deposit,jev-latest | 77 labels,
4368c0b86354,balance_not_updated_after_cheque_or_cash_deposit,0.88,1044,835,balance_not_updated_after_cheque_or_cash_deposit,jev-latest | 77 labels,0.69
8f22a794c2c4,balance_not_updated_after_cheque_or_cash_deposit,0.56,1045,831,top_up_by_cash_or_cheque,jev-latest | 77 labels,
85105f7f693e,balance_not_updated_after_cheque_or_cash_deposit,1.0,1041,835,balance_not_updated_after_cheque_or_cash_deposit,jev-latest | 77 labels,
65e51ce17e55,balance_not_updated_after_cheque_or_cash_deposit,0.95,1069,835,balance_not_updated_after_cheque_or_cash_deposit,jev-latest | 77 labels,
301df4b21b46,balance_not_updated_after_cheque_or_cash_deposit,0.64,1040,835,balance_not_updated_after_cheque_or_cash_deposit,jev-latest | 77 labels,
b3844f008d61,balance_not_updated_after_cheque_or_cash_deposit,0.53,1035,827,pending_top_up,jev-latest | 77 labels,
9f6c1cb940f4,balance_not_updated_after_cheque_or_cash_deposit,0.88,1053,835,balance_not_updated_after_cheque_or_cash_deposit,jev-latest | 77 labels,
5acc6434f067,balance_not_updated_after_cheque_or_cash_deposit,0.88,1041,835,balance_not_updated_after_cheque_or_cash_deposit,jev-latest | 77 labels,
af6fb65fea38,balance_not_updated_after_cheque_or_cash_deposit,0.98,1058,835,balance_not_updated_after_cheque_or_cash_deposit,jev-latest | 77 labels,
d124d3ef2071,balance_not_updated_after_cheque_or_cash_deposit,0.96,1042,835,balance_not_updated_after_cheque_or_cash_deposit,jev-latest | 77 labels,
cb0efdeb51a4,balance_not_updated_after_cheque_or_cash_deposit,0.94,1040,835,balance_not_updated_after_cheque_or_cash_deposit,jev-latest | 77 labels,
399d4960f50e,balance_not_updated_after_cheque_or_cash_deposit,0.96,1040,835,balance_not_updated_after_cheque_or_cash_deposit,jev-latest | 77 labels,
49bac980ba6e,balance_not_updated_after_cheque_or_cash_deposit,0.96,1037,835,balance_not_updated_after_cheque_or_cash_deposit,jev-latest | 77 labels,
49a8d0ae183b,balance_not_updated_after_cheque_or_cash_deposit,1.0,1043,835,balance_not_updated_after_cheque_or_cash_deposit,jev-latest | 77 labels,
28147bb831de,balance_not_updated_after_cheque_or_cash_deposit,0.81,1037,835,balance_not_updated_after_cheque_or_cash_deposit,jev-latest | 77 labels,
65a122f8d9b0,balance_not_updated_after_cheque_or_cash_deposit,0.86,1044,835,balance_not_updated_after_cheque_or_cash_deposit,jev-latest | 77 labels,
b782a8ea70f9,balance_not_updated_after_cheque_or_cash_deposit,0.98,1043,835,balance_not_updated_after_cheque_or_cash_deposit,jev-latest | 77 labels,
db0947fae072,balance_not_updated_after_cheque_or_cash_deposit,0.93,1042,835,balance_not_updated_after_cheque_or_cash_deposit,jev-latest | 77 labels,
3930dd20c654,balance_not_updated_after_cheque_or_cash_deposit,1.0,1043,835,balance_not_updated_after_cheque_or_cash_deposit,jev-latest | 77 labels,
a0d30db8850d,balance_not_updated_after_cheque_or_cash_deposit,1.0,1041,835,balance_not_updated_after_cheque_or_cash_deposit,jev-latest | 77 labels,
d8cea0687560,balance_not_updated_after_cheque_or_cash_deposit,0.9,1035,835,balance_not_updated_after_cheque_or_cash_deposit,jev-latest | 77 labels,
7f998f812f9c,balance_not_updated_after_cheque_or_cash_deposit,0.96,1068,835,balance_not_updated_after_cheque_or_cash_deposit,jev-latest | 77 labels,
636695beb551,balance_not_updated_after_cheque_or_cash_deposit,0.87,1034,835,balance_not_updated_after_cheque_or_cash_deposit,jev-latest | 77 labels,
ce3b26adcfa9,balance_not_updated_after_cheque_or_cash_deposit,1.0,1048,835,balance_not_updated_after_cheque_or_cash_deposit,jev-latest | 77 labels,
894b8924558d,balance_not_updated_after_cheque_or_cash_deposit,0.57,1037,831,top_up_by_cash_or_cheque,jev-latest | 77 labels,
a27cd3fb0ad3,balance_not_updated_after_cheque_or_cash_deposit,0.92,1037,835,balance_not_updated_after_cheque_or_cash_deposit,jev-latest | 77 labels,
814051844108,balance_not_updated_after_cheque_or_cash_deposit,0.94,1036,835,balance_not_updated_after_cheque_or_cash_deposit,jev-latest | 77 labels,
2887a3440881,balance_not_updated_after_cheque_or_cash_deposit,1.0,1044,835,balance_not_updated_after_cheque_or_cash_deposit,jev-latest | 77 labels,
0572e89016e5,balance_not_updated_after_cheque_or_cash_deposit,0.95,1039,835,balance_not_updated_after_cheque_or_cash_deposit,jev-latest | 77 labels,
74ecc573011c,balance_not_updated_after_cheque_or_cash_deposit,0.99,1045,835,balance_not_updated_after_cheque_or_cash_deposit,jev-latest | 77 labels,
d0e5ae4f44d3,balance_not_updated_after_cheque_or_cash_deposit,0.93,1041,835,balance_not_updated_after_cheque_or_cash_deposit,jev-latest | 77 labels,
fdb50a0760c8,balance_not_updated_after_cheque_or_cash_deposit,0.86,1046,835,balance_not_updated_after_cheque_or_cash_deposit,jev-latest | 77 labels,
072f069025ee,balance_not_updated_after_cheque_or_cash_deposit,0.93,1037,835,balance_not_updated_after_cheque_or_cash_deposit,jev-latest | 77 labels,
40127bd0e356,balance_not_updated_after_cheque_or_cash_deposit,0.9,1045,835,balance_not_updated_after_cheque_or_cash_deposit,jev-latest | 77 labels,
78085a590232,balance_not_updated_after_cheque_or_cash_deposit,0.41,1036,830,balance_not_updated_after_bank_transfer,jev-latest | 77 labels,
bd814c1b9aec,balance_not_updated_after_cheque_or_cash_deposit,0.48,1042,830,balance_not_updated_after_bank_transfer,jev-latest | 77 labels,
ebba406bc5f7,balance_not_updated_after_cheque_or_cash_deposit,0.94,1048,835,balance_not_updated_after_cheque_or_cash_deposit,jev-latest | 77 labels,
f3375be04def,balance_not_updated_after_cheque_or_cash_deposit,0.58,1040,835,balance_not_updated_after_cheque_or_cash_deposit,jev-latest | 77 labels,
1bb1f2343edf,balance_not_updated_after_cheque_or_cash_deposit,0.99,1038,835,balance_not_updated_after_cheque_or_cash_deposit,jev-latest | 77 labels,
95b23ce414e8,balance_not_updated_after_cheque_or_cash_deposit,0.93,1041,835,balance_not_updated_after_cheque_or_cash_deposit,jev-latest | 77 labels,
d4a6ed135062,balance_not_updated_after_cheque_or_cash_deposit,0.99,1047,835,balance_not_updated_after_cheque_or_cash_deposit,jev-latest | 77 labels,
2e55e3349671,balance_not_updated_after_cheque_or_cash_deposit,0.95,1049,835,balance_not_updated_after_cheque_or_cash_deposit,jev-latest | 77 labels,
ebacef22877a,balance_not_updated_after_cheque_or_cash_deposit,1.0,1044,835,balance_not_updated_after_cheque_or_cash_deposit,jev-latest | 77 labels,
5b6066d965f9,balance_not_updated_after_cheque_or_cash_deposit,0.97,1045,835,balance_not_updated_after_cheque_or_cash_deposit,jev-latest | 77 labels,
4387cc717e6e,balance_not_updated_after_cheque_or_cash_deposit,0.9,1038,835,balance_not_updated_after_cheque_or_cash_deposit,jev-latest | 77 labels,
bdd72b26e415,balance_not_updated_after_cheque_or_cash_deposit,0.96,1048,835,balance_not_updated_after_cheque_or_cash_deposit,jev-latest | 77 labels,
9c2576fd9eeb,balance_not_updated_after_cheque_or_cash_deposit,0.97,1060,835,balance_not_updated_after_cheque_or_cash_deposit,jev-latest | 77 labels,
ed87c4508666,balance_not_updated_after_cheque_or_cash_deposit,0.92,1054,835,balance_not_updated_after_cheque_or_cash_deposit,jev-latest | 77 labels,
3c7c4669529f,balance_not_updated_after_cheque_or_cash_deposit,0.45,1041,831,top_up_by_cash_or_cheque,jev-latest | 77 labels,
987f9f67f333,balance_not_updated_after_cheque_or_cash_deposit,0.93,1042,835,balance_not_updated_after_cheque_or_cash_deposit,jev-latest | 77 labels,
f051ca99d8f4,balance_not_updated_after_cheque_or_cash_deposit,1.0,1054,835,balance_not_updated_after_cheque_or_cash_deposit,jev-latest | 77 labels,
51d1318b7dd4,balance_not_updated_after_cheque_or_cash_deposit,0.83,1042,835,balance_not_updated_after_cheque_or_cash_deposit,jev-latest | 77 labels,
04e1aca26658,balance_not_updated_after_cheque_or_cash_deposit,0.98,1043,835,balance_not_updated_after_cheque_or_cash_deposit,jev-latest | 77 labels,0.64
d96d7310c0be,balance_not_updated_after_cheque_or_cash_deposit,0.99,1059,835,balance_not_updated_after_cheque_or_cash_deposit,jev-latest | 77 labels,
d8952e0ce426,balance_not_updated_after_cheque_or_cash_deposit,0.59,1036,830,balance_not_updated_after_bank_transfer,jev-latest | 77 labels,
093d52dea9ec,balance_not_updated_after_cheque_or_cash_deposit,0.35,1050,830,balance_not_updated_after_bank_transfer,jev-latest | 77 labels,
b19996c46e62,balance_not_updated_after_cheque_or_cash_deposit,0.32,1053,826,atm_support,jev-latest | 77 labels,
f8daf182d849,balance_not_updated_after_cheque_or_cash_deposit,0.86,1036,835,balance_not_updated_after_cheque_or_cash_deposit,jev-latest | 77 labels,
1bc9a34ff066,balance_not_updated_after_cheque_or_cash_deposit,0.69,1042,827,pending_top_up,jev-latest | 77 labels,
b587fec2d656,balance_not_updated_after_cheque_or_cash_deposit,0.79,1051,835,balance_not_updated_after_cheque_or_cash_deposit,jev-latest | 77 labels,
ecf8648dea9b,balance_not_updated_after_cheque_or_cash_deposit,0.43,1038,835,balance_not_updated_after_cheque_or_cash_deposit,jev-latest | 77 labels,
166c4a2d3d52,balance_not_updated_after_cheque_or_cash_deposit,1.0,1040,835,balance_not_updated_after_cheque_or_cash_deposit,jev-latest | 77 labels,
b3c76e9119f3,balance_not_updated_after_cheque_or_cash_deposit,0.48,1038,835,balance_not_updated_after_cheque_or_cash_deposit,jev-latest | 77 labels,
7c062606f053,balance_not_updated_after_cheque_or_cash_deposit,0.97,1049,835,balance_not_updated_after_cheque_or_cash_deposit,jev-latest | 77 labels,
4be79e4b17b1,balance_not_updated_after_cheque_or_cash_deposit,0.99,1049,835,balance_not_updated_after_cheque_or_cash_deposit,jev-latest | 77 labels,
51af004e71e3,balance_not_updated_after_cheque_or_cash_deposit,0.93,1041,835,balance_not_updated_after_cheque_or_cash_deposit,jev-latest | 77 labels,
1f73391bc5c0,balance_not_updated_after_cheque_or_cash_deposit,0.62,1040,835,balance_not_updated_after_cheque_or_cash_deposit,jev-latest | 77 labels,
8a98076cc875,balance_not_updated_after_cheque_or_cash_deposit,0.92,1043,835,balance_not_updated_after_cheque_or_cash_deposit,jev-latest | 77 labels,
496864e7a215,balance_not_updated_after_cheque_or_cash_deposit,0.92,1053,835,balance_not_updated_after_cheque_or_cash_deposit,jev-latest | 77 labels,
481f02d8681e,balance_not_updated_after_cheque_or_cash_deposit,0.93,1045,835,balance_not_updated_after_cheque_or_cash_deposit,jev-latest | 77 labels,
bd79ff64526a,balance_not_updated_after_cheque_or_cash_deposit,0.99,1057,835,balance_not_updated_after_cheque_or_cash_deposit,jev-latest | 77 labels,
8a61586157c8,balance_not_updated_after_cheque_or_cash_deposit,1.0,1043,835,balance_not_updated_after_cheque_or_cash_deposit,jev-latest | 77 labels,
bb167937a5c0,balance_not_updated_after_cheque_or_cash_deposit,1.0,1057,835,balance_not_updated_after_cheque_or_cash_deposit,jev-latest | 77 labels,
26cb273bad33,balance_not_updated_after_cheque_or_cash_deposit,0.59,1046,831,transfer_not_received_by_recipient,jev-latest | 77 labels,
cbc63b69fd72,balance_not_updated_after_cheque_or_cash_deposit,0.95,1042,835,balance_not_updated_after_cheque_or_cash_deposit,jev-latest | 77 labels,
b9e70d777e2b,balance_not_updated_after_cheque_or_cash_deposit,0.95,1045,835,balance_not_updated_after_cheque_or_cash_deposit,jev-latest | 77 labels,
50d0a4b4d7cd,balance_not_updated_after_cheque_or_cash_deposit,0.84,1036,835,balance_not_updated_after_cheque_or_cash_deposit,jev-latest | 77 labels,
bc290ec1cc19,balance_not_updated_after_cheque_or_cash_deposit,0.96,1053,835,balance_not_updated_after_cheque_or_cash_deposit,jev-latest | 77 labels,
1f566e446fa3,balance_not_updated_after_cheque_or_cash_deposit,0.96,1042,835,balance_not_updated_after_cheque_or_cash_deposit,jev-latest | 77 labels,
7bc7a64c6d23,balance_not_updated_after_cheque_or_cash_deposit,0.7,1039,829,verify_source_of_funds,jev-latest | 77 labels,
d1376f431d08,balance_not_updated_after_cheque_or_cash_deposit,0.99,1072,835,balance_not_updated_after_cheque_or_cash_deposit,jev-latest | 77 labels,
28d914fa0743,balance_not_updated_after_cheque_or_cash_deposit,0.96,1047,835,balance_not_updated_after_cheque_or_cash_deposit,jev-latest | 77 labels,
7f634253c083,balance_not_updated_after_cheque_or_cash_deposit,1.0,1040,835,balance_not_updated_after_cheque_or_cash_deposit,jev-latest | 77 labels,
ec59c7348f1c,balance_not_updated_after_cheque_or_cash_deposit,0.97,1040,835,balance_not_updated_after_cheque_or_cash_deposit,jev-latest | 77 labels,
af1361efc404,balance_not_updated_after_cheque_or_cash_deposit,0.99,1050,835,balance_not_updated_after_cheque_or_cash_deposit,jev-latest | 77 labels,
e927202e889a,balance_not_updated_after_cheque_or_cash_deposit,1.0,1047,835,balance_not_updated_after_cheque_or_cash_deposit,jev-latest | 77 labels,
4cd7476b0cbc,balance_not_updated_after_cheque_or_cash_deposit,0.99,1042,835,balance_not_updated_after_cheque_or_cash_deposit,jev-latest | 77 labels,
40434d31ea22,balance_not_updated_after_cheque_or_cash_deposit,1.0,1045,835,balance_not_updated_after_cheque_or_cash_deposit,jev-latest | 77 labels,
1d24f5be922f,balance_not_updated_after_cheque_or_cash_deposit,0.29,1035,827,transfer_timing,jev-latest | 77 labels,
0e0119a7c2b5,balance_not_updated_after_cheque_or_cash_deposit,0.94,1040,835,balance_not_updated_after_cheque_or_cash_deposit,jev-latest | 77 labels,
59a0b4f528b7,balance_not_updated_after_cheque_or_cash_deposit,0.99,1053,835,balance_not_updated_after_cheque_or_cash_deposit,jev-latest | 77 labels,
dc5242dcd122,balance_not_updated_after_cheque_or_cash_deposit,0.8,1051,835,balance_not_updated_after_cheque_or_cash_deposit,jev-latest | 77 labels,
2cf613302b11,balance_not_updated_after_cheque_or_cash_deposit,0.98,1065,835,balance_not_updated_after_cheque_or_cash_deposit,jev-latest | 77 labels,
ae783710b476,balance_not_updated_after_cheque_or_cash_deposit,0.52,1050,827,transfer_timing,jev-latest | 77 labels,
0161f32a3406,balance_not_updated_after_cheque_or_cash_deposit,1.0,1043,835,balance_not_updated_after_cheque_or_cash_deposit,jev-latest | 77 labels,
54310e68d9d1,balance_not_updated_after_cheque_or_cash_deposit,0.5,1043,835,balance_not_updated_after_cheque_or_cash_deposit,jev-latest | 77 labels,
65cf2b101eab,card_payment_fee_charged,0.95,1064,830,card_payment_fee_charged,jev-latest | 77 labels,
65c97862d61e,card_payment_fee_charged,0.62,1057,830,card_payment_fee_charged,jev-latest | 77 labels,
94b11ebb486d,card_payment_fee_charged,0.47,1063,828,extra_charge_on_statement,jev-latest | 77 labels,
763ac196217b,card_payment_fee_charged,0.88,1073,828,extra_charge_on_statement,jev-latest | 77 labels,
710c22b8da59,card_payment_fee_charged,0.95,1040,830,card_payment_fee_charged,jev-latest | 77 labels,
c8792e26f794,card_payment_fee_charged,0.82,1041,830,card_payment_fee_charged,jev-latest | 77 labels,
d7a0033fefe5,card_payment_fee_charged,0.44,1053,830,card_payment_fee_charged,jev-latest | 77 labels,
b2449bd3a2bc,card_payment_fee_charged,0.51,1039,830,card_payment_fee_charged,jev-latest | 77 labels,
03b07ff07bd4,card_payment_fee_charged,0.99,1052,830,card_payment_fee_charged,jev-latest | 77 labels,
5eb7c3bd0389,card_payment_fee_charged,0.98,1040,830,card_payment_fee_charged,jev-latest | 77 labels,
9bafcbe8de84,card_payment_fee_charged,0.99,1034,828,extra_charge_on_statement,jev-latest | 77 labels,
88aeddf68f38,card_payment_fee_charged,0.47,1038,829,transfer_fee_charged,jev-latest | 77 labels,
e5a4236fab1c,card_payment_fee_charged,0.43,1039,830,card_payment_fee_charged,jev-latest | 77 labels,
9f52f9c9e888,card_payment_fee_charged,0.76,1042,828,extra_charge_on_statement,jev-latest | 77 labels,
7cdcfae7e45b,card_payment_fee_charged,0.97,1044,830,card_payment_fee_charged,jev-latest | 77 labels,
3fc55a877756,card_payment_fee_charged,0.6,1068,830,card_payment_fee_charged,jev-latest | 77 labels,
27a435d9f263,card_payment_fee_charged,1.0,1040,830,card_payment_fee_charged,jev-latest | 77 labels,
35411c84f4c9,card_payment_fee_charged,0.75,1037,829,transfer_fee_charged,jev-latest | 77 labels,
e831ac0c5a32,card_payment_fee_charged,1.0,1039,830,card_payment_fee_charged,jev-latest | 77 labels,
61562dcf9fba,card_payment_fee_charged,0.95,1045,830,card_payment_fee_charged,jev-latest | 77 labels,
9254e5c2a7f2,card_payment_fee_charged,0.91,1042,830,card_payment_fee_charged,jev-latest | 77 labels,
10e455f288c0,card_payment_fee_charged,1.0,1041,830,card_payment_fee_charged,jev-latest | 77 labels,
e3bb37a33dc7,card_payment_fee_charged,0.96,1039,830,card_payment_fee_charged,jev-latest | 77 labels,
3820e0f4606f,card_payment_fee_charged,0.99,1035,828,extra_charge_on_statement,jev-latest | 77 labels,
777c8e200fe7,card_payment_fee_charged,1.0,1037,830,card_payment_fee_charged,jev-latest | 77 labels,
57f20aa4ef78,card_payment_fee_charged,0.94,1036,830,card_payment_fee_charged,jev-latest | 77 labels,
043010aa0e41,card_payment_fee_charged,0.84,1040,830,card_payment_fee_charged,jev-latest | 77 labels,
d9a1cebae71e,card_payment_fee_charged,0.94,1036,828,extra_charge_on_statement,jev-latest | 77 labels,
3a1e540463dd,card_payment_fee_charged,1.0,1041,830,card_payment_fee_charged,jev-latest | 77 labels,
565b1fb9b38c,card_payment_fee_charged,0.98,1041,830,card_payment_fee_charged,jev-latest | 77 labels,
2599a59693b5,card_payment_fee_charged,0.54,1072,828,extra_charge_on_statement,jev-latest | 77 labels,
00b4e435457f,card_payment_fee_charged,0.73,1041,830,card_payment_fee_charged,jev-latest | 77 labels,
51103ed7c5ad,card_payment_fee_charged,0.97,1046,830,card_payment_fee_charged,jev-latest | 77 labels,
0524a0ffd3ca,card_payment_fee_charged,0.91,1044,830,card_payment_fee_charged,jev-latest | 77 labels,
43e04ce30290,card_payment_fee_charged,1.0,1038,830,card_payment_fee_charged,jev-latest | 77 labels,
b315778843d5,card_payment_fee_charged,0.52,1036,828,extra_charge_on_statement,jev-latest | 77 labels,
b3645f7acb96,card_payment_fee_charged,0.68,1036,830,card_payment_fee_charged,jev-latest | 77 labels,
b3b8de347c8d,card_payment_fee_charged,0.92,1042,830,card_payment_fee_charged,jev-latest | 77 labels,
5ae930a34c0c,card_payment_fee_charged,0.74,1037,828,extra_charge_on_statement,jev-latest | 77 labels,
95804d8227d8,card_payment_fee_charged,0.74,1042,830,card_payment_fee_charged,jev-latest | 77 labels,
dc01017d0238,card_payment_fee_charged,0.99,1042,830,card_payment_fee_charged,jev-latest | 77 labels,
687db3f9e72a,card_payment_fee_charged,0.42,1044,830,card_payment_not_recognised,jev-latest | 77 labels,
1a31eb175530,card_payment_fee_charged,0.96,1058,830,card_payment_fee_charged,jev-latest | 77 labels,
9cef224c73af,card_payment_fee_charged,0.76,1042,830,card_payment_fee_charged,jev-latest | 77 labels,
11b048a5fd1c,card_payment_fee_charged,0.91,1039,830,card_payment_fee_charged,jev-latest | 77 labels,
c538f8717736,card_payment_fee_charged,0.44,1067,830,card_payment_fee_charged,jev-latest | 77 labels,0.72
469eab5c582c,card_payment_fee_charged,0.98,1043,830,card_payment_fee_charged,jev-latest | 77 labels,
12536c4239a5,card_payment_fee_charged,0.77,1042,830,card_payment_fee_charged,jev-latest | 77 labels,
d2b9e7f9cf49,card_payment_fee_charged,1.0,1036,830,card_payment_fee_charged,jev-latest | 77 labels,
0b0f4644a417,card_payment_fee_charged,0.81,1038,828,extra_charge_on_statement,jev-latest | 77 labels,
04cffa9dbed1,card_payment_fee_charged,0.98,1060,828,extra_charge_on_statement,jev-latest | 77 labels,
b8373d71e3f5,card_payment_fee_charged,0.49,1040,830,card_payment_fee_charged,jev-latest | 77 labels,
35ff2b11bd0d,card_payment_fee_charged,0.88,1040,830,card_payment_fee_charged,jev-latest | 77 labels,
be5cbb2a9124,card_payment_fee_charged,1.0,1041,830,card_payment_fee_charged,jev-latest | 77 labels,
8e7c8ff74f34,card_payment_fee_charged,0.99,1038,830,card_payment_fee_charged,jev-latest | 77 labels,
fe6115f05caa,card_payment_fee_charged,0.91,1042,830,card_payment_fee_charged,jev-latest | 77 labels,
e0e71cc11fe9,card_payment_fee_charged,0.96,1037,830,card_payment_fee_charged,jev-latest | 77 labels,
e295a923a082,card_payment_fee_charged,0.99,1085,826,exchange_charge,jev-latest | 77 labels,
04bb45de17e8,card_payment_fee_charged,0.98,1043,830,card_payment_fee_charged,jev-latest | 77 labels,
284d18c53eee,card_payment_fee_charged,0.63,1039,828,extra_charge_on_statement,jev-latest | 77 labels,
920ab62a538b,card_payment_fee_charged,0.6,1046,830,card_payment_fee_charged,jev-latest | 77 labels,
46d7a17ec160,card_payment_fee_charged,0.99,1040,830,card_payment_fee_charged,jev-latest | 77 labels,
288ff9d71f05,card_payment_fee_charged,0.98,1038,830,card_payment_fee_charged,jev-latest | 77 labels,
43446c51adbc,card_payment_fee_charged,0.97,1040,828,extra_charge_on_statement,jev-latest | 77 labels,
5d8d11d61fbb,card_payment_fee_charged,0.71,1037,830,card_payment_fee_charged,jev-latest | 77 labels,
1b3860352a64,card_payment_fee_charged,0.54,1044,828,extra_charge_on_statement,jev-latest | 77 labels,
6f0ccdf86ada,card_payment_fee_charged,0.62,1043,828,extra_charge_on_statement,jev-latest | 77 labels,
242f22eeaf88,card_payment_fee_charged,1.0,1039,830,card_payment_fee_charged,jev-latest | 77 labels,
abd2878820fb,card_payment_fee_charged,0.98,1039,830,card_payment_fee_charged,jev-latest | 77 labels,
0ca8386ddb27,card_payment_fee_charged,0.95,1040,830,card_payment_fee_charged,jev-latest | 77 labels,
591f3739307b,card_payment_fee_charged,0.99,1041,830,card_payment_fee_charged,jev-latest | 77 labels,
f5da9fb8577d,card_payment_fee_charged,1.0,1044,830,card_payment_fee_charged,jev-latest | 77 labels,
89b8507c2350,card_payment_fee_charged,0.94,1040,828,extra_charge_on_statement,jev-latest | 77 labels,
b8d8491edd12,card_payment_fee_charged,1.0,1040,830,card_payment_fee_charged,jev-latest | 77 labels,
e1679e329977,card_payment_fee_charged,0.81,1041,830,card_payment_fee_charged,jev-latest | 77 labels,
503f62ca627b,card_payment_fee_charged,0.51,1057,830,card_payment_fee_charged,jev-latest | 77 labels,
5dd22d72d88a,card_payment_fee_charged,0.97,1043,830,card_payment_fee_charged,jev-latest | 77 labels,
b1d51218991d,card_payment_fee_charged,0.62,1042,830,card_payment_fee_charged,jev-latest | 77 labels,0.62
3c690abe2ece,card_payment_fee_charged,0.96,1040,830,card_payment_fee_charged,jev-latest | 77 labels,
8a83261e5fc6,card_payment_fee_charged,0.95,1040,830,card_payment_fee_charged,jev-latest | 77 labels,
003b03712ccf,card_payment_fee_charged,0.95,1041,830,card_payment_fee_charged,jev-latest | 77 labels,
ff415561344f,card_payment_fee_charged,1.0,1038,830,card_payment_fee_charged,jev-latest | 77 labels,
ae7cbc977771,card_payment_fee_charged,0.98,1044,830,card_payment_fee_charged,jev-latest | 77 labels,
50d38aba9c7e,card_payment_fee_charged,1.0,1039,830,card_payment_fee_charged,jev-latest | 77 labels,
2740cfb47783,card_payment_fee_charged,1.0,1044,830,card_payment_fee_charged,jev-latest | 77 labels,
a0cb8ce7a3be,card_payment_fee_charged,0.84,1044,830,card_payment_fee_charged,jev-latest | 77 labels,
08d2cfa96795,card_payment_fee_charged,0.78,1038,830,card_payment_fee_charged,jev-latest | 77 labels,
7786520ee794,card_payment_fee_charged,0.6,1074,828,extra_charge_on_statement,jev-latest | 77 labels,
5c34551de9cb,card_payment_fee_charged,0.86,1036,828,extra_charge_on_statement,jev-latest | 77 labels,
1b464852f773,card_payment_fee_charged,0.41,1045,828,extra_charge_on_statement,jev-latest | 77 labels,
0d3467dc3638,card_payment_fee_charged,0.91,1047,830,card_payment_fee_charged,jev-latest | 77 labels,
484afb5a86e1,card_payment_fee_charged,0.97,1039,830,card_payment_fee_charged,jev-latest | 77 labels,
bd7fba6b6718,card_payment_fee_charged,0.36,1053,830,card_payment_fee_charged,jev-latest | 77 labels,
508342241005,card_payment_fee_charged,0.54,1063,830,card_payment_fee_charged,jev-latest | 77 labels,
7e0f0aecca2f,card_payment_fee_charged,0.99,1042,830,card_payment_fee_charged,jev-latest | 77 labels,
73b99556dad1,card_payment_fee_charged,0.96,1039,830,card_payment_fee_charged,jev-latest | 77 labels,
dae90d928991,card_payment_fee_charged,0.74,1037,830,card_payment_fee_charged,jev-latest | 77 labels,
4ac61ef59f81,card_payment_fee_charged,0.48,1042,830,card_payment_not_recognised,jev-latest | 77 labels,
130935f40d7b,card_payment_fee_charged,0.21,1069,828,extra_charge_on_statement,jev-latest | 77 labels,
dcb81697ccba,card_payment_fee_charged,0.94,1040,830,card_payment_fee_charged,jev-latest | 77 labels,
287d0a57b8ec,card_payment_fee_charged,0.98,1041,830,card_payment_fee_charged,jev-latest | 77 labels,
6949007f495c,card_payment_fee_charged,0.95,1044,830,card_payment_fee_charged,jev-latest | 77 labels,
33b1032fea08,card_payment_fee_charged,1.0,1039,830,card_payment_fee_charged,jev-latest | 77 labels,
93c3ef0c4817,card_payment_fee_charged,0.77,1041,830,card_payment_fee_charged,jev-latest | 77 labels,
17a527702080,card_payment_fee_charged,0.99,1047,830,card_payment_fee_charged,jev-latest | 77 labels,
cce28dc7d593,card_payment_fee_charged,1.0,1040,830,card_payment_fee_charged,jev-latest | 77 labels,
669cc763fcf8,card_payment_fee_charged,1.0,1040,830,card_payment_fee_charged,jev-latest | 77 labels,
57f8b1259f8d,card_payment_fee_charged,0.92,1040,830,card_payment_fee_charged,jev-latest | 77 labels,
8921c0c207f6,card_payment_fee_charged,0.68,1051,830,card_payment_fee_charged,jev-latest | 77 labels,
278a2bbde7aa,card_payment_fee_charged,0.99,1048,830,card_payment_fee_charged,jev-latest | 77 labels,0.64
43298b9e3efa,card_payment_fee_charged,0.97,1043,830,card_payment_fee_charged,jev-latest | 77 labels,
a412fc92adb6,card_payment_fee_charged,0.62,1042,828,extra_charge_on_statement,jev-latest | 77 labels,
a9e75aabe8f1,card_payment_fee_charged,0.74,1036,830,card_payment_fee_charged,jev-latest | 77 labels,
ba53913d1150,card_payment_fee_charged,0.85,1038,830,card_payment_fee_charged,jev-latest | 77 labels,
6810834acd1e,card_payment_fee_charged,0.96,1053,830,card_payment_fee_charged,jev-latest | 77 labels,
d660c4e2c624,card_payment_fee_charged,0.93,1038,830,card_payment_fee_charged,jev-latest | 77 labels,
79ab4c8029a5,card_payment_fee_charged,0.96,1040,830,card_payment_fee_charged,jev-latest | 77 labels,
7d2a1cd6d5cc,card_payment_fee_charged,0.96,1043,830,card_payment_fee_charged,jev-latest | 77 labels,
7792ac0524f4,card_payment_fee_charged,0.99,1053,830,card_payment_fee_charged,jev-latest | 77 labels,
a114627c7f9d,card_payment_fee_charged,0.89,1039,830,card_payment_fee_charged,jev-latest | 77 labels,
15b4e5ac7f93,card_payment_fee_charged,1.0,1040,830,card_payment_fee_charged,jev-latest | 77 labels,
4aa428846016,card_payment_fee_charged,0.9,1047,828,extra_charge_on_statement,jev-latest | 77 labels,
34c126190f15,card_payment_fee_charged,0.63,1043,828,extra_charge_on_statement,jev-latest | 77 labels,
0e53bc950287,card_payment_fee_charged,0.83,1056,828,extra_charge_on_statement,jev-latest | 77 labels,
c0ea68022ef9,card_payment_fee_charged,0.99,1040,830,card_payment_fee_charged,jev-latest | 77 labels,
6a36fe314816,card_payment_fee_charged,0.99,1037,830,card_payment_fee_charged,jev-latest | 77 labels,
4e92a77b05a7,card_payment_fee_charged,0.89,1045,828,extra_charge_on_statement,jev-latest | 77 labels,0.76
1d28838909e3,card_payment_fee_charged,0.69,1040,830,card_payment_fee_charged,jev-latest | 77 labels,
21b49738e57a,card_payment_fee_charged,0.62,1049,828,extra_charge_on_statement,jev-latest | 77 labels,
e2d00ba2a606,card_payment_fee_charged,0.55,1054,830,card_payment_fee_charged,jev-latest | 77 labels,
0babeadb24b8,card_payment_fee_charged,0.99,1037,830,card_payment_fee_charged,jev-latest | 77 labels,
e6d5859cc2ca,card_payment_fee_charged,0.51,1051,828,extra_charge_on_statement,jev-latest | 77 labels,
7aaa652cd052,card_payment_fee_charged,0.77,1041,830,card_payment_fee_charged,jev-latest | 77 labels,
a70b8d7407c9,card_payment_fee_charged,0.61,1059,827,top_up_limits,jev-latest | 77 labels,
960476cb6d39,card_payment_fee_charged,0.98,1038,830,card_payment_fee_charged,jev-latest | 77 labels,
9bb2a8648768,card_payment_fee_charged,1.0,1046,830,card_payment_fee_charged,jev-latest | 77 labels,
75604059e4ca,card_payment_fee_charged,0.28,1036,830,supported_cards_and_currencies,jev-latest | 77 labels,
ed7072749114,card_payment_fee_charged,0.61,1049,830,card_payment_fee_charged,jev-latest | 77 labels,
4b6dad389446,card_payment_fee_charged,0.9,1041,830,card_payment_fee_charged,jev-latest | 77 labels,
6110b27cf525,card_payment_fee_charged,0.59,1065,828,extra_charge_on_statement,jev-latest | 77 labels,
44583cd46a7c,card_payment_fee_charged,1.0,1038,830,card_payment_fee_charged,jev-latest | 77 labels,
23f594dee6c7,card_payment_fee_charged,0.73,1037,830,card_payment_fee_charged,jev-latest | 77 labels,
6d4f5bba874f,card_payment_fee_charged,0.87,1044,830,card_payment_fee_charged,jev-latest | 77 labels,
339db78bd8f0,cash_withdrawal_charge,1.0,1042,830,cash_withdrawal_charge,jev-latest | 77 labels,
d140ca72e293,cash_withdrawal_charge,0.99,1037,830,cash_withdrawal_charge,jev-latest | 77 labels,
bb241a0b5fa0,cash_withdrawal_charge,0.83,1038,830,cash_withdrawal_charge,jev-latest | 77 labels,
b2a9c2f1ad05,cash_withdrawal_charge,1.0,1038,830,cash_withdrawal_charge,jev-latest | 77 labels,
97b51b07e9ef,cash_withdrawal_charge,0.89,1042,830,cash_withdrawal_charge,jev-latest | 77 labels,
85623395b3d4,cash_withdrawal_charge,0.9,1040,830,cash_withdrawal_charge,jev-latest | 77 labels,
8d825e4d4ccc,cash_withdrawal_charge,1.0,1042,830,cash_withdrawal_charge,jev-latest | 77 labels,
f67d81cd129c,cash_withdrawal_charge,1.0,1038,830,cash_withdrawal_charge,jev-latest | 77 labels,
78991fec5e72,cash_withdrawal_charge,0.98,1047,830,cash_withdrawal_charge,jev-latest | 77 labels,
95497968ae1b,cash_withdrawal_charge,1.0,1038,830,cash_withdrawal_charge,jev-latest | 77 labels,
36d35c4e13f0,cash_withdrawal_charge,1.0,1038,830,cash_withdrawal_charge,jev-latest | 77 labels,
d3a4dad83ec6,cash_withdrawal_charge,0.7,1041,830,cash_withdrawal_charge,jev-latest | 77 labels,0.62
6198a0c44d66,cash_withdrawal_charge,0.98,1042,830,cash_withdrawal_charge,jev-latest | 77 labels,
5d239c2ac43b,cash_withdrawal_charge,1.0,1068,830,cash_withdrawal_charge,jev-latest | 77 labels,
254add460686,cash_withdrawal_charge,1.0,1038,830,cash_withdrawal_charge,jev-latest | 77 labels,
e13dbbc7d92f,cash_withdrawal_charge,0.99,1061,830,cash_withdrawal_charge,jev-latest | 77 labels,
9943c702363c,cash_withdrawal_charge,0.64,1041,830,cash_withdrawal_charge,jev-latest | 77 labels,
ba006e82d9a6,cash_withdrawal_charge,1.0,1038,830,cash_withdrawal_charge,jev-latest | 77 labels,
6ac49489576f,cash_withdrawal_charge,1.0,1069,830,cash_withdrawal_charge,jev-latest | 77 labels,
a24c525e3bae,cash_withdrawal_charge,1.0,1036,830,cash_withdrawal_charge,jev-latest | 77 labels,
2898104223f9,cash_withdrawal_charge,1.0,1052,830,cash_withdrawal_charge,jev-latest | 77 labels,
ddb65165dc57,cash_withdrawal_charge,1.0,1042,830,cash_withdrawal_charge,jev-latest | 77 labels,
6aed717b870c,cash_withdrawal_charge,1.0,1039,830,cash_withdrawal_charge,jev-latest | 77 labels,
5903a0e9419b,cash_withdrawal_charge,1.0,1068,830,cash_withdrawal_charge,jev-latest | 77 labels,
f9f4180063d3,cash_withdrawal_charge,1.0,1038,830,cash_withdrawal_charge,jev-latest | 77 labels,
43639ec12730,cash_withdrawal_charge,1.0,1061,830,cash_withdrawal_charge,jev-latest | 77 labels,
21892dac9434,cash_withdrawal_charge,0.99,1037,830,cash_withdrawal_charge,jev-latest | 77 labels,
09c866c4beb7,cash_withdrawal_charge,0.76,1059,830,cash_withdrawal_charge,jev-latest | 77 labels,
60e3b74a8ac3,cash_withdrawal_charge,0.99,1064,830,cash_withdrawal_charge,jev-latest | 77 labels,
8b4edbcbff35,cash_withdrawal_charge,1.0,1055,830,cash_withdrawal_charge,jev-latest | 77 labels,
329ea4d82595,cash_withdrawal_charge,1.0,1039,830,cash_withdrawal_charge,jev-latest | 77 labels,
58559e6423a1,cash_withdrawal_charge,1.0,1046,830,cash_withdrawal_charge,jev-latest | 77 labels,
2ec69fccc2f0,cash_withdrawal_charge,0.98,1049,830,cash_withdrawal_charge,jev-latest | 77 labels,
2e6b932f4847,cash_withdrawal_charge,0.93,1043,830,cash_withdrawal_charge,jev-latest | 77 labels,
49c21c7e4530,cash_withdrawal_charge,0.99,1045,830,cash_withdrawal_charge,jev-latest | 77 labels,
d5c01023a409,cash_withdrawal_charge,1.0,1037,830,cash_withdrawal_charge,jev-latest | 77 labels,
46f553a6cab7,cash_withdrawal_charge,0.99,1045,830,cash_withdrawal_charge,jev-latest | 77 labels,
604c4ed3fb9e,cash_withdrawal_charge,1.0,1038,830,cash_withdrawal_charge,jev-latest | 77 labels,
a119e463647a,cash_withdrawal_charge,1.0,1045,830,cash_withdrawal_charge,jev-latest | 77 labels,
4fbb393fd748,cash_withdrawal_charge,1.0,1063,830,cash_withdrawal_charge,jev-latest | 77 labels,
f95e2a590225,cash_withdrawal_charge,0.98,1041,830,cash_withdrawal_charge,jev-latest | 77 labels,
97f25053b918,cash_withdrawal_charge,1.0,1038,830,cash_withdrawal_charge,jev-latest | 77 labels,
7b3a66e651d1,cash_withdrawal_charge,1.0,1036,830,cash_withdrawal_charge,jev-latest | 77 labels,
235f05b74409,cash_withdrawal_charge,1.0,1039,830,cash_withdrawal_charge,jev-latest | 77 labels,
2f4838cc355d,cash_withdrawal_charge,0.96,1056,830,cash_withdrawal_charge,jev-latest | 77 labels,
3dc806b73f47,cash_withdrawal_charge,1.0,1046,830,cash_withdrawal_charge,jev-latest | 77 labels,
6d4b84ff6c7a,cash_withdrawal_charge,0.98,1038,828,extra_charge_on_statement,jev-latest | 77 labels,
3e69b2b5884e,cash_withdrawal_charge,1.0,1055,830,cash_withdrawal_charge,jev-latest | 77 labels,
39e6296e01d1,cash_withdrawal_charge,1.0,1070,830,cash_withdrawal_charge,jev-latest | 77 labels,
f80af9f903ef,cash_withdrawal_charge,1.0,1036,830,cash_withdrawal_charge,jev-latest | 77 labels,
3ef553d8f1ff,cash_withdrawal_charge,1.0,1038,830,cash_withdrawal_charge,jev-latest | 77 labels,
a0e6321929f7,cash_withdrawal_charge,0.98,1037,830,cash_withdrawal_charge,jev-latest | 77 labels,
bad3a4b5e03e,cash_withdrawal_charge,1.0,1038,830,cash_withdrawal_charge,jev-latest | 77 labels,
3e774f6caea5,cash_withdrawal_charge,1.0,1037,830,cash_withdrawal_charge,jev-latest | 77 labels,
0ee1c873f04b,cash_withdrawal_charge,1.0,1052,830,cash_withdrawal_charge,jev-latest | 77 labels,
2ea91413ca8e,cash_withdrawal_charge,0.99,1039,830,cash_withdrawal_charge,jev-latest | 77 labels,
a116c6e680f4,cash_withdrawal_charge,0.88,1042,830,cash_withdrawal_charge,jev-latest | 77 labels,
4fb73639aafe,cash_withdrawal_charge,0.9,1061,830,cash_withdrawal_charge,jev-latest | 77 labels,
85ff2a751bcd,cash_withdrawal_charge,1.0,1041,830,cash_withdrawal_charge,jev-latest | 77 labels,
1f193b3613d7,cash_withdrawal_charge,1.0,1058,830,cash_withdrawal_charge,jev-latest | 77 labels,
c6f6a00e8256,cash_withdrawal_charge,0.99,1037,830,cash_withdrawal_charge,jev-latest | 77 labels,
0220eeaed9da,cash_withdrawal_charge,1.0,1057,830,cash_withdrawal_charge,jev-latest | 77 labels,
fa15c4481670,cash_withdrawal_charge,0.99,1039,830,cash_withdrawal_charge,jev-latest | 77 labels,
409e8c0648d3,cash_withdrawal_charge,1.0,1053,830,cash_withdrawal_charge,jev-latest | 77 labels,
24c090803fe1,cash_withdrawal_charge,1.0,1037,830,cash_withdrawal_charge,jev-latest | 77 labels,
2c53ea772379,cash_withdrawal_charge,1.0,1077,830,cash_withdrawal_charge,jev-latest | 77 labels,
beb81e083fd6,cash_withdrawal_charge,0.78,1039,830,cash_withdrawal_charge,jev-latest | 77 labels,
cfd41ab0b48a,cash_withdrawal_charge,0.99,1045,830,cash_withdrawal_charge,jev-latest | 77 labels,
aa6aac80aa2a,cash_withdrawal_charge,0.76,1039,830,cash_withdrawal_charge,jev-latest | 77 labels,
4eb7a04fa1e3,cash_withdrawal_charge,0.96,1040,830,cash_withdrawal_charge,jev-latest | 77 labels,
d2d8cf545e44,cash_withdrawal_charge,1.0,1047,830,cash_withdrawal_charge,jev-latest | 77 labels,
0f02d590d86d,cash_withdrawal_charge,0.96,1040,830,cash_withdrawal_charge,jev-latest | 77 labels,
5b0cebaabc2b,cash_withdrawal_charge,1.0,1068,830,cash_withdrawal_charge,jev-latest | 77 labels,
40a092f46f24,cash_withdrawal_charge,1.0,1038,830,cash_withdrawal_charge,jev-latest | 77 labels,
8ba13b6a977a,cash_withdrawal_charge,0.89,1042,830,cash_withdrawal_charge,jev-latest | 77 labels,
755c6a10ad1e,cash_withdrawal_charge,0.9,1037,830,cash_withdrawal_charge,jev-latest | 77 labels,
0bc0dceedee1,cash_withdrawal_charge,0.93,1039,830,cash_withdrawal_charge,jev-latest | 77 labels,
b386ee306260,cash_withdrawal_charge,0.48,1057,830,cash_withdrawal_charge,jev-latest | 77 labels,
409446f9ec7a,cash_withdrawal_charge,0.98,1039,830,cash_withdrawal_charge,jev-latest | 77 labels,
b3bebcfc1669,cash_withdrawal_charge,0.99,1037,830,cash_withdrawal_charge,jev-latest | 77 labels,
05c7609107ee,cash_withdrawal_charge,1.0,1043,830,cash_withdrawal_charge,jev-latest | 77 labels,
58bceea953f4,cash_withdrawal_charge,1.0,1041,830,cash_withdrawal_charge,jev-latest | 77 labels,
a4f13facebcc,cash_withdrawal_charge,1.0,1054,830,cash_withdrawal_charge,jev-latest | 77 labels,
b84d7a0803ae,cash_withdrawal_charge,1.0,1037,830,cash_withdrawal_charge,jev-latest | 77 labels,
d69edd94b3f4,cash_withdrawal_charge,1.0,1041,830,cash_withdrawal_charge,jev-latest | 77 labels,
32bb4c8b6320,cash_withdrawal_charge,1.0,1056,830,cash_withdrawal_charge,jev-latest | 77 labels,
5927e861f0f2,cash_withdrawal_charge,0.98,1053,830,cash_withdrawal_charge,jev-latest | 77 labels,
3794d8424681,cash_withdrawal_charge,0.99,1039,830,cash_withdrawal_charge,jev-latest | 77 labels,
19e891441d07,cash_withdrawal_charge,1.0,1038,830,cash_withdrawal_charge,jev-latest | 77 labels,
010b154f169b,cash_withdrawal_charge,1.0,1046,830,cash_withdrawal_charge,jev-latest | 77 labels,
46252827439e,cash_withdrawal_charge,1.0,1051,830,cash_withdrawal_charge,jev-latest | 77 labels,
d18f74c5609e,cash_withdrawal_charge,1.0,1036,830,cash_withdrawal_charge,jev-latest | 77 labels,
447f599e345f,cash_withdrawal_charge,1.0,1051,830,cash_withdrawal_charge,jev-latest | 77 labels,
2407554a6a60,cash_withdrawal_charge,1.0,1037,830,cash_withdrawal_charge,jev-latest | 77 labels,
4e3fb889c8e0,cash_withdrawal_charge,0.62,1047,830,cash_withdrawal_charge,jev-latest | 77 labels,
85cb7c6190f2,cash_withdrawal_charge,1.0,1038,830,cash_withdrawal_charge,jev-latest | 77 labels,
8d2d329ed4bd,cash_withdrawal_charge,0.96,1056,830,cash_withdrawal_charge,jev-latest | 77 labels,
0395b8aa4fcd,cash_withdrawal_charge,1.0,1051,830,cash_withdrawal_charge,jev-latest | 77 labels,
7e116daa03fa,cash_withdrawal_charge,1.0,1042,830,cash_withdrawal_charge,jev-latest | 77 labels,
33a5e764eea2,cash_withdrawal_charge,1.0,1037,830,cash_withdrawal_charge,jev-latest | 77 labels,
791ccae40b3e,cash_withdrawal_charge,0.86,1042,830,cash_withdrawal_charge,jev-latest | 77 labels,
a84b00cf702e,cash_withdrawal_charge,1.0,1037,830,cash_withdrawal_charge,jev-latest | 77 labels,
8e5a9ba87713,cash_withdrawal_charge,1.0,1035,830,cash_withdrawal_charge,jev-latest | 77 labels,
927f5b3c8183,cash_withdrawal_charge,0.7,1042,830,cash_withdrawal_charge,jev-latest | 77 labels,
7ba2be511a37,cash_withdrawal_charge,0.98,1057,830,cash_withdrawal_charge,jev-latest | 77 labels,
ffe7282b752f,cash_withdrawal_charge,1.0,1037,830,cash_withdrawal_charge,jev-latest | 77 labels,0.57
897a9d82bc9d,cash_withdrawal_charge,1.0,1038,830,cash_withdrawal_charge,jev-latest | 77 labels,
fd11f197e6c1,cash_withdrawal_charge,0.88,1041,830,cash_withdrawal_charge,jev-latest | 77 labels,
c3865b14ea54,cash_withdrawal_charge,1.0,1039,830,cash_withdrawal_charge,jev-latest | 77 labels,
96691587a695,cash_withdrawal_charge,0.81,1037,830,cash_withdrawal_charge,jev-latest | 77 labels,
c6fdb3328c7f,cash_withdrawal_charge,1.0,1040,830,cash_withdrawal_charge,jev-latest | 77 labels,
b05bb962a1b0,cash_withdrawal_charge,0.38,1041,829,wrong_amount_of_cash_received,jev-latest | 77 labels,
2548bd6b87fc,cash_withdrawal_charge,1.0,1040,830,cash_withdrawal_charge,jev-latest | 77 labels,
5525bf6d7b5c,cash_withdrawal_charge,0.99,1035,830,cash_withdrawal_charge,jev-latest | 77 labels,
aed568398ed9,cash_withdrawal_charge,1.0,1035,830,cash_withdrawal_charge,jev-latest | 77 labels,
e8075ca244ae,cash_withdrawal_charge,0.9,1045,830,cash_withdrawal_charge,jev-latest | 77 labels,
0f8b231f5e53,cash_withdrawal_charge,1.0,1037,830,cash_withdrawal_charge,jev-latest | 77 labels,
b51ec606eb3c,cash_withdrawal_charge,1.0,1043,830,cash_withdrawal_charge,jev-latest | 77 labels,
73e1131fac73,cash_withdrawal_charge,1.0,1042,830,cash_withdrawal_charge,jev-latest | 77 labels,
1d926c23f0bf,cash_withdrawal_charge,1.0,1036,830,cash_withdrawal_charge,jev-latest | 77 labels,
f330b151079a,cash_withdrawal_charge,0.94,1043,830,cash_withdrawal_charge,jev-latest | 77 labels,
96b10a227c4e,cash_withdrawal_charge,1.0,1037,830,cash_withdrawal_charge,jev-latest | 77 labels,
6aa6dffb089d,cash_withdrawal_charge,0.85,1038,830,cash_withdrawal_charge,jev-latest | 77 labels,
1132bd891489,cash_withdrawal_charge,0.97,1055,830,cash_withdrawal_charge,jev-latest | 77 labels,
991941f69549,cash_withdrawal_charge,1.0,1038,830,cash_withdrawal_charge,jev-latest | 77 labels,
8f02b807c785,cash_withdrawal_charge,1.0,1036,830,cash_withdrawal_charge,jev-latest | 77 labels,
fba3bc99783f,cash_withdrawal_charge,0.93,1043,830,cash_withdrawal_charge,jev-latest | 77 labels,
e6df9e8ac64c,cash_withdrawal_charge,0.91,1039,830,cash_withdrawal_charge,jev-latest | 77 labels,
c345c23aa78c,cash_withdrawal_charge,0.82,1042,830,cash_withdrawal_charge,jev-latest | 77 labels,
a3f7b0c52025,cash_withdrawal_charge,0.97,1056,830,cash_withdrawal_charge,jev-latest | 77 labels,
f5abca437fb5,cash_withdrawal_charge,1.0,1075,830,cash_withdrawal_charge,jev-latest | 77 labels,
87efaa1a1cbe,cash_withdrawal_charge,0.98,1070,830,cash_withdrawal_charge,jev-latest | 77 labels,
6cff2aa56e02,cash_withdrawal_charge,1.0,1038,830,cash_withdrawal_charge,jev-latest | 77 labels,
4a99d5602a32,cash_withdrawal_charge,0.96,1067,830,cash_withdrawal_charge,jev-latest | 77 labels,
a6ebfee05775,cash_withdrawal_charge,0.97,1041,830,cash_withdrawal_charge,jev-latest | 77 labels,
7d87dc36fd6e,cash_withdrawal_charge,0.73,1047,829,wrong_amount_of_cash_received,jev-latest | 77 labels,
fa8a13a1ede9,cash_withdrawal_charge,0.65,1037,830,cash_withdrawal_charge,jev-latest | 77 labels,
bdcc03f44bd0,cash_withdrawal_charge,0.76,1035,828,extra_charge_on_statement,jev-latest | 77 labels,
f2de9ee4b514,cash_withdrawal_charge,1.0,1038,830,cash_withdrawal_charge,jev-latest | 77 labels,
d78c5f9c13d2,cash_withdrawal_charge,1.0,1059,830,cash_withdrawal_charge,jev-latest | 77 labels,
2d73daa3eb4f,cash_withdrawal_charge,1.0,1041,830,cash_withdrawal_charge,jev-latest | 77 labels,
c4796017d60e,cash_withdrawal_charge,0.99,1099,830,cash_withdrawal_charge,jev-latest | 77 labels,
2f4e8201f8a4,cash_withdrawal_charge,1.0,1040,830,cash_withdrawal_charge,jev-latest | 77 labels,
ffad41b0750a,declined_cash_withdrawal,0.52,1056,829,card_not_working,jev-latest | 77 labels,
4b26fc9cb13d,declined_cash_withdrawal,0.64,1064,831,declined_cash_withdrawal,jev-latest | 77 labels,
59a08ffb3b55,declined_cash_withdrawal,0.52,1042,826,atm_support,jev-latest | 77 labels,
2a9cff62a134,declined_cash_withdrawal,0.9,1037,831,declined_cash_withdrawal,jev-latest | 77 labels,
95d915e5c678,declined_cash_withdrawal,0.87,1036,831,declined_cash_withdrawal,jev-latest | 77 labels,
1241abf13233,declined_cash_withdrawal,1.0,1041,831,declined_cash_withdrawal,jev-latest | 77 labels,
c12fea7c4565,declined_cash_withdrawal,0.68,1038,831,declined_cash_withdrawal,jev-latest | 77 labels,
ad8069fbd584,declined_cash_withdrawal,1.0,1045,831,declined_cash_withdrawal,jev-latest | 77 labels,
0cad140e8d30,declined_cash_withdrawal,0.52,1043,828,card_acceptance,jev-latest | 77 labels,
fa714cb880ab,declined_cash_withdrawal,1.0,1060,831,declined_cash_withdrawal,jev-latest | 77 labels,
1f6fb1121409,declined_cash_withdrawal,0.97,1043,831,declined_cash_withdrawal,jev-latest | 77 labels,
cf516391857a,declined_cash_withdrawal,0.65,1038,831,declined_cash_withdrawal,jev-latest | 77 labels,
b8e96e92cae0,declined_cash_withdrawal,0.54,1063,831,declined_cash_withdrawal,jev-latest | 77 labels,
e9b6b700f49e,declined_cash_withdrawal,0.95,1035,831,declined_cash_withdrawal,jev-latest | 77 labels,
75e9900a4695,declined_cash_withdrawal,0.89,1037,831,declined_cash_withdrawal,jev-latest | 77 labels,
10de3104a3d0,declined_cash_withdrawal,0.99,1054,831,declined_cash_withdrawal,jev-latest | 77 labels,0.63
a23b2e0f0135,declined_cash_withdrawal,1.0,1039,831,declined_cash_withdrawal,jev-latest | 77 labels,
74c712d5b358,declined_cash_withdrawal,0.96,1043,831,declined_cash_withdrawal,jev-latest | 77 labels,
56ae7cfd9c27,declined_cash_withdrawal,0.91,1038,826,atm_support,jev-latest | 77 labels,
c36a2add0a2a,declined_cash_withdrawal,1.0,1035,831,declined_cash_withdrawal,jev-latest | 77 labels,
57bb021a71ca,declined_cash_withdrawal,0.47,1064,831,declined_cash_withdrawal,jev-latest | 77 labels,
b0363e0439a7,declined_cash_withdrawal,0.66,1038,831,declined_cash_withdrawal,jev-latest | 77 labels,
7407e7dccd9b,declined_cash_withdrawal,0.99,1040,831,declined_cash_withdrawal,jev-latest | 77 labels,
82074b616491,declined_cash_withdrawal,0.89,1040,831,declined_cash_withdrawal,jev-latest | 77 labels,
59331f7ce58f,declined_cash_withdrawal,0.62,1035,831,declined_cash_withdrawal,jev-latest | 77 labels,
6313e5050406,declined_cash_withdrawal,0.99,1036,826,atm_support,jev-latest | 77 labels,
a032c55864e7,declined_cash_withdrawal,0.59,1042,829,card_not_working,jev-latest | 77 labels,
ebdd964150bd,declined_cash_withdrawal,1.0,1039,831,declined_cash_withdrawal,jev-latest | 77 labels,
33fd4079de52,declined_cash_withdrawal,0.58,1048,831,declined_cash_withdrawal,jev-latest | 77 labels,
3229e833a07c,declined_cash_withdrawal,1.0,1039,831,declined_cash_withdrawal,jev-latest | 77 labels,
ce21fa54ffa8,declined_cash_withdrawal,0.48,1038,831,declined_cash_withdrawal,jev-latest | 77 labels,
81c44d0a3e06,declined_cash_withdrawal,0.72,1056,831,declined_cash_withdrawal,jev-latest | 77 labels,
586cf8b0e344,declined_cash_withdrawal,0.51,1037,831,declined_cash_withdrawal,jev-latest | 77 labels,
3e1da13215c6,declined_cash_withdrawal,0.85,1038,831,declined_cash_withdrawal,jev-latest | 77 labels,
d4b328aa244f,declined_cash_withdrawal,1.0,1058,831,declined_cash_withdrawal,jev-latest | 77 labels,
9f65e611100c,declined_cash_withdrawal,0.97,1054,831,declined_cash_withdrawal,jev-latest | 77 labels,
aebb1ebfe32b,declined_cash_withdrawal,0.84,1033,831,declined_cash_withdrawal,jev-latest | 77 labels,
63bb58d24e56,declined_cash_withdrawal,0.7,1040,831,declined_cash_withdrawal,jev-latest | 77 labels,
eb5d2695e883,declined_cash_withdrawal,0.97,1062,829,card_not_working,jev-latest | 77 labels,
97e1580a2aaf,declined_cash_withdrawal,0.47,1058,828,declined_card_payment,jev-latest | 77 labels,
ef9c65e6d3fc,declined_cash_withdrawal,0.53,1066,831,declined_cash_withdrawal,jev-latest | 77 labels,
e4f593b757f7,declined_cash_withdrawal,0.99,1047,831,declined_cash_withdrawal,jev-latest | 77 labels,
64155f01ef16,declined_cash_withdrawal,0.54,1038,831,declined_cash_withdrawal,jev-latest | 77 labels,
aed7bd171beb,declined_cash_withdrawal,0.97,1057,831,declined_cash_withdrawal,jev-latest | 77 labels,
54b33881e7f2,declined_cash_withdrawal,0.51,1036,831,declined_cash_withdrawal,jev-latest | 77 labels,
fd84033a30d5,declined_cash_withdrawal,0.56,1037,826,atm_support,jev-latest | 77 labels,
b98fa893102c,declined_cash_withdrawal,0.99,1036,831,declined_cash_withdrawal,jev-latest | 77 labels,
56aadeee16d6,declined_cash_withdrawal,1.0,1049,831,declined_cash_withdrawal,jev-latest | 77 labels,
6a1296b9e8ec,declined_cash_withdrawal,1.0,1037,831,declined_cash_withdrawal,jev-latest | 77 labels,
4f8fccdf640d,declined_cash_withdrawal,0.97,1059,831,declined_cash_withdrawal,jev-latest | 77 labels,
e98902dace2a,declined_cash_withdrawal,0.99,1038,831,declined_cash_withdrawal,jev-latest | 77 labels,0.68
58baa472c201,declined_cash_withdrawal,0.94,1038,831,declined_cash_withdrawal,jev-latest | 77 labels,
9f4b3dc4d893,declined_cash_withdrawal,0.92,1042,831,declined_cash_withdrawal,jev-latest | 77 labels,
f110f6bc2464,declined_cash_withdrawal,0.98,1037,831,declined_cash_withdrawal,jev-latest | 77 labels,
8ac91316026f,declined_cash_withdrawal,0.87,1041,831,declined_cash_withdrawal,jev-latest | 77 labels,
a1a5cdabe5d0,declined_cash_withdrawal,0.75,1040,831,declined_cash_withdrawal,jev-latest | 77 labels,
17605f6b2416,declined_cash_withdrawal,0.59,1068,831,declined_cash_withdrawal,jev-latest | 77 labels,
6c56085c67da,declined_cash_withdrawal,0.97,1035,831,declined_cash_withdrawal,jev-latest | 77 labels,
2af30e15d871,declined_cash_withdrawal,1.0,1038,831,declined_cash_withdrawal,jev-latest | 77 labels,
9902659fbc28,declined_cash_withdrawal,0.45,1053,829,card_not_working,jev-latest | 77 labels,
88f5dbb1c1ad,declined_cash_withdrawal,0.91,1038,831,declined_cash_withdrawal,jev-latest | 77 labels,
573a99e4d1c4,declined_cash_withdrawal,0.87,1041,826,atm_support,jev-latest | 77 labels,
3204ece07310,declined_cash_withdrawal,1.0,1041,831,declined_cash_withdrawal,jev-latest | 77 labels,
eb8b7133c6ce,declined_cash_withdrawal,0.65,1037,831,declined_cash_withdrawal,jev-latest | 77 labels,
e367e2b7a3a6,declined_cash_withdrawal,0.93,1039,831,declined_cash_withdrawal,jev-latest | 77 labels,
84e0feabbcc1,declined_cash_withdrawal,0.59,1038,826,atm_support,jev-latest | 77 labels,
587e3aedca85,declined_cash_withdrawal,0.79,1038,831,declined_cash_withdrawal,jev-latest | 77 labels,
82ce57412d1c,declined_cash_withdrawal,0.83,1035,831,declined_cash_withdrawal,jev-latest | 77 labels,
24b7058a7953,declined_cash_withdrawal,0.46,1045,831,declined_cash_withdrawal,jev-latest | 77 labels,
2e85dd5a0a1e,declined_cash_withdrawal,1.0,1061,831,declined_cash_withdrawal,jev-latest | 77 labels,
af54e7ed10c7,declined_cash_withdrawal,1.0,1035,831,declined_cash_withdrawal,jev-latest | 77 labels,
caca0b466c37,declined_cash_withdrawal,0.65,1034,831,declined_cash_withdrawal,jev-latest | 77 labels,
1dbbd5d7cbec,declined_cash_withdrawal,1.0,1041,831,declined_cash_withdrawal,jev-latest | 77 labels,
1a35d292a768,declined_cash_withdrawal,0.48,1033,826,cancel_transfer,jev-latest | 77 labels,
c01b046ed4ec,declined_cash_withdrawal,0.96,1056,831,declined_cash_withdrawal,jev-latest | 77 labels,
4904c1e956be,declined_cash_withdrawal,1.0,1034,831,declined_cash_withdrawal,jev-latest | 77 labels,
b5d175fb2952,declined_cash_withdrawal,0.83,1038,831,declined_cash_withdrawal,jev-latest | 77 labels,
be1be26721f3,declined_cash_withdrawal,0.55,1035,826,atm_support,jev-latest | 77 labels,
546d3ed9da9e,declined_cash_withdrawal,1.0,1069,831,declined_cash_withdrawal,jev-latest | 77 labels,
22f0b6dbe6c5,declined_cash_withdrawal,0.99,1066,831,declined_cash_withdrawal,jev-latest | 77 labels,
30e96bf1f8f7,declined_cash_withdrawal,1.0,1038,831,declined_cash_withdrawal,jev-latest | 77 labels,
f7d7c080bc78,declined_cash_withdrawal,0.87,1036,831,declined_cash_withdrawal,jev-latest | 77 labels,
808e6e39a5af,declined_cash_withdrawal,0.55,1036,826,atm_support,jev-latest | 77 labels,
a4890bd46d01,declined_cash_withdrawal,1.0,1041,831,declined_cash_withdrawal,jev-latest | 77 labels,
9da1542ff89e,declined_cash_withdrawal,0.76,1037,826,atm_support,jev-latest | 77 labels,
56234621113c,declined_cash_withdrawal,0.97,1057,831,declined_cash_withdrawal,jev-latest | 77 labels,
e7c9a40a2727,declined_cash_withdrawal,1.0,1043,831,declined_cash_withdrawal,jev-latest | 77 labels,
72ef4b77522a,declined_cash_withdrawal,1.0,1036,831,declined_cash_withdrawal,jev-latest | 77 labels,
05ef3acff6ec,declined_cash_withdrawal,1.0,1039,831,declined_cash_withdrawal,jev-latest | 77 labels,
22dc1f79528e,declined_cash_withdrawal,0.97,1056,831,declined_cash_withdrawal,jev-latest | 77 labels,
20c0699f17a9,declined_cash_withdrawal,1.0,1041,831,declined_cash_withdrawal,jev-latest | 77 labels,
330f98e547a1,declined_cash_withdrawal,0.95,1039,831,declined_cash_withdrawal,jev-latest | 77 labels,
385742f75dea,declined_cash_withdrawal,0.59,1043,829,card_not_working,jev-latest | 77 labels,
67ade56a0c4f,declined_cash_withdrawal,0.91,1037,831,declined_cash_withdrawal,jev-latest | 77 labels,
4b8bed441b7c,declined_cash_withdrawal,0.6,1069,829,card_not_working,jev-latest | 77 labels,
2efc87fba257,declined_cash_withdrawal,1.0,1036,831,declined_cash_withdrawal,jev-latest | 77 labels,
3ac939d238d3,declined_cash_withdrawal,1.0,1061,831,declined_cash_withdrawal,jev-latest | 77 labels,
a97136980dd9,declined_cash_withdrawal,0.59,1037,826,atm_support,jev-latest | 77 labels,
cfccfc0c6b2a,declined_cash_withdrawal,0.67,1037,831,declined_cash_withdrawal,jev-latest | 77 labels,
58e19741612d,declined_cash_withdrawal,0.89,1034,831,declined_cash_withdrawal,jev-latest | 77 labels,
b5bc04b0bb13,declined_cash_withdrawal,0.99,1066,831,declined_cash_withdrawal,jev-latest | 77 labels,
6e28739f7644,declined_cash_withdrawal,0.98,1068,831,declined_cash_withdrawal,jev-latest | 77 labels,
68bb47f2ce46,declined_cash_withdrawal,0.98,1056,831,declined_cash_withdrawal,jev-latest | 77 labels,
8c8bd75d0c84,declined_cash_withdrawal,1.0,1051,831,declined_cash_withdrawal,jev-latest | 77 labels,
285332230ced,declined_cash_withdrawal,0.91,1037,831,declined_cash_withdrawal,jev-latest | 77 labels,
3083503f1621,declined_cash_withdrawal,0.88,1044,826,atm_support,jev-latest | 77 labels,
49e1efab204c,declined_cash_withdrawal,0.61,1042,831,declined_cash_withdrawal,jev-latest | 77 labels,
2a67c576c539,declined_cash_withdrawal,0.49,1039,831,declined_cash_withdrawal,jev-latest | 77 labels,
25920238a3b3,declined_cash_withdrawal,0.49,1049,826,atm_support,jev-latest | 77 labels,
a2558eaeb571,declined_cash_withdrawal,1.0,1041,831,declined_cash_withdrawal,jev-latest | 77 labels,
db92b25a0926,declined_cash_withdrawal,0.61,1063,831,declined_cash_withdrawal,jev-latest | 77 labels,
de33995c4fb0,declined_cash_withdrawal,0.92,1041,828,declined_card_payment,jev-latest | 77 labels,
9616647de607,declined_cash_withdrawal,0.88,1048,829,card_not_working,jev-latest | 77 labels,
656bfc4dbfe1,declined_cash_withdrawal,0.68,1055,829,card_not_working,jev-latest | 77 labels,
60e613ed8eb5,declined_cash_withdrawal,0.97,1035,831,declined_cash_withdrawal,jev-latest | 77 labels,0.63
6d629e9ac187,declined_cash_withdrawal,1.0,1057,831,declined_cash_withdrawal,jev-latest | 77 labels,
acb01ae9aff6,declined_cash_withdrawal,1.0,1038,831,declined_cash_withdrawal,jev-latest | 77 labels,
05fc58c61541,declined_cash_withdrawal,0.8,1038,831,declined_cash_withdrawal,jev-latest | 77 labels,
44ecce3b3dad,declined_cash_withdrawal,1.0,1045,828,pin_blocked,jev-latest | 77 labels,
4d5508df562c,declined_cash_withdrawal,0.88,1041,831,declined_cash_withdrawal,jev-latest | 77 labels,
abc1db756bd5,declined_cash_withdrawal,0.88,1040,831,declined_cash_withdrawal,jev-latest | 77 labels,
d8d198aec0d4,declined_cash_withdrawal,0.78,1039,831,declined_cash_withdrawal,jev-latest | 77 labels,
4a462c820164,declined_cash_withdrawal,1.0,1044,831,declined_cash_withdrawal,jev-latest | 77 labels,
538714fdf2d0,declined_cash_withdrawal,0.97,1064,831,declined_cash_withdrawal,jev-latest | 77 labels,
cd3eaeeddadd,declined_cash_withdrawal,0.82,1070,831,declined_cash_withdrawal,jev-latest | 77 labels,
0d065460408d,declined_cash_withdrawal,1.0,1049,828,pin_blocked,jev-latest | 77 labels,
7c6616df843b,declined_cash_withdrawal,0.83,1070,829,card_not_working,jev-latest | 77 labels,
02684d197e1e,declined_cash_withdrawal,0.99,1063,831,declined_cash_withdrawal,jev-latest | 77 labels,
c9d242514182,declined_cash_withdrawal,0.71,1064,831,declined_cash_withdrawal,jev-latest | 77 labels,
8fc0317efe3d,declined_cash_withdrawal,1.0,1033,831,declined_cash_withdrawal,jev-latest | 77 labels,
0e8e2a81d045,declined_cash_withdrawal,0.47,1057,829,card_not_working,jev-latest | 77 labels,
7a755e05ae3e,declined_cash_withdrawal,0.51,1036,831,declined_cash_withdrawal,jev-latest | 77 labels,
a46345c1616e,declined_cash_withdrawal,0.6,1038,831,declined_cash_withdrawal,jev-latest | 77 labels,
bc456381faf0,declined_cash_withdrawal,0.94,1033,828,declined_card_payment,jev-latest | 77 labels,
fd376202416f,declined_cash_withdrawal,0.99,1054,831,declined_cash_withdrawal,jev-latest | 77 labels,
092a22e2ca40,declined_cash_withdrawal,1.0,1037,831,declined_cash_withdrawal,jev-latest | 77 labels,
acfd17884c7b,declined_cash_withdrawal,0.62,1041,831,declined_cash_withdrawal,jev-latest | 77 labels,
d3ef043fc593,declined_cash_withdrawal,1.0,1037,831,declined_cash_withdrawal,jev-latest | 77 labels,
f792726a53de,declined_cash_withdrawal,0.78,1039,831,declined_cash_withdrawal,jev-latest | 77 labels,
3dde84ff9062,declined_cash_withdrawal,1.0,1036,831,declined_cash_withdrawal,jev-latest | 77 labels,0.78
22bbe87f6b3d,declined_cash_withdrawal,0.99,1035,831,declined_cash_withdrawal,jev-latest | 77 labels,
d5472a53d5af,declined_cash_withdrawal,0.76,1045,831,declined_cash_withdrawal,jev-latest | 77 labels,
56454457e5fd,declined_cash_withdrawal,0.78,1038,831,declined_cash_withdrawal,jev-latest | 77 labels,
ec2f092b90e5,direct_debit_payment_not_recognised,1.0,1040,832,direct_debit_payment_not_recognised,jev-latest | 77 labels,
d4b6145b7085,direct_debit_payment_not_recognised,1.0,1038,832,direct_debit_payment_not_recognised,jev-latest | 77 labels,
32022a40ef83,direct_debit_payment_not_recognised,0.41,1032,828,compromised_card,jev-latest | 77 labels,
28d1e480b591,direct_debit_payment_not_recognised,1.0,1037,832,direct_debit_payment_not_recognised,jev-latest | 77 labels,
ac277ecff260,direct_debit_payment_not_recognised,1.0,1041,832,direct_debit_payment_not_recognised,jev-latest | 77 labels,
c576bdd963be,direct_debit_payment_not_recognised,1.0,1040,832,direct_debit_payment_not_recognised,jev-latest | 77 labels,
0f2766a40d76,direct_debit_payment_not_recognised,0.99,1041,832,direct_debit_payment_not_recognised,jev-latest | 77 labels,
da66d5b3c147,direct_debit_payment_not_recognised,0.52,1040,828,extra_charge_on_statement,jev-latest | 77 labels,
ba66e5e5d083,direct_debit_payment_not_recognised,0.97,1037,828,compromised_card,jev-latest | 77 labels,
63f79538134c,direct_debit_payment_not_recognised,1.0,1041,832,direct_debit_payment_not_recognised,jev-latest | 77 labels,
1439fc285bee,direct_debit_payment_not_recognised,1.0,1038,832,direct_debit_payment_not_recognised,jev-latest | 77 labels,
81bebc76c00b,direct_debit_payment_not_recognised,1.0,1046,832,direct_debit_payment_not_recognised,jev-latest | 77 labels,
032ede55cbe0,direct_debit_payment_not_recognised,1.0,1040,832,direct_debit_payment_not_recognised,jev-latest | 77 labels,
54d2c351bc75,direct_debit_payment_not_recognised,1.0,1039,832,direct_debit_payment_not_recognised,jev-latest | 77 labels,
5511ec087f6e,direct_debit_payment_not_recognised,0.54,1038,830,card_payment_not_recognised,jev-latest | 77 labels,
c51414b409e3,direct_debit_payment_not_recognised,1.0,1042,832,direct_debit_payment_not_recognised,jev-latest | 77 labels,
c2fc7e698d6b,direct_debit_payment_not_recognised,1.0,1044,832,direct_debit_payment_not_recognised,jev-latest | 77 labels,
f6fc49e5023e,direct_debit_payment_not_recognised,1.0,1049,832,direct_debit_payment_not_recognised,jev-latest | 77 labels,
e25961c63216,direct_debit_payment_not_recognised,0.67,1035,830,card_payment_not_recognised,jev-latest | 77 labels,
8da5fd2a0fbd,direct_debit_payment_not_recognised,0.99,1037,832,direct_debit_payment_not_recognised,jev-latest | 77 labels,
d3c717ebe66b,direct_debit_payment_not_recognised,0.7,1040,830,card_payment_not_recognised,jev-latest | 77 labels,
29c91108f1cd,direct_debit_payment_not_recognised,0.72,1058,830,card_payment_not_recognised,jev-latest | 77 labels,
6170ca25ccc0,direct_debit_payment_not_recognised,0.57,1041,830,card_payment_not_recognised,jev-latest | 77 labels,
77493789df3f,direct_debit_payment_not_recognised,0.85,1041,830,card_payment_not_recognised,jev-latest | 77 labels,
1bf2ab54fc95,direct_debit_payment_not_recognised,1.0,1043,832,direct_debit_payment_not_recognised,jev-latest | 77 labels,
43c13e598ffd,direct_debit_payment_not_recognised,0.64,1067,828,compromised_card,jev-latest | 77 labels,
024ed8a1ec2b,direct_debit_payment_not_recognised,1.0,1038,832,direct_debit_payment_not_recognised,jev-latest | 77 labels,
e843bd0357e4,direct_debit_payment_not_recognised,1.0,1044,832,direct_debit_payment_not_recognised,jev-latest | 77 labels,
a6f15cebf9f4,direct_debit_payment_not_recognised,0.71,1040,830,card_payment_not_recognised,jev-latest | 77 labels,
b7e2760df1b2,direct_debit_payment_not_recognised,1.0,1042,832,direct_debit_payment_not_recognised,jev-latest | 77 labels,
a34201df24ea,direct_debit_payment_not_recognised,1.0,1039,832,direct_debit_payment_not_recognised,jev-latest | 77 labels,0.61
38e0b43ae46c,direct_debit_payment_not_recognised,0.92,1073,830,card_payment_not_recognised,jev-latest | 77 labels,
b7a32523c67b,direct_debit_payment_not_recognised,1.0,1039,832,direct_debit_payment_not_recognised,jev-latest | 77 labels,
e24d4966a876,direct_debit_payment_not_recognised,1.0,1044,832,direct_debit_payment_not_recognised,jev-latest | 77 labels,
89cad4a251ec,direct_debit_payment_not_recognised,0.95,1095,830,card_payment_not_recognised,jev-latest | 77 labels,
1fec62c87951,direct_debit_payment_not_recognised,0.54,1071,830,card_payment_not_recognised,jev-latest | 77 labels,
649fbd390698,direct_debit_payment_not_recognised,0.72,1040,832,direct_debit_payment_not_recognised,jev-latest | 77 labels,
c3da8c468751,direct_debit_payment_not_recognised,0.21,1033,828,unable_to_verify_identity,jev-latest | 77 labels,
bacd2b686042,direct_debit_payment_not_recognised,0.97,1072,830,card_payment_not_recognised,jev-latest | 77 labels,
810696767975,direct_debit_payment_not_recognised,0.58,1042,830,card_payment_not_recognised,jev-latest | 77 labels,
d9238f29154a,direct_debit_payment_not_recognised,1.0,1045,832,direct_debit_payment_not_recognised,jev-latest | 77 labels,
139c150f249f,direct_debit_payment_not_recognised,0.99,1039,832,direct_debit_payment_not_recognised,jev-latest | 77 labels,
6e77c5f48b49,direct_debit_payment_not_recognised,0.6,1040,832,direct_debit_payment_not_recognised,jev-latest | 77 labels,
ccb84c14ed2e,direct_debit_payment_not_recognised,0.99,1037,832,direct_debit_payment_not_recognised,jev-latest | 77 labels,
7f748ab80fd6,direct_debit_payment_not_recognised,1.0,1047,832,direct_debit_payment_not_recognised,jev-latest | 77 labels,
25062f5c9a69,direct_debit_payment_not_recognised,1.0,1038,832,direct_debit_payment_not_recognised,jev-latest | 77 labels,
0a3f6dfaf002,direct_debit_payment_not_recognised,0.88,1059,830,card_payment_not_recognised,jev-latest | 77 labels,
c3fda975fe66,direct_debit_payment_not_recognised,0.99,1048,832,direct_debit_payment_not_recognised,jev-latest | 77 labels,
40197f1e9157,direct_debit_payment_not_recognised,1.0,1044,832,direct_debit_payment_not_recognised,jev-latest | 77 labels,
14c5259345d9,direct_debit_payment_not_recognised,1.0,1043,832,direct_debit_payment_not_recognised,jev-latest | 77 labels,
bd5fbc6481f3,direct_debit_payment_not_recognised,0.38,1042,828,extra_charge_on_statement,jev-latest | 77 labels,
1203bc6b1f15,direct_debit_payment_not_recognised,0.54,1069,828,extra_charge_on_statement,jev-latest | 77 labels,
eb56103fd2c7,direct_debit_payment_not_recognised,1.0,1040,832,direct_debit_payment_not_recognised,jev-latest | 77 labels,
0d2e08cfb5ad,direct_debit_payment_not_recognised,0.9,1050,830,card_payment_not_recognised,jev-latest | 77 labels,
5378423cf187,direct_debit_payment_not_recognised,1.0,1038,832,direct_debit_payment_not_recognised,jev-latest | 77 labels,
8693d3291a26,direct_debit_payment_not_recognised,0.79,1040,830,card_payment_not_recognised,jev-latest | 77 labels,
d4ddbac1199d,direct_debit_payment_not_recognised,0.62,1073,830,card_payment_not_recognised,jev-latest | 77 labels,
21725a1be943,direct_debit_payment_not_recognised,0.68,1037,828,extra_charge_on_statement,jev-latest | 77 labels,
fcf57ee06399,direct_debit_payment_not_recognised,1.0,1038,832,direct_debit_payment_not_recognised,jev-latest | 77 labels,
32bffbdb4aa2,direct_debit_payment_not_recognised,0.86,1043,832,direct_debit_payment_not_recognised,jev-latest | 77 labels,
54c9cc66e6c2,direct_debit_payment_not_recognised,0.88,1040,828,extra_charge_on_statement,jev-latest | 77 labels,
f8493a908cba,direct_debit_payment_not_recognised,1.0,1042,832,direct_debit_payment_not_recognised,jev-latest | 77 labels,
dae7069b7a09,direct_debit_payment_not_recognised,0.93,1040,832,direct_debit_payment_not_recognised,jev-latest | 77 labels,
58ddf30a6e8d,direct_debit_payment_not_recognised,1.0,1044,832,direct_debit_payment_not_recognised,jev-latest | 77 labels,
19dbbbd222c3,direct_debit_payment_not_recognised,1.0,1043,832,direct_debit_payment_not_recognised,jev-latest | 77 labels,
f4232082bc7f,direct_debit_payment_not_recognised,0.78,1053,830,card_payment_not_recognised,jev-latest | 77 labels,
cdb9322a6496,direct_debit_payment_not_recognised,0.89,1062,830,card_payment_not_recognised,jev-latest | 77 labels,
7d9fdfd3b652,direct_debit_payment_not_recognised,0.79,1042,830,card_payment_not_recognised,jev-latest | 77 labels,
d8581b0de08d,direct_debit_payment_not_recognised,0.91,1070,830,card_payment_not_recognised,jev-latest | 77 labels,
376bae167286,direct_debit_payment_not_recognised,0.31,1041,832,direct_debit_payment_not_recognised,jev-latest | 77 labels,
f0e1ea12dd32,direct_debit_payment_not_recognised,0.75,1033,827,receiving_money,jev-latest | 77 labels,
8c5b1c4143a3,direct_debit_payment_not_recognised,0.47,1037,830,card_payment_not_recognised,jev-latest | 77 labels,
09423a7fea66,direct_debit_payment_not_recognised,1.0,1045,832,direct_debit_payment_not_recognised,jev-latest | 77 labels,
cf686493980a,direct_debit_payment_not_recognised,0.5,1044,830,card_payment_not_recognised,jev-latest | 77 labels,
4a770c22e8c4,direct_debit_payment_not_recognised,1.0,1037,832,direct_debit_payment_not_recognised,jev-latest | 77 labels,
f6fd29a48ffe,direct_debit_payment_not_recognised,0.74,1040,830,card_payment_not_recognised,jev-latest | 77 labels,
a4dfbbe9d9f0,direct_debit_payment_not_recognised,0.61,1065,830,card_payment_not_recognised,jev-latest | 77 labels,
f6d9a0b4f2fa,direct_debit_payment_not_recognised,0.93,1059,830,card_payment_not_recognised,jev-latest | 77 labels,
471f09f9243d,direct_debit_payment_not_recognised,1.0,1039,832,direct_debit_payment_not_recognised,jev-latest | 77 labels,
9a7106d1903a,direct_debit_payment_not_recognised,0.34,1084,828,extra_charge_on_statement,jev-latest | 77 labels,
15feca82dac1,direct_debit_payment_not_recognised,1.0,1040,832,direct_debit_payment_not_recognised,jev-latest | 77 labels,
46f9a88867f8,direct_debit_payment_not_recognised,1.0,1043,832,direct_debit_payment_not_recognised,jev-latest | 77 labels,
c1c06eb0078c,direct_debit_payment_not_recognised,0.42,1045,827,request_refund,jev-latest | 77 labels,
f7874ef73810,direct_debit_payment_not_recognised,0.9,1062,830,card_payment_not_recognised,jev-latest | 77 labels,
e13a468715a5,direct_debit_payment_not_recognised,0.75,1074,830,card_payment_not_recognised,jev-latest | 77 labels,
57431e9e9c2e,direct_debit_payment_not_recognised,0.56,1031,827,receiving_money,jev-latest | 77 labels,
81fcc76b536a,direct_debit_payment_not_recognised,1.0,1034,832,direct_debit_payment_not_recognised,jev-latest | 77 labels,
86bb00bd18d7,direct_debit_payment_not_recognised,0.98,1040,832,direct_debit_payment_not_recognised,jev-latest | 77 labels,
11e85fc3d550,direct_debit_payment_not_recognised,0.83,1077,830,card_payment_not_recognised,jev-latest | 77 labels,
4121db87c1e2,direct_debit_payment_not_recognised,0.99,1037,832,direct_debit_payment_not_recognised,jev-latest | 77 labels,
e317cd75a6aa,direct_debit_payment_not_recognised,1.0,1073,830,card_payment_not_recognised,jev-latest | 77 labels,
6bb19d75d9b6,direct_debit_payment_not_recognised,0.97,1038,830,card_payment_not_recognised,jev-latest | 77 labels,
06359beb75e2,direct_debit_payment_not_recognised,1.0,1040,832,direct_debit_payment_not_recognised,jev-latest | 77 labels,
2707d1e7a15f,direct_debit_payment_not_recognised,0.87,1054,830,card_payment_not_recognised,jev-latest | 77 labels,
135fb884a9c3,direct_debit_payment_not_recognised,1.0,1047,832,direct_debit_payment_not_recognised,jev-latest | 77 labels,
87593955c6ce,direct_debit_payment_not_recognised,0.48,1042,828,extra_charge_on_statement,jev-latest | 77 labels,
e772e7940c7b,direct_debit_payment_not_recognised,1.0,1040,832,direct_debit_payment_not_recognised,jev-latest | 77 labels,
d2b546354130,direct_debit_payment_not_recognised,0.59,1044,832,direct_debit_payment_not_recognised,jev-latest | 77 labels,
ac748d95e7b7,direct_debit_payment_not_recognised,0.61,1058,830,card_payment_not_recognised,jev-latest | 77 labels,
a9bd1e0c4153,direct_debit_payment_not_recognised,0.92,1034,830,card_payment_not_recognised,jev-latest | 77 labels,
543e7ef22a23,direct_debit_payment_not_recognised,1.0,1037,832,direct_debit_payment_not_recognised,jev-latest | 77 labels,
8cb22a656121,direct_debit_payment_not_recognised,0.97,1056,830,card_payment_not_recognised,jev-latest | 77 labels,
8e0e4eba2b28,direct_debit_payment_not_recognised,1.0,1043,832,direct_debit_payment_not_recognised,jev-latest | 77 labels,
95b9f8601504,direct_debit_payment_not_recognised,0.99,1038,832,direct_debit_payment_not_recognised,jev-latest | 77 labels,
79eb85c16f7a,direct_debit_payment_not_recognised,0.7,1034,830,card_payment_not_recognised,jev-latest | 77 labels,
168c7a50066b,direct_debit_payment_not_recognised,0.88,1051,830,card_payment_not_recognised,jev-latest | 77 labels,
06008995081c,direct_debit_payment_not_recognised,0.8,1040,828,extra_charge_on_statement,jev-latest | 77 labels,
1551f09e9880,direct_debit_payment_not_recognised,0.75,1039,826,cancel_transfer,jev-latest | 77 labels,
e83af689b13f,direct_debit_payment_not_recognised,0.99,1039,832,direct_debit_payment_not_recognised,jev-latest | 77 labels,
7b4a7c0c4bd2,direct_debit_payment_not_recognised,0.93,1043,832,direct_debit_payment_not_recognised,jev-latest | 77 labels,
f0f4e224e979,direct_debit_payment_not_recognised,0.99,1036,832,direct_debit_payment_not_recognised,jev-latest | 77 labels,
e075b58645e9,direct_debit_payment_not_recognised,1.0,1036,832,direct_debit_payment_not_recognised,jev-latest | 77 labels,
982086ce9e97,direct_debit_payment_not_recognised,1.0,1041,832,direct_debit_payment_not_recognised,jev-latest | 77 labels,
67102952670e,direct_debit_payment_not_recognised,0.88,1038,832,direct_debit_payment_not_recognised,jev-latest | 77 labels,
bb2476ad6519,direct_debit_payment_not_recognised,0.98,1065,830,card_payment_not_recognised,jev-latest | 77 labels,
c952fc83f48a,direct_debit_payment_not_recognised,1.0,1038,832,direct_debit_payment_not_recognised,jev-latest | 77 labels,
513ca2a24232,direct_debit_payment_not_recognised,1.0,1042,832,direct_debit_payment_not_recognised,jev-latest | 77 labels,
3a47e857297a,direct_debit_payment_not_recognised,1.0,1040,832,direct_debit_payment_not_recognised,jev-latest | 77 labels,
e61fe6f773b2,direct_debit_payment_not_recognised,0.78,1045,828,compromised_card,jev-latest | 77 labels,
0bbc00830ab8,direct_debit_payment_not_recognised,0.31,1033,829,card_not_working,jev-latest | 77 labels,
f0babea3a641,direct_debit_payment_not_recognised,1.0,1044,832,direct_debit_payment_not_recognised,jev-latest | 77 labels,
41c1d6f080e7,direct_debit_payment_not_recognised,1.0,1043,832,direct_debit_payment_not_recognised,jev-latest | 77 labels,
60317b30e714,direct_debit_payment_not_recognised,1.0,1044,832,direct_debit_payment_not_recognised,jev-latest | 77 labels,
e5d9033da2d5,direct_debit_payment_not_recognised,1.0,1037,832,direct_debit_payment_not_recognised,jev-latest | 77 labels,
2d28ed2edbc1,direct_debit_payment_not_recognised,0.91,1073,830,card_payment_not_recognised,jev-latest | 77 labels,
b2e4a3d33699,direct_debit_payment_not_recognised,0.94,1068,830,card_payment_not_recognised,jev-latest | 77 labels,
b4344abd92f0,direct_debit_payment_not_recognised,1.0,1044,832,direct_debit_payment_not_recognised,jev-latest | 77 labels,
76b31de227f5,direct_debit_payment_not_recognised,1.0,1046,832,direct_debit_payment_not_recognised,jev-latest | 77 labels,
9967cce2d99e,direct_debit_payment_not_recognised,1.0,1040,832,direct_debit_payment_not_recognised,jev-latest | 77 labels,
aa5ee7397da9,direct_debit_payment_not_recognised,0.73,1048,830,card_payment_not_recognised,jev-latest | 77 labels,
fe40e69281c2,direct_debit_payment_not_recognised,1.0,1038,832,direct_debit_payment_not_recognised,jev-latest | 77 labels,
dd877d05f8de,direct_debit_payment_not_recognised,1.0,1040,832,direct_debit_payment_not_recognised,jev-latest | 77 labels,
3c1f3a6004ec,direct_debit_payment_not_recognised,1.0,1045,832,direct_debit_payment_not_recognised,jev-latest | 77 labels,
d456893a0c45,direct_debit_payment_not_recognised,0.95,1037,830,card_payment_not_recognised,jev-latest | 77 labels,
79ed9aec79db,direct_debit_payment_not_recognised,1.0,1044,832,direct_debit_payment_not_recognised,jev-latest | 77 labels,
8a6fbb2a2c9b,direct_debit_payment_not_recognised,0.99,1072,833,cash_withdrawal_not_recognised,jev-latest | 77 labels,
3cec15e7effe,direct_debit_payment_not_recognised,0.78,1071,830,card_payment_not_recognised,jev-latest | 77 labels,
1d34612cf1e3,direct_debit_payment_not_recognised,0.41,1039,830,card_payment_not_recognised,jev-latest | 77 labels,
60105032ba4b,direct_debit_payment_not_recognised,1.0,1040,832,direct_debit_payment_not_recognised,jev-latest | 77 labels,
a04267874efa,direct_debit_payment_not_recognised,1.0,1040,832,direct_debit_payment_not_recognised,jev-latest | 77 labels,
cf16b00a0cef,direct_debit_payment_not_recognised,0.63,1039,830,card_payment_not_recognised,jev-latest | 77 labels,
594f17419691,direct_debit_payment_not_recognised,1.0,1042,832,direct_debit_payment_not_recognised,jev-latest | 77 labels,
688853f8f005,direct_debit_payment_not_recognised,0.76,1072,830,card_payment_not_recognised,jev-latest | 77 labels,
1d0826ea8b9e,transaction_charged_twice,1.0,1033,830,transaction_charged_twice,jev-latest | 77 labels,
f4085aae5cc1,transaction_charged_twice,0.99,1092,830,transaction_charged_twice,jev-latest | 77 labels,
2afc8717563f,transaction_charged_twice,1.0,1038,830,transaction_charged_twice,jev-latest | 77 labels,
fff940ff90d0,transaction_charged_twice,1.0,1085,830,transaction_charged_twice,jev-latest | 77 labels,
23276acb7111,transaction_charged_twice,1.0,1033,830,transaction_charged_twice,jev-latest | 77 labels,
1274575f950f,transaction_charged_twice,1.0,1058,830,transaction_charged_twice,jev-latest | 77 labels,
beb082e3614f,transaction_charged_twice,1.0,1038,830,transaction_charged_twice,jev-latest | 77 labels,
1bf819023c2f,transaction_charged_twice,1.0,1038,830,transaction_charged_twice,jev-latest | 77 labels,
b1beb0196b21,transaction_charged_twice,1.0,1036,830,transaction_charged_twice,jev-latest | 77 labels,
15422f6050b6,transaction_charged_twice,1.0,1037,830,transaction_charged_twice,jev-latest | 77 labels,
6f70acf1b493,transaction_charged_twice,1.0,1043,830,transaction_charged_twice,jev-latest | 77 labels,
7f3618a61268,transaction_charged_twice,1.0,1037,830,transaction_charged_twice,jev-latest | 77 labels,
fb0b6a8720fb,transaction_charged_twice,0.99,1055,830,transaction_charged_twice,jev-latest | 77 labels,
11b5e86d3ba9,transaction_charged_twice,1.0,1036,830,transaction_charged_twice,jev-latest | 77 labels,0.77
3c0b7414cb1d,transaction_charged_twice,1.0,1041,830,transaction_charged_twice,jev-latest | 77 labels,
9b73565cc07b,transaction_charged_twice,1.0,1050,830,transaction_charged_twice,jev-latest | 77 labels,
0f8845689682,transaction_charged_twice,0.93,1098,830,transaction_charged_twice,jev-latest | 77 labels,
91541ec20cd0,transaction_charged_twice,0.99,1089,830,transaction_charged_twice,jev-latest | 77 labels,
1f09664bf76c,transaction_charged_twice,1.0,1043,830,transaction_charged_twice,jev-latest | 77 labels,
82021ce9b574,transaction_charged_twice,1.0,1034,830,transaction_charged_twice,jev-latest | 77 labels,
4caee5466567,transaction_charged_twice,1.0,1038,830,transaction_charged_twice,jev-latest | 77 labels,
04a322769b11,transaction_charged_twice,1.0,1033,830,transaction_charged_twice,jev-latest | 77 labels,
9d908c20c8d8,transaction_charged_twice,0.91,1037,830,transaction_charged_twice,jev-latest | 77 labels,
3fbf3b20b7e9,transaction_charged_twice,1.0,1036,830,transaction_charged_twice,jev-latest | 77 labels,
1a3669654831,transaction_charged_twice,0.99,1055,830,transaction_charged_twice,jev-latest | 77 labels,
daa9a995d318,transaction_charged_twice,0.57,1039,830,transaction_charged_twice,jev-latest | 77 labels,
bedc8189d0b1,transaction_charged_twice,0.97,1038,830,transaction_charged_twice,jev-latest | 77 labels,
2bae027ca4eb,transaction_charged_twice,0.92,1081,830,transaction_charged_twice,jev-latest | 77 labels,0.58
a38cfd59aff2,transaction_charged_twice,1.0,1057,830,transaction_charged_twice,jev-latest | 77 labels,
a51f81d90f96,transaction_charged_twice,1.0,1033,830,transaction_charged_twice,jev-latest | 77 labels,
26239aeedb0a,transaction_charged_twice,1.0,1034,830,transaction_charged_twice,jev-latest | 77 labels,
e8ce8ead29ce,transaction_charged_twice,1.0,1036,830,transaction_charged_twice,jev-latest | 77 labels,0.75
2835a9960ba7,transaction_charged_twice,1.0,1051,830,transaction_charged_twice,jev-latest | 77 labels,
ce74d3ac872a,transaction_charged_twice,1.0,1045,830,transaction_charged_twice,jev-latest | 77 labels,
1ad377240bff,transaction_charged_twice,1.0,1038,830,transaction_charged_twice,jev-latest | 77 labels,
86bdb0ce3fae,transaction_charged_twice,1.0,1037,830,transaction_charged_twice,jev-latest | 77 labels,
9430dd7cecbc,transaction_charged_twice,0.86,1039,828,extra_charge_on_statement,jev-latest | 77 labels,
f1ab3f190389,transaction_charged_twice,0.96,1035,830,transaction_charged_twice,jev-latest | 77 labels,
3006b57b9630,transaction_charged_twice,0.98,1051,830,transaction_charged_twice,jev-latest | 77 labels,
605a7661f88a,transaction_charged_twice,0.56,1092,830,transaction_charged_twice,jev-latest | 77 labels,
8baddbea2229,transaction_charged_twice,1.0,1063,830,transaction_charged_twice,jev-latest | 77 labels,
92c55840d29b,transaction_charged_twice,1.0,1050,830,transaction_charged_twice,jev-latest | 77 labels,
61d8ddcbf398,transaction_charged_twice,1.0,1057,830,transaction_charged_twice,jev-latest | 77 labels,
ee3b0f2af040,transaction_charged_twice,1.0,1036,830,transaction_charged_twice,jev-latest | 77 labels,
cb1849b7997f,transaction_charged_twice,1.0,1085,830,transaction_charged_twice,jev-latest | 77 labels,0.64
d01fac97501e,transaction_charged_twice,0.8,1076,830,transaction_charged_twice,jev-latest | 77 labels,
dc31c189d9dc,transaction_charged_twice,1.0,1039,830,transaction_charged_twice,jev-latest | 77 labels,
3bbcce4ad9d1,transaction_charged_twice,1.0,1039,830,transaction_charged_twice,jev-latest | 77 labels,
29d1daf91e7f,transaction_charged_twice,1.0,1039,830,transaction_charged_twice,jev-latest | 77 labels,
54177c75ba20,transaction_charged_twice,1.0,1044,830,transaction_charged_twice,jev-latest | 77 labels,
8cb19751c8a6,transaction_charged_twice,1.0,1037,830,transaction_charged_twice,jev-latest | 77 labels,
2b592f0a137b,transaction_charged_twice,1.0,1042,830,transaction_charged_twice,jev-latest | 77 labels,
f9618f002874,transaction_charged_twice,1.0,1069,830,transaction_charged_twice,jev-latest | 77 labels,
967703c8766b,transaction_charged_twice,1.0,1041,830,transaction_charged_twice,jev-latest | 77 labels,
40bec3e990b9,transaction_charged_twice,1.0,1039,830,transaction_charged_twice,jev-latest | 77 labels,
23159f4ebead,transaction_charged_twice,0.99,1082,830,transaction_charged_twice,jev-latest | 77 labels,
32b7c7fe1d0f,transaction_charged_twice,1.0,1043,830,transaction_charged_twice,jev-latest | 77 labels,
d54d529baf10,transaction_charged_twice,0.99,1040,830,transaction_charged_twice,jev-latest | 77 labels,
c62ba1aeff68,transaction_charged_twice,1.0,1081,830,transaction_charged_twice,jev-latest | 77 labels,
7b5b08e58f6d,transaction_charged_twice,0.99,1038,830,transaction_charged_twice,jev-latest | 77 labels,
7681578322df,transaction_charged_twice,0.99,1036,830,transaction_charged_twice,jev-latest | 77 labels,
f9988e49f71c,transaction_charged_twice,1.0,1037,830,transaction_charged_twice,jev-latest | 77 labels,
d3c5a46adcff,transaction_charged_twice,1.0,1035,830,transaction_charged_twice,jev-latest | 77 labels,
8efcb379c9ae,transaction_charged_twice,1.0,1034,830,transaction_charged_twice,jev-latest | 77 labels,
b33275476893,transaction_charged_twice,1.0,1035,830,transaction_charged_twice,jev-latest | 77 labels,
9b50c9752d66,transaction_charged_twice,0.98,1046,830,transaction_charged_twice,jev-latest | 77 labels,
665ddc89a338,transaction_charged_twice,0.95,1035,830,transaction_charged_twice,jev-latest | 77 labels,
408f395f922e,transaction_charged_twice,0.99,1041,830,transaction_charged_twice,jev-latest | 77 labels,
47ec745328fb,transaction_charged_twice,1.0,1036,830,transaction_charged_twice,jev-latest | 77 labels,
be2955af1dba,transaction_charged_twice,1.0,1039,830,transaction_charged_twice,jev-latest | 77 labels,
b832d6500dd6,transaction_charged_twice,1.0,1038,830,transaction_charged_twice,jev-latest | 77 labels,
5b4b5ae96c9f,transaction_charged_twice,1.0,1054,830,transaction_charged_twice,jev-latest | 77 labels,
1dea2370b4ab,transaction_charged_twice,1.0,1069,830,transaction_charged_twice,jev-latest | 77 labels,
ef8dffcf7c2d,transaction_charged_twice,1.0,1041,830,transaction_charged_twice,jev-latest | 77 labels,
351524f6a69f,transaction_charged_twice,1.0,1036,830,transaction_charged_twice,jev-latest | 77 labels,
d588ce306aa8,transaction_charged_twice,1.0,1033,830,transaction_charged_twice,jev-latest | 77 labels,
15b8da0203e5,transaction_charged_twice,1.0,1041,830,transaction_charged_twice,jev-latest | 77 labels,
8933845e1218,transaction_charged_twice,1.0,1042,830,transaction_charged_twice,jev-latest | 77 labels,
45fc13288bfc,transaction_charged_twice,1.0,1044,830,transaction_charged_twice,jev-latest | 77 labels,0.68
95fb6437254d,transaction_charged_twice,1.0,1053,830,transaction_charged_twice,jev-latest | 77 labels,
1ff2842a1c54,transaction_charged_twice,1.0,1032,830,transaction_charged_twice,jev-latest | 77 labels,
71c9171f37ad,transaction_charged_twice,1.0,1040,830,transaction_charged_twice,jev-latest | 77 labels,
ae0423cf89f4,transaction_charged_twice,1.0,1042,830,transaction_charged_twice,jev-latest | 77 labels,
ffb258440dce,transaction_charged_twice,1.0,1037,830,transaction_charged_twice,jev-latest | 77 labels,
bfbd2056099f,transaction_charged_twice,0.95,1035,830,transaction_charged_twice,jev-latest | 77 labels,
9a252d1d2d4b,transaction_charged_twice,0.99,1056,830,transaction_charged_twice,jev-latest | 77 labels,
f8e7ba2c9e6f,transaction_charged_twice,1.0,1041,830,transaction_charged_twice,jev-latest | 77 labels,
566bd226d02b,transaction_charged_twice,1.0,1035,830,transaction_charged_twice,jev-latest | 77 labels,
169c316de35f,transaction_charged_twice,1.0,1039,830,transaction_charged_twice,jev-latest | 77 labels,
0d7b02a3d252,transaction_charged_twice,1.0,1037,830,transaction_charged_twice,jev-latest | 77 labels,
65a838b14016,transaction_charged_twice,1.0,1041,830,transaction_charged_twice,jev-latest | 77 labels,
2772bd4fc0ec,transaction_charged_twice,1.0,1048,830,transaction_charged_twice,jev-latest | 77 labels,
c0ac46c48688,transaction_charged_twice,1.0,1041,830,transaction_charged_twice,jev-latest | 77 labels,
279181aa4f82,transaction_charged_twice,0.96,1080,830,transaction_charged_twice,jev-latest | 77 labels,
4368b143bd86,transaction_charged_twice,0.94,1040,830,transaction_charged_twice,jev-latest | 77 labels,
b16329e4b413,transaction_charged_twice,1.0,1039,830,transaction_charged_twice,jev-latest | 77 labels,
c114d12b362b,transaction_charged_twice,1.0,1038,830,transaction_charged_twice,jev-latest | 77 labels,
8d3b3e5ee766,transaction_charged_twice,1.0,1035,830,transaction_charged_twice,jev-latest | 77 labels,
38f8da6505c3,transaction_charged_twice,1.0,1095,830,transaction_charged_twice,jev-latest | 77 labels,
5a64841ed60e,transaction_charged_twice,1.0,1066,830,transaction_charged_twice,jev-latest | 77 labels,
b1600863b0b5,transaction_charged_twice,1.0,1036,830,transaction_charged_twice,jev-latest | 77 labels,
3703e00dc787,transaction_charged_twice,1.0,1042,830,transaction_charged_twice,jev-latest | 77 labels,
f769f31da0fc,transaction_charged_twice,1.0,1103,830,transaction_charged_twice,jev-latest | 77 labels,
1753b9355483,transaction_charged_twice,1.0,1037,830,transaction_charged_twice,jev-latest | 77 labels,
79816516e46d,transaction_charged_twice,1.0,1037,830,transaction_charged_twice,jev-latest | 77 labels,
7617bea3ab5e,transaction_charged_twice,1.0,1041,830,transaction_charged_twice,jev-latest | 77 labels,
11ad08d961b0,transaction_charged_twice,1.0,1041,830,transaction_charged_twice,jev-latest | 77 labels,
1b6f8a789aca,transaction_charged_twice,1.0,1043,830,transaction_charged_twice,jev-latest | 77 labels,
217149c14508,transaction_charged_twice,1.0,1039,830,transaction_charged_twice,jev-latest | 77 labels,
2f4709ee90c5,transaction_charged_twice,1.0,1044,830,transaction_charged_twice,jev-latest | 77 labels,
25ee8144ff7e,transaction_charged_twice,1.0,1064,830,transaction_charged_twice,jev-latest | 77 labels,
d397aa8695c7,transaction_charged_twice,1.0,1038,830,transaction_charged_twice,jev-latest | 77 labels,
da09f14ccb3d,transaction_charged_twice,1.0,1032,830,transaction_charged_twice,jev-latest | 77 labels,
f23d7a42ffb2,transaction_charged_twice,1.0,1044,830,transaction_charged_twice,jev-latest | 77 labels,
3c44e6ce7311,transaction_charged_twice,1.0,1038,830,transaction_charged_twice,jev-latest | 77 labels,
09b3a2054c04,transaction_charged_twice,1.0,1038,830,transaction_charged_twice,jev-latest | 77 labels,
ef1c9a9e5c49,transaction_charged_twice,1.0,1053,830,transaction_charged_twice,jev-latest | 77 labels,
feaa06c5d908,transaction_charged_twice,1.0,1044,830,transaction_charged_twice,jev-latest | 77 labels,
f1ca7ba17522,transaction_charged_twice,0.56,1040,827,transfer_timing,jev-latest | 77 labels,
b76d667871e3,transaction_charged_twice,1.0,1037,830,transaction_charged_twice,jev-latest | 77 labels,
6de803e82146,transaction_charged_twice,0.92,1089,830,transaction_charged_twice,jev-latest | 77 labels,
a95b373908be,transaction_charged_twice,1.0,1040,830,transaction_charged_twice,jev-latest | 77 labels,
9fb186df4a30,transaction_charged_twice,1.0,1046,830,transaction_charged_twice,jev-latest | 77 labels,
3b51e037e9c8,transaction_charged_twice,1.0,1036,830,transaction_charged_twice,jev-latest | 77 labels,
5e13ccc9d24e,transaction_charged_twice,1.0,1036,830,transaction_charged_twice,jev-latest | 77 labels,
3b2bf406dbde,transaction_charged_twice,1.0,1040,830,transaction_charged_twice,jev-latest | 77 labels,
76d2ce1bcac7,transaction_charged_twice,1.0,1039,830,transaction_charged_twice,jev-latest | 77 labels,
6ca9ad4e7570,transaction_charged_twice,0.91,1070,830,transaction_charged_twice,jev-latest | 77 labels,
77d0a3857946,transaction_charged_twice,1.0,1040,830,transaction_charged_twice,jev-latest | 77 labels,
aea34c484547,transaction_charged_twice,0.89,1037,827,transfer_timing,jev-latest | 77 labels,
93884c202278,transaction_charged_twice,1.0,1036,830,transaction_charged_twice,jev-latest | 77 labels,
d87138dd9852,transaction_charged_twice,1.0,1038,830,transaction_charged_twice,jev-latest | 77 labels,
5652f218b2fd,transaction_charged_twice,1.0,1035,830,transaction_charged_twice,jev-latest | 77 labels,
0ce578b31f24,transaction_charged_twice,1.0,1037,830,transaction_charged_twice,jev-latest | 77 labels,
15d01183f8af,transaction_charged_twice,1.0,1063,830,transaction_charged_twice,jev-latest | 77 labels,
1aae462a9347,transaction_charged_twice,1.0,1039,830,transaction_charged_twice,jev-latest | 77 labels,
310a1886b8fb,transaction_charged_twice,1.0,1034,830,transaction_charged_twice,jev-latest | 77 labels,
9dd93c1eb5e5,transaction_charged_twice,1.0,1037,830,transaction_charged_twice,jev-latest | 77 labels,
003c8a63d5f0,transaction_charged_twice,0.96,1034,830,transaction_charged_twice,jev-latest | 77 labels,
6a1d3780cf31,transaction_charged_twice,1.0,1037,830,transaction_charged_twice,jev-latest | 77 labels,
24f5655fff9a,transaction_charged_twice,1.0,1037,830,transaction_charged_twice,jev-latest | 77 labels,
e819c0499bd5,transaction_charged_twice,1.0,1058,830,transaction_charged_twice,jev-latest | 77 labels,
42fbe20582a5,transaction_charged_twice,1.0,1049,830,transaction_charged_twice,jev-latest | 77 labels,
c64a2d465bd9,wrong_amount_of_cash_received,0.66,1044,829,wrong_amount_of_cash_received,jev-latest | 77 labels,0.77
987656312a55,wrong_amount_of_cash_received,0.96,1041,829,wrong_amount_of_cash_received,jev-latest | 77 labels,
2f9cda63ffc0,wrong_amount_of_cash_received,1.0,1055,829,wrong_amount_of_cash_received,jev-latest | 77 labels,
8f82c22df9c0,wrong_amount_of_cash_received,0.93,1039,830,pending_cash_withdrawal,jev-latest | 77 labels,
331281f6e45a,wrong_amount_of_cash_received,0.99,1054,829,wrong_amount_of_cash_received,jev-latest | 77 labels,
451038750fbc,wrong_amount_of_cash_received,1.0,1041,829,wrong_amount_of_cash_received,jev-latest | 77 labels,
7e58331d19ad,wrong_amount_of_cash_received,1.0,1042,829,wrong_amount_of_cash_received,jev-latest | 77 labels,
585c2d9724df,wrong_amount_of_cash_received,0.96,1052,829,wrong_amount_of_cash_received,jev-latest | 77 labels,
901d688a2523,wrong_amount_of_cash_received,1.0,1042,829,wrong_amount_of_cash_received,jev-latest | 77 labels,
a90a8c3930c2,wrong_amount_of_cash_received,1.0,1058,829,wrong_amount_of_cash_received,jev-latest | 77 labels,
bc0d91385b10,wrong_amount_of_cash_received,1.0,1041,829,wrong_amount_of_cash_received,jev-latest | 77 labels,
beefc952a84a,wrong_amount_of_cash_received,1.0,1040,829,wrong_amount_of_cash_received,jev-latest | 77 labels,
36cb1285d041,wrong_amount_of_cash_received,1.0,1036,829,wrong_amount_of_cash_received,jev-latest | 77 labels,
58fe4f6d9804,wrong_amount_of_cash_received,0.99,1034,831,declined_cash_withdrawal,jev-latest | 77 labels,
d9be846b0fe8,wrong_amount_of_cash_received,1.0,1034,829,wrong_amount_of_cash_received,jev-latest | 77 labels,
4a18bd21f043,wrong_amount_of_cash_received,0.97,1038,829,wrong_amount_of_cash_received,jev-latest | 77 labels,
5ecca15eee9d,wrong_amount_of_cash_received,1.0,1039,829,wrong_amount_of_cash_received,jev-latest | 77 labels,
e78b25fe5576,wrong_amount_of_cash_received,1.0,1050,829,wrong_amount_of_cash_received,jev-latest | 77 labels,
a00cd1151c5e,wrong_amount_of_cash_received,1.0,1041,829,wrong_amount_of_cash_received,jev-latest | 77 labels,
2fffbf526ee6,wrong_amount_of_cash_received,1.0,1055,829,wrong_amount_of_cash_received,jev-latest | 77 labels,
fdd70ee51bee,wrong_amount_of_cash_received,1.0,1045,829,wrong_amount_of_cash_received,jev-latest | 77 labels,
8fb809cef766,wrong_amount_of_cash_received,0.53,1036,829,wrong_amount_of_cash_received,jev-latest | 77 labels,
bcf8d57bd6a5,wrong_amount_of_cash_received,0.65,1037,831,declined_cash_withdrawal,jev-latest | 77 labels,
4efc3d6c1f4d,wrong_amount_of_cash_received,0.91,1039,829,wrong_amount_of_cash_received,jev-latest | 77 labels,
df88f64a362c,wrong_amount_of_cash_received,0.99,1040,829,wrong_amount_of_cash_received,jev-latest | 77 labels,
822e4fe31cb1,wrong_amount_of_cash_received,0.98,1035,829,wrong_amount_of_cash_received,jev-latest | 77 labels,
611c094e92ce,wrong_amount_of_cash_received,1.0,1037,829,wrong_amount_of_cash_received,jev-latest | 77 labels,
96f7a5176867,wrong_amount_of_cash_received,1.0,1041,829,wrong_amount_of_cash_received,jev-latest | 77 labels,
32aa8559ca8a,wrong_amount_of_cash_received,1.0,1062,829,wrong_amount_of_cash_received,jev-latest | 77 labels,
047f5234db0e,wrong_amount_of_cash_received,0.64,1033,829,wrong_amount_of_cash_received,jev-latest | 77 labels,
4478ea567bd9,wrong_amount_of_cash_received,1.0,1040,829,wrong_amount_of_cash_received,jev-latest | 77 labels,
8d2b6965a9df,wrong_amount_of_cash_received,1.0,1056,829,wrong_amount_of_cash_received,jev-latest | 77 labels,
45de71f0272e,wrong_amount_of_cash_received,1.0,1052,829,wrong_amount_of_cash_received,jev-latest | 77 labels,
137b66fd6ea4,wrong_amount_of_cash_received,0.33,1032,828,card_swallowed,jev-latest | 77 labels,
83abcd49808b,wrong_amount_of_cash_received,1.0,1037,829,wrong_amount_of_cash_received,jev-latest | 77 labels,
0ef18cff1ce4,wrong_amount_of_cash_received,1.0,1046,829,wrong_amount_of_cash_received,jev-latest | 77 labels,
0a852f83b379,wrong_amount_of_cash_received,0.33,1046,829,wrong_amount_of_cash_received,jev-latest | 77 labels,
7267d4aa26b9,wrong_amount_of_cash_received,0.6,1036,830,pending_cash_withdrawal,jev-latest | 77 labels,
edfeb0bdfb19,wrong_amount_of_cash_received,1.0,1065,829,wrong_amount_of_cash_received,jev-latest | 77 labels,
07b993baf5fc,wrong_amount_of_cash_received,0.94,1042,829,wrong_amount_of_cash_received,jev-latest | 77 labels,
36cf5420c0fc,wrong_amount_of_cash_received,1.0,1043,829,wrong_amount_of_cash_received,jev-latest | 77 labels,
4e0c75392563,wrong_amount_of_cash_received,1.0,1045,829,wrong_amount_of_cash_received,jev-latest | 77 labels,
e9593a600005,wrong_amount_of_cash_received,0.5,1043,829,wrong_amount_of_cash_received,jev-latest | 77 labels,
6896baca7b92,wrong_amount_of_cash_received,0.99,1038,829,wrong_amount_of_cash_received,jev-latest | 77 labels,
fabbb33b2c27,wrong_amount_of_cash_received,1.0,1040,829,wrong_amount_of_cash_received,jev-latest | 77 labels,
1ad5e13b6641,wrong_amount_of_cash_received,1.0,1050,829,wrong_amount_of_cash_received,jev-latest | 77 labels,
99f7a7e66206,wrong_amount_of_cash_received,1.0,1078,829,wrong_amount_of_cash_received,jev-latest | 77 labels,
cacd98bac87a,wrong_amount_of_cash_received,1.0,1045,829,wrong_amount_of_cash_received,jev-latest | 77 labels,
19bb55a2cd9c,wrong_amount_of_cash_received,1.0,1038,829,wrong_amount_of_cash_received,jev-latest | 77 labels,
ce0dc7907003,wrong_amount_of_cash_received,0.98,1038,829,wrong_amount_of_cash_received,jev-latest | 77 labels,
0ab6f8de51d6,wrong_amount_of_cash_received,0.99,1044,829,wrong_amount_of_cash_received,jev-latest | 77 labels,
e11976dcb653,wrong_amount_of_cash_received,1.0,1049,829,wrong_amount_of_cash_received,jev-latest | 77 labels,
c4eddbd814a0,wrong_amount_of_cash_received,0.99,1043,829,wrong_amount_of_cash_received,jev-latest | 77 labels,
cdae523d1359,wrong_amount_of_cash_received,1.0,1046,829,wrong_amount_of_cash_received,jev-latest | 77 labels,
72ba574b41d6,wrong_amount_of_cash_received,1.0,1065,829,wrong_amount_of_cash_received,jev-latest | 77 labels,
22ddf3b81901,wrong_amount_of_cash_received,1.0,1065,829,wrong_amount_of_cash_received,jev-latest | 77 labels,
b38a242fc969,wrong_amount_of_cash_received,1.0,1041,829,wrong_amount_of_cash_received,jev-latest | 77 labels,
ddf118136d7b,wrong_amount_of_cash_received,1.0,1073,829,wrong_amount_of_cash_received,jev-latest | 77 labels,
6c4655a7c29d,wrong_amount_of_cash_received,0.99,1043,829,wrong_amount_of_cash_received,jev-latest | 77 labels,
85b674865f8f,wrong_amount_of_cash_received,0.99,1043,829,wrong_amount_of_cash_received,jev-latest | 77 labels,
920ab57388eb,wrong_amount_of_cash_received,1.0,1040,829,wrong_amount_of_cash_received,jev-latest | 77 labels,
947f5e98b3b7,wrong_amount_of_cash_received,0.99,1077,829,wrong_amount_of_cash_received,jev-latest | 77 labels,
d97458d81f40,wrong_amount_of_cash_received,1.0,1086,829,wrong_amount_of_cash_received,jev-latest | 77 labels,
6cdd52c310d0,wrong_amount_of_cash_received,0.31,1038,830,pending_cash_withdrawal,jev-latest | 77 labels,
7f7ac8d33fb7,wrong_amount_of_cash_received,0.99,1042,829,wrong_amount_of_cash_received,jev-latest | 77 labels,
effac420a501,wrong_amount_of_cash_received,0.99,1042,829,wrong_amount_of_cash_received,jev-latest | 77 labels,
17e71508f13e,wrong_amount_of_cash_received,1.0,1042,829,wrong_amount_of_cash_received,jev-latest | 77 labels,
e987a63d9110,wrong_amount_of_cash_received,1.0,1060,829,wrong_amount_of_cash_received,jev-latest | 77 labels,
636d76173536,wrong_amount_of_cash_received,1.0,1043,829,wrong_amount_of_cash_received,jev-latest | 77 labels,
d72396a3b8a5,wrong_amount_of_cash_received,0.92,1036,831,declined_cash_withdrawal,jev-latest | 77 labels,
2d02dfc4a1c1,wrong_amount_of_cash_received,1.0,1041,829,wrong_amount_of_cash_received,jev-latest | 77 labels,
641b73f92424,wrong_amount_of_cash_received,1.0,1036,829,wrong_amount_of_cash_received,jev-latest | 77 labels,
5339f9577723,wrong_amount_of_cash_received,1.0,1041,829,wrong_amount_of_cash_received,jev-latest | 77 labels,
79371e175396,wrong_amount_of_cash_received,1.0,1036,829,wrong_amount_of_cash_received,jev-latest | 77 labels,
51ad326e37c3,wrong_amount_of_cash_received,1.0,1040,829,wrong_amount_of_cash_received,jev-latest | 77 labels,
7868fb832740,wrong_amount_of_cash_received,0.99,1049,829,wrong_amount_of_cash_received,jev-latest | 77 labels,
5d0b1ab69f54,wrong_amount_of_cash_received,0.97,1039,829,wrong_amount_of_cash_received,jev-latest | 77 labels,
e4aa102f7248,wrong_amount_of_cash_received,1.0,1039,829,wrong_amount_of_cash_received,jev-latest | 77 labels,
bbf4dbf243a7,wrong_amount_of_cash_received,0.74,1046,829,wrong_amount_of_cash_received,jev-latest | 77 labels,
6551bc84a4e3,wrong_amount_of_cash_received,1.0,1075,829,wrong_amount_of_cash_received,jev-latest | 77 labels,
6f50f86db7bf,wrong_amount_of_cash_received,1.0,1041,829,wrong_amount_of_cash_received,jev-latest | 77 labels,
8edc5d7cfc17,wrong_amount_of_cash_received,1.0,1052,829,wrong_amount_of_cash_received,jev-latest | 77 labels,
9b7b1958cb5b,wrong_amount_of_cash_received,0.99,1043,829,wrong_amount_of_cash_received,jev-latest | 77 labels,
fd1b68b32987,wrong_amount_of_cash_received,0.94,1035,829,wrong_amount_of_cash_received,jev-latest | 77 labels,
dfe5fe2ab0fa,wrong_amount_of_cash_received,1.0,1038,829,wrong_amount_of_cash_received,jev-latest | 77 labels,
a44ab0a44236,wrong_amount_of_cash_received,0.96,1049,829,wrong_amount_of_cash_received,jev-latest | 77 labels,
e16046eb58b8,wrong_amount_of_cash_received,1.0,1040,829,wrong_amount_of_cash_received,jev-latest | 77 labels,
f9cb03e0fc92,wrong_amount_of_cash_received,1.0,1046,829,wrong_amount_of_cash_received,jev-latest | 77 labels,
9b9391b3c63d,wrong_amount_of_cash_received,0.83,1040,831,declined_cash_withdrawal,jev-latest | 77 labels,
590ca01bb55f,wrong_amount_of_cash_received,0.99,1041,829,wrong_amount_of_cash_received,jev-latest | 77 labels,
9d4d0424a014,wrong_amount_of_cash_received,1.0,1037,829,wrong_amount_of_cash_received,jev-latest | 77 labels,
3528bdb33b8a,wrong_amount_of_cash_received,1.0,1036,829,wrong_amount_of_cash_received,jev-latest | 77 labels,
b9d8fb2b084f,wrong_amount_of_cash_received,1.0,1039,829,wrong_amount_of_cash_received,jev-latest | 77 labels,
da6eec5e7eb7,wrong_amount_of_cash_received,1.0,1066,829,wrong_amount_of_cash_received,jev-latest | 77 labels,
d7057972298e,wrong_amount_of_cash_received,0.38,1035,831,declined_cash_withdrawal,jev-latest | 77 labels,
f3aa2635a9df,wrong_amount_of_cash_received,0.92,1039,829,wrong_amount_of_cash_received,jev-latest | 77 labels,
c17dd429d206,wrong_amount_of_cash_received,1.0,1042,829,wrong_amount_of_cash_received,jev-latest | 77 labels,0.76
a8c46db5cf56,wrong_amount_of_cash_received,0.87,1048,829,wrong_amount_of_cash_received,jev-latest | 77 labels,
be5bd7c7ed55,wrong_amount_of_cash_received,1.0,1038,829,wrong_amount_of_cash_received,jev-latest | 77 labels,
0edd39af21fe,wrong_amount_of_cash_received,0.94,1039,829,wrong_amount_of_cash_received,jev-latest | 77 labels,
985b84b1c431,wrong_amount_of_cash_received,1.0,1086,829,wrong_amount_of_cash_received,jev-latest | 77 labels,
66738f3a8f4f,wrong_amount_of_cash_received,1.0,1074,829,wrong_amount_of_cash_received,jev-latest | 77 labels,
219e5d6e1b23,wrong_amount_of_cash_received,0.92,1051,829,wrong_amount_of_cash_received,jev-latest | 77 labels,
0bb0f42103a7,wrong_amount_of_cash_received,1.0,1046,829,wrong_amount_of_cash_received,jev-latest | 77 labels,
00a4e5b73a0b,wrong_amount_of_cash_received,1.0,1038,829,wrong_amount_of_cash_received,jev-latest | 77 labels,
a4681c5f79f8,wrong_amount_of_cash_received,1.0,1048,829,wrong_amount_of_cash_received,jev-latest | 77 labels,
2ac8ae1d0b15,wrong_amount_of_cash_received,0.97,1051,829,wrong_amount_of_cash_received,jev-latest | 77 labels,
00e58c5bf526,wrong_amount_of_cash_received,1.0,1071,829,wrong_amount_of_cash_received,jev-latest | 77 labels,
f12e1d220925,wrong_amount_of_cash_received,1.0,1037,829,wrong_amount_of_cash_received,jev-latest | 77 labels,
094704873dbc,wrong_amount_of_cash_received,0.94,1051,829,wrong_amount_of_cash_received,jev-latest | 77 labels,
0be8597ee257,wrong_amount_of_cash_received,0.91,1041,829,wrong_amount_of_cash_received,jev-latest | 77 labels,
6f38093e656f,wrong_amount_of_cash_received,1.0,1039,829,wrong_amount_of_cash_received,jev-latest | 77 labels,
452d86303e75,wrong_amount_of_cash_received,0.99,1037,829,wrong_amount_of_cash_received,jev-latest | 77 labels,
a636a648a7d7,wrong_amount_of_cash_received,1.0,1043,829,wrong_amount_of_cash_received,jev-latest | 77 labels,
5f915a8ff595,wrong_amount_of_cash_received,1.0,1045,829,wrong_amount_of_cash_received,jev-latest | 77 labels,
dba2c6481283,wrong_amount_of_cash_received,0.95,1040,829,wrong_amount_of_cash_received,jev-latest | 77 labels,
44942d5baaed,wrong_amount_of_cash_received,1.0,1041,829,wrong_amount_of_cash_received,jev-latest | 77 labels,
a2dc64c1f11e,wrong_amount_of_cash_received,1.0,1040,829,wrong_amount_of_cash_received,jev-latest | 77 labels,0.7
6d39a47030a1,wrong_amount_of_cash_received,0.97,1034,829,wrong_amount_of_cash_received,jev-latest | 77 labels,
0c32116ee667,wrong_amount_of_cash_received,1.0,1038,829,wrong_amount_of_cash_received,jev-latest | 77 labels,
b5af041d1faa,wrong_amount_of_cash_received,1.0,1053,829,wrong_amount_of_cash_received,jev-latest | 77 labels,
175625fb86e1,wrong_amount_of_cash_received,0.97,1045,829,wrong_amount_of_cash_received,jev-latest | 77 labels,
ffb0c7c6f4f1,wrong_amount_of_cash_received,1.0,1035,829,wrong_amount_of_cash_received,jev-latest | 77 labels,
4552cd92cf6e,wrong_amount_of_cash_received,1.0,1037,829,wrong_amount_of_cash_received,jev-latest | 77 labels,
cf69b16c1563,wrong_amount_of_cash_received,1.0,1046,829,wrong_amount_of_cash_received,jev-latest | 77 labels,
85a124547b94,wrong_amount_of_cash_received,1.0,1041,829,wrong_amount_of_cash_received,jev-latest | 77 labels,
12e3b9ca3c1c,wrong_amount_of_cash_received,1.0,1042,829,wrong_amount_of_cash_received,jev-latest | 77 labels,
3f8328c6491b,wrong_amount_of_cash_received,1.0,1042,829,wrong_amount_of_cash_received,jev-latest | 77 labels,
96d60841b9fa,wrong_amount_of_cash_received,0.79,1051,829,wrong_amount_of_cash_received,jev-latest | 77 labels,
f19ea4a82826,wrong_amount_of_cash_received,1.0,1061,829,wrong_amount_of_cash_received,jev-latest | 77 labels,0.69
b0ecafe33b1c,wrong_amount_of_cash_received,0.76,1065,829,wrong_amount_of_cash_received,jev-latest | 77 labels,0.65
23cf8eab664f,wrong_amount_of_cash_received,0.71,1035,829,wrong_amount_of_cash_received,jev-latest | 77 labels,
b5de7cdc0ebd,wrong_amount_of_cash_received,1.0,1042,829,wrong_amount_of_cash_received,jev-latest | 77 labels,
40c62c53b27f,wrong_amount_of_cash_received,1.0,1053,829,wrong_amount_of_cash_received,jev-latest | 77 labels,
4574c84bfee7,wrong_amount_of_cash_received,1.0,1047,829,wrong_amount_of_cash_received,jev-latest | 77 labels,
c752bc1d8c76,wrong_amount_of_cash_received,1.0,1062,829,wrong_amount_of_cash_received,jev-latest | 77 labels,
dd70ba431f7d,wrong_amount_of_cash_received,0.94,1051,829,wrong_amount_of_cash_received,jev-latest | 77 labels,
c06b9a804f97,wrong_amount_of_cash_received,1.0,1040,829,wrong_amount_of_cash_received,jev-latest | 77 labels,0.59
cb2a622bdcbf,wrong_amount_of_cash_received,0.63,1053,829,wrong_amount_of_cash_received,jev-latest | 77 labels,
8b711d8aaaab,wrong_amount_of_cash_received,1.0,1043,829,wrong_amount_of_cash_received,jev-latest | 77 labels,
b01d23ff8e36,wrong_amount_of_cash_received,0.98,1041,829,wrong_amount_of_cash_received,jev-latest | 77 labels,
327423ead4e4,wrong_amount_of_cash_received,1.0,1077,829,wrong_amount_of_cash_received,jev-latest | 77 labels,
256fea75bb5d,wrong_amount_of_cash_received,0.57,1082,830,pending_cash_withdrawal,jev-latest | 77 labels,
95be65c8effd,balance_not_updated_after_cheque_or_cash_deposit,,477,147,balance_not_updated_after_cheque_or_cash_deposit,gpt-5.6-luna | 77 labels,
67450afabf21,balance_not_updated_after_cheque_or_cash_deposit,,488,20,balance_not_updated_after_cheque_or_cash_deposit,gpt-5.6-luna | 77 labels,
fed9b568ae52,balance_not_updated_after_cheque_or_cash_deposit,,471,20,balance_not_updated_after_cheque_or_cash_deposit,gpt-5.6-luna | 77 labels,
e4b57397a236,balance_not_updated_after_cheque_or_cash_deposit,,474,106,balance_not_updated_after_cheque_or_cash_deposit,gpt-5.6-luna | 77 labels,
bd77634c8269,balance_not_updated_after_cheque_or_cash_deposit,,474,20,balance_not_updated_after_cheque_or_cash_deposit,gpt-5.6-luna | 77 labels,
c855eeb9c8ff,balance_not_updated_after_cheque_or_cash_deposit,,483,152,balance_not_updated_after_bank_transfer,gpt-5.6-luna | 77 labels,
c954629d0423,balance_not_updated_after_cheque_or_cash_deposit,,477,20,balance_not_updated_after_cheque_or_cash_deposit,gpt-5.6-luna | 77 labels,
aef1a86db550,balance_not_updated_after_cheque_or_cash_deposit,,479,99,balance_not_updated_after_cheque_or_cash_deposit,gpt-5.6-luna | 77 labels,
6f1e9c419377,balance_not_updated_after_cheque_or_cash_deposit,,482,20,balance_not_updated_after_cheque_or_cash_deposit,gpt-5.6-luna | 77 labels,
a5b9850912e7,balance_not_updated_after_cheque_or_cash_deposit,,483,167,balance_not_updated_after_cheque_or_cash_deposit,gpt-5.6-luna | 77 labels,
418382fb0b17,balance_not_updated_after_cheque_or_cash_deposit,,479,20,balance_not_updated_after_cheque_or_cash_deposit,gpt-5.6-luna | 77 labels,
9ea091f8fddb,balance_not_updated_after_cheque_or_cash_deposit,,469,85,balance_not_updated_after_cheque_or_cash_deposit,gpt-5.6-luna | 77 labels,
39dd2750a515,balance_not_updated_after_cheque_or_cash_deposit,,473,20,balance_not_updated_after_cheque_or_cash_deposit,gpt-5.6-luna | 77 labels,
77ead8e49b39,balance_not_updated_after_cheque_or_cash_deposit,,482,20,balance_not_updated_after_cheque_or_cash_deposit,gpt-5.6-luna | 77 labels,
f5e6a45159a0,balance_not_updated_after_cheque_or_cash_deposit,,479,47,balance_not_updated_after_cheque_or_cash_deposit,gpt-5.6-luna | 77 labels,
f5326572c7fb,balance_not_updated_after_cheque_or_cash_deposit,,475,48,balance_not_updated_after_cheque_or_cash_deposit,gpt-5.6-luna | 77 labels,
dfe54a7795f9,balance_not_updated_after_cheque_or_cash_deposit,,484,128,balance_not_updated_after_cheque_or_cash_deposit,gpt-5.6-luna | 77 labels,
5a156e22dca0,balance_not_updated_after_cheque_or_cash_deposit,,485,215,balance_not_updated_after_cheque_or_cash_deposit,gpt-5.6-luna | 77 labels,
e69ff0d2d89b,balance_not_updated_after_cheque_or_cash_deposit,,476,20,balance_not_updated_after_cheque_or_cash_deposit,gpt-5.6-luna | 77 labels,
fa38c3c9922e,balance_not_updated_after_cheque_or_cash_deposit,,474,20,balance_not_updated_after_cheque_or_cash_deposit,gpt-5.6-luna | 77 labels,
c1dc9c3d2f71,balance_not_updated_after_cheque_or_cash_deposit,,469,20,balance_not_updated_after_cheque_or_cash_deposit,gpt-5.6-luna | 77 labels,
e0ef032b24dd,balance_not_updated_after_cheque_or_cash_deposit,,477,20,balance_not_updated_after_cheque_or_cash_deposit,gpt-5.6-luna | 77 labels,
c80e960f9e6a,balance_not_updated_after_cheque_or_cash_deposit,,477,20,balance_not_updated_after_cheque_or_cash_deposit,gpt-5.6-luna | 77 labels,
251ebd12f09d,balance_not_updated_after_cheque_or_cash_deposit,,473,20,balance_not_updated_after_cheque_or_cash_deposit,gpt-5.6-luna | 77 labels,
002090f3d34e,balance_not_updated_after_cheque_or_cash_deposit,,476,20,balance_not_updated_after_cheque_or_cash_deposit,gpt-5.6-luna | 77 labels,
4584ee3536fc,balance_not_updated_after_cheque_or_cash_deposit,,467,96,balance_not_updated_after_cheque_or_cash_deposit,gpt-5.6-luna | 77 labels,
df6484a787da,balance_not_updated_after_cheque_or_cash_deposit,,476,20,balance_not_updated_after_cheque_or_cash_deposit,gpt-5.6-luna | 77 labels,
e1316813d938,balance_not_updated_after_cheque_or_cash_deposit,,479,20,balance_not_updated_after_cheque_or_cash_deposit,gpt-5.6-luna | 77 labels,
22a30739c509,balance_not_updated_after_cheque_or_cash_deposit,,471,20,balance_not_updated_after_cheque_or_cash_deposit,gpt-5.6-luna | 77 labels,
52a6c1f8650c,balance_not_updated_after_cheque_or_cash_deposit,,468,58,balance_not_updated_after_cheque_or_cash_deposit,gpt-5.6-luna | 77 labels,
cb129bbcb34e,balance_not_updated_after_cheque_or_cash_deposit,,473,20,balance_not_updated_after_cheque_or_cash_deposit,gpt-5.6-luna | 77 labels,
17096ec0f07a,balance_not_updated_after_cheque_or_cash_deposit,,488,20,balance_not_updated_after_cheque_or_cash_deposit,gpt-5.6-luna | 77 labels,
d210e8b47074,balance_not_updated_after_cheque_or_cash_deposit,,481,20,balance_not_updated_after_cheque_or_cash_deposit,gpt-5.6-luna | 77 labels,
4f2616e2616d,balance_not_updated_after_cheque_or_cash_deposit,,476,67,balance_not_updated_after_cheque_or_cash_deposit,gpt-5.6-luna | 77 labels,
eecba28975eb,balance_not_updated_after_cheque_or_cash_deposit,,476,20,balance_not_updated_after_cheque_or_cash_deposit,gpt-5.6-luna | 77 labels,
3e0fe7ecaf8d,balance_not_updated_after_cheque_or_cash_deposit,,475,20,balance_not_updated_after_cheque_or_cash_deposit,gpt-5.6-luna | 77 labels,
14c97e22aeea,balance_not_updated_after_cheque_or_cash_deposit,,472,43,balance_not_updated_after_cheque_or_cash_deposit,gpt-5.6-luna | 77 labels,
d4fb63f440ff,balance_not_updated_after_cheque_or_cash_deposit,,475,108,balance_not_updated_after_cheque_or_cash_deposit,gpt-5.6-luna | 77 labels,
9a9af8d91e86,balance_not_updated_after_cheque_or_cash_deposit,,474,20,balance_not_updated_after_cheque_or_cash_deposit,gpt-5.6-luna | 77 labels,
8fdf6ebba0c5,balance_not_updated_after_cheque_or_cash_deposit,,468,144,balance_not_updated_after_cheque_or_cash_deposit,gpt-5.6-luna | 77 labels,
47cd85ef7b7e,balance_not_updated_after_cheque_or_cash_deposit,,498,20,balance_not_updated_after_cheque_or_cash_deposit,gpt-5.6-luna | 77 labels,
ece79bf2c2b2,balance_not_updated_after_cheque_or_cash_deposit,,474,107,pending_top_up,gpt-5.6-luna | 77 labels,
82cd01deb6a3,balance_not_updated_after_cheque_or_cash_deposit,,472,20,balance_not_updated_after_cheque_or_cash_deposit,gpt-5.6-luna | 77 labels,
26fe6473dada,balance_not_updated_after_cheque_or_cash_deposit,,480,20,balance_not_updated_after_cheque_or_cash_deposit,gpt-5.6-luna | 77 labels,
55e80032c2b0,balance_not_updated_after_cheque_or_cash_deposit,,471,20,balance_not_updated_after_cheque_or_cash_deposit,gpt-5.6-luna | 77 labels,
952740e1e707,balance_not_updated_after_cheque_or_cash_deposit,,472,20,balance_not_updated_after_cheque_or_cash_deposit,gpt-5.6-luna | 77 labels,
7d26f507a249,balance_not_updated_after_cheque_or_cash_deposit,,486,20,balance_not_updated_after_cheque_or_cash_deposit,gpt-5.6-luna | 77 labels,
4368c0b86354,balance_not_updated_after_cheque_or_cash_deposit,,478,42,balance_not_updated_after_cheque_or_cash_deposit,gpt-5.6-luna | 77 labels,
8f22a794c2c4,balance_not_updated_after_cheque_or_cash_deposit,,478,20,balance_not_updated_after_cheque_or_cash_deposit,gpt-5.6-luna | 77 labels,
85105f7f693e,balance_not_updated_after_cheque_or_cash_deposit,,474,20,balance_not_updated_after_cheque_or_cash_deposit,gpt-5.6-luna | 77 labels,
65e51ce17e55,balance_not_updated_after_cheque_or_cash_deposit,,502,20,balance_not_updated_after_cheque_or_cash_deposit,gpt-5.6-luna | 77 labels,
301df4b21b46,balance_not_updated_after_cheque_or_cash_deposit,,473,116,balance_not_updated_after_cheque_or_cash_deposit,gpt-5.6-luna | 77 labels,
b3844f008d61,balance_not_updated_after_cheque_or_cash_deposit,,469,86,pending_top_up,gpt-5.6-luna | 77 labels,
9f6c1cb940f4,balance_not_updated_after_cheque_or_cash_deposit,,486,20,balance_not_updated_after_cheque_or_cash_deposit,gpt-5.6-luna | 77 labels,
5acc6434f067,balance_not_updated_after_cheque_or_cash_deposit,,475,20,balance_not_updated_after_cheque_or_cash_deposit,gpt-5.6-luna | 77 labels,
af6fb65fea38,balance_not_updated_after_cheque_or_cash_deposit,,492,20,balance_not_updated_after_cheque_or_cash_deposit,gpt-5.6-luna | 77 labels,
d124d3ef2071,balance_not_updated_after_cheque_or_cash_deposit,,475,20,balance_not_updated_after_cheque_or_cash_deposit,gpt-5.6-luna | 77 labels,
cb0efdeb51a4,balance_not_updated_after_cheque_or_cash_deposit,,473,20,balance_not_updated_after_cheque_or_cash_deposit,gpt-5.6-luna | 77 labels,
399d4960f50e,balance_not_updated_after_cheque_or_cash_deposit,,474,20,balance_not_updated_after_cheque_or_cash_deposit,gpt-5.6-luna | 77 labels,
49bac980ba6e,balance_not_updated_after_cheque_or_cash_deposit,,471,39,balance_not_updated_after_cheque_or_cash_deposit,gpt-5.6-luna | 77 labels,
49a8d0ae183b,balance_not_updated_after_cheque_or_cash_deposit,,474,20,balance_not_updated_after_cheque_or_cash_deposit,gpt-5.6-luna | 77 labels,
28147bb831de,balance_not_updated_after_cheque_or_cash_deposit,,470,53,balance_not_updated_after_cheque_or_cash_deposit,gpt-5.6-luna | 77 labels,
65a122f8d9b0,balance_not_updated_after_cheque_or_cash_deposit,,478,52,balance_not_updated_after_cheque_or_cash_deposit,gpt-5.6-luna | 77 labels,
b782a8ea70f9,balance_not_updated_after_cheque_or_cash_deposit,,477,20,balance_not_updated_after_cheque_or_cash_deposit,gpt-5.6-luna | 77 labels,
db0947fae072,balance_not_updated_after_cheque_or_cash_deposit,,475,20,balance_not_updated_after_cheque_or_cash_deposit,gpt-5.6-luna | 77 labels,
3930dd20c654,balance_not_updated_after_cheque_or_cash_deposit,,476,20,balance_not_updated_after_cheque_or_cash_deposit,gpt-5.6-luna | 77 labels,
a0d30db8850d,balance_not_updated_after_cheque_or_cash_deposit,,475,20,balance_not_updated_after_cheque_or_cash_deposit,gpt-5.6-luna | 77 labels,
d8cea0687560,balance_not_updated_after_cheque_or_cash_deposit,,469,44,balance_not_updated_after_cheque_or_cash_deposit,gpt-5.6-luna | 77 labels,
7f998f812f9c,balance_not_updated_after_cheque_or_cash_deposit,,499,20,balance_not_updated_after_cheque_or_cash_deposit,gpt-5.6-luna | 77 labels,
636695beb551,balance_not_updated_after_cheque_or_cash_deposit,,468,41,balance_not_updated_after_cheque_or_cash_deposit,gpt-5.6-luna | 77 labels,
ce3b26adcfa9,balance_not_updated_after_cheque_or_cash_deposit,,481,20,balance_not_updated_after_cheque_or_cash_deposit,gpt-5.6-luna | 77 labels,
894b8924558d,balance_not_updated_after_cheque_or_cash_deposit,,471,73,top_up_by_cash_or_cheque,gpt-5.6-luna | 77 labels,
a27cd3fb0ad3,balance_not_updated_after_cheque_or_cash_deposit,,471,20,balance_not_updated_after_cheque_or_cash_deposit,gpt-5.6-luna | 77 labels,
814051844108,balance_not_updated_after_cheque_or_cash_deposit,,470,20,balance_not_updated_after_cheque_or_cash_deposit,gpt-5.6-luna | 77 labels,
2887a3440881,balance_not_updated_after_cheque_or_cash_deposit,,478,20,balance_not_updated_after_cheque_or_cash_deposit,gpt-5.6-luna | 77 labels,
0572e89016e5,balance_not_updated_after_cheque_or_cash_deposit,,472,20,balance_not_updated_after_cheque_or_cash_deposit,gpt-5.6-luna | 77 labels,
74ecc573011c,balance_not_updated_after_cheque_or_cash_deposit,,478,20,balance_not_updated_after_cheque_or_cash_deposit,gpt-5.6-luna | 77 labels,
d0e5ae4f44d3,balance_not_updated_after_cheque_or_cash_deposit,,474,47,balance_not_updated_after_cheque_or_cash_deposit,gpt-5.6-luna | 77 labels,
fdb50a0760c8,balance_not_updated_after_cheque_or_cash_deposit,,480,53,balance_not_updated_after_cheque_or_cash_deposit,gpt-5.6-luna | 77 labels,
072f069025ee,balance_not_updated_after_cheque_or_cash_deposit,,471,20,balance_not_updated_after_cheque_or_cash_deposit,gpt-5.6-luna | 77 labels,
40127bd0e356,balance_not_updated_after_cheque_or_cash_deposit,,478,20,balance_not_updated_after_cheque_or_cash_deposit,gpt-5.6-luna | 77 labels,
78085a590232,balance_not_updated_after_cheque_or_cash_deposit,,470,119,balance_not_updated_after_cheque_or_cash_deposit,gpt-5.6-luna | 77 labels,
bd814c1b9aec,balance_not_updated_after_cheque_or_cash_deposit,,476,144,balance_not_updated_after_bank_transfer,gpt-5.6-luna | 77 labels,
ebba406bc5f7,balance_not_updated_after_cheque_or_cash_deposit,,480,20,balance_not_updated_after_cheque_or_cash_deposit,gpt-5.6-luna | 77 labels,
f3375be04def,balance_not_updated_after_cheque_or_cash_deposit,,474,79,balance_not_updated_after_cheque_or_cash_deposit,gpt-5.6-luna | 77 labels,
1bb1f2343edf,balance_not_updated_after_cheque_or_cash_deposit,,471,20,balance_not_updated_after_cheque_or_cash_deposit,gpt-5.6-luna | 77 labels,
95b23ce414e8,balance_not_updated_after_cheque_or_cash_deposit,,475,20,balance_not_updated_after_cheque_or_cash_deposit,gpt-5.6-luna | 77 labels,
d4a6ed135062,balance_not_updated_after_cheque_or_cash_deposit,,481,20,balance_not_updated_after_cheque_or_cash_deposit,gpt-5.6-luna | 77 labels,
2e55e3349671,balance_not_updated_after_cheque_or_cash_deposit,,482,20,balance_not_updated_after_cheque_or_cash_deposit,gpt-5.6-luna | 77 labels,
ebacef22877a,balance_not_updated_after_cheque_or_cash_deposit,,475,20,balance_not_updated_after_cheque_or_cash_deposit,gpt-5.6-luna | 77 labels,
5b6066d965f9,balance_not_updated_after_cheque_or_cash_deposit,,479,20,balance_not_updated_after_cheque_or_cash_deposit,gpt-5.6-luna | 77 labels,
4387cc717e6e,balance_not_updated_after_cheque_or_cash_deposit,,472,50,balance_not_updated_after_cheque_or_cash_deposit,gpt-5.6-luna | 77 labels,
bdd72b26e415,balance_not_updated_after_cheque_or_cash_deposit,,481,20,balance_not_updated_after_cheque_or_cash_deposit,gpt-5.6-luna | 77 labels,
9c2576fd9eeb,balance_not_updated_after_cheque_or_cash_deposit,,494,20,balance_not_updated_after_cheque_or_cash_deposit,gpt-5.6-luna | 77 labels,
ed87c4508666,balance_not_updated_after_cheque_or_cash_deposit,,488,20,balance_not_updated_after_cheque_or_cash_deposit,gpt-5.6-luna | 77 labels,
3c7c4669529f,balance_not_updated_after_cheque_or_cash_deposit,,475,49,balance_not_updated_after_cheque_or_cash_deposit,gpt-5.6-luna | 77 labels,
987f9f67f333,balance_not_updated_after_cheque_or_cash_deposit,,476,20,balance_not_updated_after_cheque_or_cash_deposit,gpt-5.6-luna | 77 labels,
f051ca99d8f4,balance_not_updated_after_cheque_or_cash_deposit,,485,20,balance_not_updated_after_cheque_or_cash_deposit,gpt-5.6-luna | 77 labels,
51d1318b7dd4,balance_not_updated_after_cheque_or_cash_deposit,,476,40,balance_not_updated_after_cheque_or_cash_deposit,gpt-5.6-luna | 77 labels,
04e1aca26658,balance_not_updated_after_cheque_or_cash_deposit,,476,20,balance_not_updated_after_cheque_or_cash_deposit,gpt-5.6-luna | 77 labels,
d96d7310c0be,balance_not_updated_after_cheque_or_cash_deposit,,493,20,balance_not_updated_after_cheque_or_cash_deposit,gpt-5.6-luna | 77 labels,
d8952e0ce426,balance_not_updated_after_cheque_or_cash_deposit,,469,82,balance_not_updated_after_cheque_or_cash_deposit,gpt-5.6-luna | 77 labels,
093d52dea9ec,balance_not_updated_after_cheque_or_cash_deposit,,482,124,balance_not_updated_after_cheque_or_cash_deposit,gpt-5.6-luna | 77 labels,
b19996c46e62,balance_not_updated_after_cheque_or_cash_deposit,,486,48,balance_not_updated_after_cheque_or_cash_deposit,gpt-5.6-luna | 77 labels,
f8daf182d849,balance_not_updated_after_cheque_or_cash_deposit,,470,20,balance_not_updated_after_cheque_or_cash_deposit,gpt-5.6-luna | 77 labels,
1bc9a34ff066,balance_not_updated_after_cheque_or_cash_deposit,,476,151,balance_not_updated_after_cheque_or_cash_deposit,gpt-5.6-luna | 77 labels,
b587fec2d656,balance_not_updated_after_cheque_or_cash_deposit,,484,80,balance_not_updated_after_cheque_or_cash_deposit,gpt-5.6-luna | 77 labels,
ecf8648dea9b,balance_not_updated_after_cheque_or_cash_deposit,,472,131,balance_not_updated_after_cheque_or_cash_deposit,gpt-5.6-luna | 77 labels,
166c4a2d3d52,balance_not_updated_after_cheque_or_cash_deposit,,472,20,balance_not_updated_after_cheque_or_cash_deposit,gpt-5.6-luna | 77 labels,
b3c76e9119f3,balance_not_updated_after_cheque_or_cash_deposit,,472,156,balance_not_updated_after_cheque_or_cash_deposit,gpt-5.6-luna | 77 labels,
7c062606f053,balance_not_updated_after_cheque_or_cash_deposit,,482,20,balance_not_updated_after_cheque_or_cash_deposit,gpt-5.6-luna | 77 labels,
4be79e4b17b1,balance_not_updated_after_cheque_or_cash_deposit,,482,20,balance_not_updated_after_cheque_or_cash_deposit,gpt-5.6-luna | 77 labels,
51af004e71e3,balance_not_updated_after_cheque_or_cash_deposit,,474,20,balance_not_updated_after_cheque_or_cash_deposit,gpt-5.6-luna | 77 labels,
1f73391bc5c0,balance_not_updated_after_cheque_or_cash_deposit,,473,70,balance_not_updated_after_cheque_or_cash_deposit,gpt-5.6-luna | 77 labels,
8a98076cc875,balance_not_updated_after_cheque_or_cash_deposit,,476,20,balance_not_updated_after_cheque_or_cash_deposit,gpt-5.6-luna | 77 labels,
496864e7a215,balance_not_updated_after_cheque_or_cash_deposit,,486,20,balance_not_updated_after_cheque_or_cash_deposit,gpt-5.6-luna | 77 labels,
481f02d8681e,balance_not_updated_after_cheque_or_cash_deposit,,478,20,balance_not_updated_after_cheque_or_cash_deposit,gpt-5.6-luna | 77 labels,
bd79ff64526a,balance_not_updated_after_cheque_or_cash_deposit,,490,20,balance_not_updated_after_cheque_or_cash_deposit,gpt-5.6-luna | 77 labels,
8a61586157c8,balance_not_updated_after_cheque_or_cash_deposit,,476,20,balance_not_updated_after_cheque_or_cash_deposit,gpt-5.6-luna | 77 labels,
bb167937a5c0,balance_not_updated_after_cheque_or_cash_deposit,,489,20,balance_not_updated_after_cheque_or_cash_deposit,gpt-5.6-luna | 77 labels,
26cb273bad33,balance_not_updated_after_cheque_or_cash_deposit,,478,203,balance_not_updated_after_bank_transfer,gpt-5.6-luna | 77 labels,
cbc63b69fd72,balance_not_updated_after_cheque_or_cash_deposit,,475,20,balance_not_updated_after_cheque_or_cash_deposit,gpt-5.6-luna | 77 labels,
b9e70d777e2b,balance_not_updated_after_cheque_or_cash_deposit,,479,20,balance_not_updated_after_cheque_or_cash_deposit,gpt-5.6-luna | 77 labels,
50d0a4b4d7cd,balance_not_updated_after_cheque_or_cash_deposit,,470,20,balance_not_updated_after_cheque_or_cash_deposit,gpt-5.6-luna | 77 labels,
bc290ec1cc19,balance_not_updated_after_cheque_or_cash_deposit,,486,20,balance_not_updated_after_cheque_or_cash_deposit,gpt-5.6-luna | 77 labels,
1f566e446fa3,balance_not_updated_after_cheque_or_cash_deposit,,476,44,balance_not_updated_after_cheque_or_cash_deposit,gpt-5.6-luna | 77 labels,
7bc7a64c6d23,balance_not_updated_after_cheque_or_cash_deposit,,473,187,balance_not_updated_after_cheque_or_cash_deposit,gpt-5.6-luna | 77 labels,
d1376f431d08,balance_not_updated_after_cheque_or_cash_deposit,,505,20,balance_not_updated_after_cheque_or_cash_deposit,gpt-5.6-luna | 77 labels,
28d914fa0743,balance_not_updated_after_cheque_or_cash_deposit,,481,20,balance_not_updated_after_cheque_or_cash_deposit,gpt-5.6-luna | 77 labels,
7f634253c083,balance_not_updated_after_cheque_or_cash_deposit,,474,20,balance_not_updated_after_cheque_or_cash_deposit,gpt-5.6-luna | 77 labels,
ec59c7348f1c,balance_not_updated_after_cheque_or_cash_deposit,,473,20,balance_not_updated_after_cheque_or_cash_deposit,gpt-5.6-luna | 77 labels,
af1361efc404,balance_not_updated_after_cheque_or_cash_deposit,,483,20,balance_not_updated_after_cheque_or_cash_deposit,gpt-5.6-luna | 77 labels,
e927202e889a,balance_not_updated_after_cheque_or_cash_deposit,,479,20,balance_not_updated_after_cheque_or_cash_deposit,gpt-5.6-luna | 77 labels,
4cd7476b0cbc,balance_not_updated_after_cheque_or_cash_deposit,,474,20,balance_not_updated_after_cheque_or_cash_deposit,gpt-5.6-luna | 77 labels,
40434d31ea22,balance_not_updated_after_cheque_or_cash_deposit,,478,20,balance_not_updated_after_cheque_or_cash_deposit,gpt-5.6-luna | 77 labels,
1d24f5be922f,balance_not_updated_after_cheque_or_cash_deposit,,469,175,balance_not_updated_after_cheque_or_cash_deposit,gpt-5.6-luna | 77 labels,
0e0119a7c2b5,balance_not_updated_after_cheque_or_cash_deposit,,473,20,balance_not_updated_after_cheque_or_cash_deposit,gpt-5.6-luna | 77 labels,
59a0b4f528b7,balance_not_updated_after_cheque_or_cash_deposit,,486,20,balance_not_updated_after_cheque_or_cash_deposit,gpt-5.6-luna | 77 labels,
dc5242dcd122,balance_not_updated_after_cheque_or_cash_deposit,,483,41,balance_not_updated_after_cheque_or_cash_deposit,gpt-5.6-luna | 77 labels,
2cf613302b11,balance_not_updated_after_cheque_or_cash_deposit,,498,20,balance_not_updated_after_cheque_or_cash_deposit,gpt-5.6-luna | 77 labels,
ae783710b476,balance_not_updated_after_cheque_or_cash_deposit,,484,134,balance_not_updated_after_bank_transfer,gpt-5.6-luna | 77 labels,
0161f32a3406,balance_not_updated_after_cheque_or_cash_deposit,,476,20,balance_not_updated_after_cheque_or_cash_deposit,gpt-5.6-luna | 77 labels,
54310e68d9d1,balance_not_updated_after_cheque_or_cash_deposit,,477,59,balance_not_updated_after_cheque_or_cash_deposit,gpt-5.6-luna | 77 labels,
65cf2b101eab,card_payment_fee_charged,,498,16,card_payment_fee_charged,gpt-5.6-luna | 77 labels,
65c97862d61e,card_payment_fee_charged,,490,58,card_payment_fee_charged,gpt-5.6-luna | 77 labels,
94b11ebb486d,card_payment_fee_charged,,497,173,card_payment_fee_charged,gpt-5.6-luna | 77 labels,
763ac196217b,card_payment_fee_charged,,507,124,extra_charge_on_statement,gpt-5.6-luna | 77 labels,
710c22b8da59,card_payment_fee_charged,,474,42,card_payment_fee_charged,gpt-5.6-luna | 77 labels,
c8792e26f794,card_payment_fee_charged,,475,16,card_payment_fee_charged,gpt-5.6-luna | 77 labels,
d7a0033fefe5,card_payment_fee_charged,,486,49,card_payment_fee_charged,gpt-5.6-luna | 77 labels,
b2449bd3a2bc,card_payment_fee_charged,,473,16,card_payment_fee_charged,gpt-5.6-luna | 77 labels,
03b07ff07bd4,card_payment_fee_charged,,486,16,card_payment_fee_charged,gpt-5.6-luna | 77 labels,
5eb7c3bd0389,card_payment_fee_charged,,474,16,card_payment_fee_charged,gpt-5.6-luna | 77 labels,
9bafcbe8de84,card_payment_fee_charged,,468,89,extra_charge_on_statement,gpt-5.6-luna | 77 labels,
88aeddf68f38,card_payment_fee_charged,,472,181,cash_withdrawal_charge,gpt-5.6-luna | 77 labels,
e5a4236fab1c,card_payment_fee_charged,,473,124,card_payment_fee_charged,gpt-5.6-luna | 77 labels,
9f52f9c9e888,card_payment_fee_charged,,476,16,card_payment_fee_charged,gpt-5.6-luna | 77 labels,
7cdcfae7e45b,card_payment_fee_charged,,477,16,card_payment_fee_charged,gpt-5.6-luna | 77 labels,
3fc55a877756,card_payment_fee_charged,,500,63,card_payment_fee_charged,gpt-5.6-luna | 77 labels,
27a435d9f263,card_payment_fee_charged,,474,16,card_payment_fee_charged,gpt-5.6-luna | 77 labels,
35411c84f4c9,card_payment_fee_charged,,471,54,card_payment_fee_charged,gpt-5.6-luna | 77 labels,
e831ac0c5a32,card_payment_fee_charged,,473,16,card_payment_fee_charged,gpt-5.6-luna | 77 labels,
61562dcf9fba,card_payment_fee_charged,,479,51,card_payment_fee_charged,gpt-5.6-luna | 77 labels,
9254e5c2a7f2,card_payment_fee_charged,,476,16,card_payment_fee_charged,gpt-5.6-luna | 77 labels,
10e455f288c0,card_payment_fee_charged,,475,16,card_payment_fee_charged,gpt-5.6-luna | 77 labels,
e3bb37a33dc7,card_payment_fee_charged,,473,16,card_payment_fee_charged,gpt-5.6-luna | 77 labels,
3820e0f4606f,card_payment_fee_charged,,469,74,extra_charge_on_statement,gpt-5.6-luna | 77 labels,
777c8e200fe7,card_payment_fee_charged,,471,16,card_payment_fee_charged,gpt-5.6-luna | 77 labels,
57f20aa4ef78,card_payment_fee_charged,,470,105,card_payment_fee_charged,gpt-5.6-luna | 77 labels,
043010aa0e41,card_payment_fee_charged,,474,55,card_payment_fee_charged,gpt-5.6-luna | 77 labels,
d9a1cebae71e,card_payment_fee_charged,,470,135,card_payment_fee_charged,gpt-5.6-luna | 77 labels,
3a1e540463dd,card_payment_fee_charged,,475,16,card_payment_fee_charged,gpt-5.6-luna | 77 labels,
565b1fb9b38c,card_payment_fee_charged,,475,16,card_payment_fee_charged,gpt-5.6-luna | 77 labels,
2599a59693b5,card_payment_fee_charged,,506,16,card_payment_fee_charged,gpt-5.6-luna | 77 labels,
00b4e435457f,card_payment_fee_charged,,475,16,card_payment_fee_charged,gpt-5.6-luna | 77 labels,
51103ed7c5ad,card_payment_fee_charged,,479,16,card_payment_fee_charged,gpt-5.6-luna | 77 labels,
0524a0ffd3ca,card_payment_fee_charged,,478,16,card_payment_fee_charged,gpt-5.6-luna | 77 labels,
43e04ce30290,card_payment_fee_charged,,472,16,card_payment_fee_charged,gpt-5.6-luna | 77 labels,
b315778843d5,card_payment_fee_charged,,470,256,card_payment_fee_charged,gpt-5.6-luna | 77 labels,
b3645f7acb96,card_payment_fee_charged,,470,57,card_payment_fee_charged,gpt-5.6-luna | 77 labels,
b3b8de347c8d,card_payment_fee_charged,,474,52,card_payment_fee_charged,gpt-5.6-luna | 77 labels,
5ae930a34c0c,card_payment_fee_charged,,471,65,card_payment_fee_charged,gpt-5.6-luna | 77 labels,
95804d8227d8,card_payment_fee_charged,,476,16,card_payment_fee_charged,gpt-5.6-luna | 77 labels,
dc01017d0238,card_payment_fee_charged,,476,15,top_up_by_card_charge,gpt-5.6-luna | 77 labels,
687db3f9e72a,card_payment_fee_charged,,478,145,card_payment_fee_charged,gpt-5.6-luna | 77 labels,
1a31eb175530,card_payment_fee_charged,,492,49,card_payment_fee_charged,gpt-5.6-luna | 77 labels,
9cef224c73af,card_payment_fee_charged,,476,37,card_payment_fee_charged,gpt-5.6-luna | 77 labels,
11b048a5fd1c,card_payment_fee_charged,,473,51,card_payment_fee_charged,gpt-5.6-luna | 77 labels,
c538f8717736,card_payment_fee_charged,,500,16,card_payment_fee_charged,gpt-5.6-luna | 77 labels,
469eab5c582c,card_payment_fee_charged,,477,56,card_payment_fee_charged,gpt-5.6-luna | 77 labels,
12536c4239a5,card_payment_fee_charged,,476,61,card_payment_fee_charged,gpt-5.6-luna | 77 labels,
d2b9e7f9cf49,card_payment_fee_charged,,470,16,card_payment_fee_charged,gpt-5.6-luna | 77 labels,
0b0f4644a417,card_payment_fee_charged,,471,123,extra_charge_on_statement,gpt-5.6-luna | 77 labels,
04cffa9dbed1,card_payment_fee_charged,,494,124,extra_charge_on_statement,gpt-5.6-luna | 77 labels,
b8373d71e3f5,card_payment_fee_charged,,474,16,card_payment_fee_charged,gpt-5.6-luna | 77 labels,
35ff2b11bd0d,card_payment_fee_charged,,474,16,card_payment_fee_charged,gpt-5.6-luna | 77 labels,
be5cbb2a9124,card_payment_fee_charged,,475,16,card_payment_fee_charged,gpt-5.6-luna | 77 labels,
8e7c8ff74f34,card_payment_fee_charged,,472,55,card_payment_fee_charged,gpt-5.6-luna | 77 labels,
fe6115f05caa,card_payment_fee_charged,,475,16,card_payment_fee_charged,gpt-5.6-luna | 77 labels,
e0e71cc11fe9,card_payment_fee_charged,,471,61,card_payment_fee_charged,gpt-5.6-luna | 77 labels,
e295a923a082,card_payment_fee_charged,,514,34,exchange_charge,gpt-5.6-luna | 77 labels,
04bb45de17e8,card_payment_fee_charged,,476,16,card_payment_fee_charged,gpt-5.6-luna | 77 labels,
284d18c53eee,card_payment_fee_charged,,473,16,card_payment_fee_charged,gpt-5.6-luna | 77 labels,
920ab62a538b,card_payment_fee_charged,,480,57,card_payment_fee_charged,gpt-5.6-luna | 77 labels,
46d7a17ec160,card_payment_fee_charged,,474,16,card_payment_fee_charged,gpt-5.6-luna | 77 labels,
288ff9d71f05,card_payment_fee_charged,,472,16,card_payment_fee_charged,gpt-5.6-luna | 77 labels,
43446c51adbc,card_payment_fee_charged,,474,75,extra_charge_on_statement,gpt-5.6-luna | 77 labels,
5d8d11d61fbb,card_payment_fee_charged,,471,16,card_payment_fee_charged,gpt-5.6-luna | 77 labels,
1b3860352a64,card_payment_fee_charged,,477,60,card_payment_fee_charged,gpt-5.6-luna | 77 labels,
6f0ccdf86ada,card_payment_fee_charged,,477,103,extra_charge_on_statement,gpt-5.6-luna | 77 labels,
242f22eeaf88,card_payment_fee_charged,,473,16,card_payment_fee_charged,gpt-5.6-luna | 77 labels,
abd2878820fb,card_payment_fee_charged,,473,16,card_payment_fee_charged,gpt-5.6-luna | 77 labels,
0ca8386ddb27,card_payment_fee_charged,,474,16,card_payment_fee_charged,gpt-5.6-luna | 77 labels,
591f3739307b,card_payment_fee_charged,,475,16,card_payment_fee_charged,gpt-5.6-luna | 77 labels,
f5da9fb8577d,card_payment_fee_charged,,478,16,card_payment_fee_charged,gpt-5.6-luna | 77 labels,
89b8507c2350,card_payment_fee_charged,,474,69,extra_charge_on_statement,gpt-5.6-luna | 77 labels,
b8d8491edd12,card_payment_fee_charged,,474,16,card_payment_fee_charged,gpt-5.6-luna | 77 labels,
e1679e329977,card_payment_fee_charged,,475,71,card_payment_fee_charged,gpt-5.6-luna | 77 labels,
503f62ca627b,card_payment_fee_charged,,491,83,card_payment_fee_charged,gpt-5.6-luna | 77 labels,
5dd22d72d88a,card_payment_fee_charged,,477,16,card_payment_fee_charged,gpt-5.6-luna | 77 labels,
b1d51218991d,card_payment_fee_charged,,476,62,card_payment_fee_charged,gpt-5.6-luna | 77 labels,
3c690abe2ece,card_payment_fee_charged,,474,16,card_payment_fee_charged,gpt-5.6-luna | 77 labels,
8a83261e5fc6,card_payment_fee_charged,,474,16,card_payment_fee_charged,gpt-5.6-luna | 77 labels,
003b03712ccf,card_payment_fee_charged,,475,16,card_payment_fee_charged,gpt-5.6-luna | 77 labels,
ff415561344f,card_payment_fee_charged,,472,16,card_payment_fee_charged,gpt-5.6-luna | 77 labels,
ae7cbc977771,card_payment_fee_charged,,478,56,card_payment_fee_charged,gpt-5.6-luna | 77 labels,
50d38aba9c7e,card_payment_fee_charged,,473,16,card_payment_fee_charged,gpt-5.6-luna | 77 labels,
2740cfb47783,card_payment_fee_charged,,478,16,card_payment_fee_charged,gpt-5.6-luna | 77 labels,
a0cb8ce7a3be,card_payment_fee_charged,,478,72,card_payment_fee_charged,gpt-5.6-luna | 77 labels,
08d2cfa96795,card_payment_fee_charged,,472,16,card_payment_fee_charged,gpt-5.6-luna | 77 labels,
7786520ee794,card_payment_fee_charged,,507,197,card_payment_fee_charged,gpt-5.6-luna | 77 labels,
5c34551de9cb,card_payment_fee_charged,,470,128,extra_charge_on_statement,gpt-5.6-luna | 77 labels,
1b464852f773,card_payment_fee_charged,,478,78,card_payment_fee_charged,gpt-5.6-luna | 77 labels,
0d3467dc3638,card_payment_fee_charged,,481,16,card_payment_fee_charged,gpt-5.6-luna | 77 labels,
484afb5a86e1,card_payment_fee_charged,,473,54,card_payment_fee_charged,gpt-5.6-luna | 77 labels,
bd7fba6b6718,card_payment_fee_charged,,486,123,card_payment_fee_charged,gpt-5.6-luna | 77 labels,
508342241005,card_payment_fee_charged,,496,95,card_payment_fee_charged,gpt-5.6-luna | 77 labels,
7e0f0aecca2f,card_payment_fee_charged,,476,16,card_payment_fee_charged,gpt-5.6-luna | 77 labels,
73b99556dad1,card_payment_fee_charged,,473,16,card_payment_fee_charged,gpt-5.6-luna | 77 labels,
dae90d928991,card_payment_fee_charged,,470,62,card_payment_fee_charged,gpt-5.6-luna | 77 labels,
4ac61ef59f81,card_payment_fee_charged,,475,74,card_payment_fee_charged,gpt-5.6-luna | 77 labels,
130935f40d7b,card_payment_fee_charged,,503,159,exchange_charge,gpt-5.6-luna | 77 labels,
dcb81697ccba,card_payment_fee_charged,,474,78,card_payment_fee_charged,gpt-5.6-luna | 77 labels,
287d0a57b8ec,card_payment_fee_charged,,475,16,card_payment_fee_charged,gpt-5.6-luna | 77 labels,
6949007f495c,card_payment_fee_charged,,478,16,card_payment_fee_charged,gpt-5.6-luna | 77 labels,
33b1032fea08,card_payment_fee_charged,,473,16,card_payment_fee_charged,gpt-5.6-luna | 77 labels,
93c3ef0c4817,card_payment_fee_charged,,475,53,card_payment_fee_charged,gpt-5.6-luna | 77 labels,
17a527702080,card_payment_fee_charged,,481,16,card_payment_fee_charged,gpt-5.6-luna | 77 labels,
cce28dc7d593,card_payment_fee_charged,,474,16,card_payment_fee_charged,gpt-5.6-luna | 77 labels,
669cc763fcf8,card_payment_fee_charged,,474,16,card_payment_fee_charged,gpt-5.6-luna | 77 labels,
57f8b1259f8d,card_payment_fee_charged,,474,66,card_payment_fee_charged,gpt-5.6-luna | 77 labels,
8921c0c207f6,card_payment_fee_charged,,484,55,card_payment_fee_charged,gpt-5.6-luna | 77 labels,
278a2bbde7aa,card_payment_fee_charged,,482,16,card_payment_fee_charged,gpt-5.6-luna | 77 labels,
43298b9e3efa,card_payment_fee_charged,,477,16,card_payment_fee_charged,gpt-5.6-luna | 77 labels,
a412fc92adb6,card_payment_fee_charged,,476,16,card_payment_fee_charged,gpt-5.6-luna | 77 labels,
a9e75aabe8f1,card_payment_fee_charged,,470,16,card_payment_fee_charged,gpt-5.6-luna | 77 labels,
ba53913d1150,card_payment_fee_charged,,472,16,card_payment_fee_charged,gpt-5.6-luna | 77 labels,
6810834acd1e,card_payment_fee_charged,,486,38,card_payment_fee_charged,gpt-5.6-luna | 77 labels,
d660c4e2c624,card_payment_fee_charged,,472,16,card_payment_fee_charged,gpt-5.6-luna | 77 labels,
79ab4c8029a5,card_payment_fee_charged,,474,16,card_payment_fee_charged,gpt-5.6-luna | 77 labels,
7d2a1cd6d5cc,card_payment_fee_charged,,477,16,card_payment_fee_charged,gpt-5.6-luna | 77 labels,
7792ac0524f4,card_payment_fee_charged,,486,16,card_payment_fee_charged,gpt-5.6-luna | 77 labels,
a114627c7f9d,card_payment_fee_charged,,473,49,card_payment_fee_charged,gpt-5.6-luna | 77 labels,
15b4e5ac7f93,card_payment_fee_charged,,474,16,card_payment_fee_charged,gpt-5.6-luna | 77 labels,
4aa428846016,card_payment_fee_charged,,480,160,extra_charge_on_statement,gpt-5.6-luna | 77 labels,
34c126190f15,card_payment_fee_charged,,477,212,extra_charge_on_statement,gpt-5.6-luna | 77 labels,
0e53bc950287,card_payment_fee_charged,,489,171,card_payment_fee_charged,gpt-5.6-luna | 77 labels,
c0ea68022ef9,card_payment_fee_charged,,474,16,card_payment_fee_charged,gpt-5.6-luna | 77 labels,
6a36fe314816,card_payment_fee_charged,,471,16,card_payment_fee_charged,gpt-5.6-luna | 77 labels,
4e92a77b05a7,card_payment_fee_charged,,479,131,extra_charge_on_statement,gpt-5.6-luna | 77 labels,
1d28838909e3,card_payment_fee_charged,,474,16,card_payment_fee_charged,gpt-5.6-luna | 77 labels,
21b49738e57a,card_payment_fee_charged,,483,116,card_payment_fee_charged,gpt-5.6-luna | 77 labels,
e2d00ba2a606,card_payment_fee_charged,,487,73,card_payment_fee_charged,gpt-5.6-luna | 77 labels,
0babeadb24b8,card_payment_fee_charged,,471,16,card_payment_fee_charged,gpt-5.6-luna | 77 labels,
e6d5859cc2ca,card_payment_fee_charged,,484,124,extra_charge_on_statement,gpt-5.6-luna | 77 labels,
7aaa652cd052,card_payment_fee_charged,,475,121,card_payment_fee_charged,gpt-5.6-luna | 77 labels,
a70b8d7407c9,card_payment_fee_charged,,493,387,disposable_card_limits,gpt-5.6-luna | 77 labels,
960476cb6d39,card_payment_fee_charged,,472,50,card_payment_fee_charged,gpt-5.6-luna | 77 labels,
9bb2a8648768,card_payment_fee_charged,,480,16,card_payment_fee_charged,gpt-5.6-luna | 77 labels,
75604059e4ca,card_payment_fee_charged,,470,179,card_payment_fee_charged,gpt-5.6-luna | 77 labels,
ed7072749114,card_payment_fee_charged,,483,64,card_payment_fee_charged,gpt-5.6-luna | 77 labels,
4b6dad389446,card_payment_fee_charged,,475,67,card_payment_fee_charged,gpt-5.6-luna | 77 labels,
6110b27cf525,card_payment_fee_charged,,498,190,card_payment_fee_charged,gpt-5.6-luna | 77 labels,
44583cd46a7c,card_payment_fee_charged,,472,16,card_payment_fee_charged,gpt-5.6-luna | 77 labels,
23f594dee6c7,card_payment_fee_charged,,471,16,card_payment_fee_charged,gpt-5.6-luna | 77 labels,
6d4f5bba874f,card_payment_fee_charged,,478,16,card_payment_fee_charged,gpt-5.6-luna | 77 labels,
339db78bd8f0,cash_withdrawal_charge,,476,15,cash_withdrawal_charge,gpt-5.6-luna | 77 labels,
d140ca72e293,cash_withdrawal_charge,,471,15,cash_withdrawal_charge,gpt-5.6-luna | 77 labels,
bb241a0b5fa0,cash_withdrawal_charge,,472,15,cash_withdrawal_charge,gpt-5.6-luna | 77 labels,
b2a9c2f1ad05,cash_withdrawal_charge,,472,15,cash_withdrawal_charge,gpt-5.6-luna | 77 labels,
97b51b07e9ef,cash_withdrawal_charge,,475,15,cash_withdrawal_charge,gpt-5.6-luna | 77 labels,
85623395b3d4,cash_withdrawal_charge,,474,15,cash_withdrawal_charge,gpt-5.6-luna | 77 labels,
8d825e4d4ccc,cash_withdrawal_charge,,476,15,cash_withdrawal_charge,gpt-5.6-luna | 77 labels,
f67d81cd129c,cash_withdrawal_charge,,472,15,cash_withdrawal_charge,gpt-5.6-luna | 77 labels,
78991fec5e72,cash_withdrawal_charge,,481,35,cash_withdrawal_charge,gpt-5.6-luna | 77 labels,
95497968ae1b,cash_withdrawal_charge,,472,15,cash_withdrawal_charge,gpt-5.6-luna | 77 labels,
36d35c4e13f0,cash_withdrawal_charge,,472,15,cash_withdrawal_charge,gpt-5.6-luna | 77 labels,
d3a4dad83ec6,cash_withdrawal_charge,,475,54,cash_withdrawal_charge,gpt-5.6-luna | 77 labels,
6198a0c44d66,cash_withdrawal_charge,,475,15,cash_withdrawal_charge,gpt-5.6-luna | 77 labels,
5d239c2ac43b,cash_withdrawal_charge,,499,15,cash_withdrawal_charge,gpt-5.6-luna | 77 labels,
254add460686,cash_withdrawal_charge,,472,15,cash_withdrawal_charge,gpt-5.6-luna | 77 labels,
e13dbbc7d92f,cash_withdrawal_charge,,493,15,cash_withdrawal_charge,gpt-5.6-luna | 77 labels,
9943c702363c,cash_withdrawal_charge,,474,15,cash_withdrawal_charge,gpt-5.6-luna | 77 labels,
ba006e82d9a6,cash_withdrawal_charge,,472,15,cash_withdrawal_charge,gpt-5.6-luna | 77 labels,
6ac49489576f,cash_withdrawal_charge,,503,28,cash_withdrawal_charge,gpt-5.6-luna | 77 labels,
a24c525e3bae,cash_withdrawal_charge,,470,15,cash_withdrawal_charge,gpt-5.6-luna | 77 labels,
2898104223f9,cash_withdrawal_charge,,486,15,cash_withdrawal_charge,gpt-5.6-luna | 77 labels,
ddb65165dc57,cash_withdrawal_charge,,475,15,cash_withdrawal_charge,gpt-5.6-luna | 77 labels,
6aed717b870c,cash_withdrawal_charge,,473,15,cash_withdrawal_charge,gpt-5.6-luna | 77 labels,
5903a0e9419b,cash_withdrawal_charge,,501,15,cash_withdrawal_charge,gpt-5.6-luna | 77 labels,
f9f4180063d3,cash_withdrawal_charge,,472,15,cash_withdrawal_charge,gpt-5.6-luna | 77 labels,
43639ec12730,cash_withdrawal_charge,,494,15,cash_withdrawal_charge,gpt-5.6-luna | 77 labels,
21892dac9434,cash_withdrawal_charge,,471,15,cash_withdrawal_charge,gpt-5.6-luna | 77 labels,
09c866c4beb7,cash_withdrawal_charge,,493,15,cash_withdrawal_charge,gpt-5.6-luna | 77 labels,
60e3b74a8ac3,cash_withdrawal_charge,,496,15,cash_withdrawal_charge,gpt-5.6-luna | 77 labels,
8b4edbcbff35,cash_withdrawal_charge,,489,15,cash_withdrawal_charge,gpt-5.6-luna | 77 labels,
329ea4d82595,cash_withdrawal_charge,,473,15,cash_withdrawal_charge,gpt-5.6-luna | 77 labels,
58559e6423a1,cash_withdrawal_charge,,480,15,cash_withdrawal_charge,gpt-5.6-luna | 77 labels,
2ec69fccc2f0,cash_withdrawal_charge,,482,15,cash_withdrawal_charge,gpt-5.6-luna | 77 labels,
2e6b932f4847,cash_withdrawal_charge,,477,15,cash_withdrawal_charge,gpt-5.6-luna | 77 labels,
49c21c7e4530,cash_withdrawal_charge,,479,15,cash_withdrawal_charge,gpt-5.6-luna | 77 labels,
d5c01023a409,cash_withdrawal_charge,,471,15,cash_withdrawal_charge,gpt-5.6-luna | 77 labels,
46f553a6cab7,cash_withdrawal_charge,,479,15,cash_withdrawal_charge,gpt-5.6-luna | 77 labels,
604c4ed3fb9e,cash_withdrawal_charge,,472,15,cash_withdrawal_charge,gpt-5.6-luna | 77 labels,
a119e463647a,cash_withdrawal_charge,,479,15,cash_withdrawal_charge,gpt-5.6-luna | 77 labels,
4fbb393fd748,cash_withdrawal_charge,,496,15,cash_withdrawal_charge,gpt-5.6-luna | 77 labels,
f95e2a590225,cash_withdrawal_charge,,475,35,cash_withdrawal_charge,gpt-5.6-luna | 77 labels,
97f25053b918,cash_withdrawal_charge,,472,15,cash_withdrawal_charge,gpt-5.6-luna | 77 labels,
7b3a66e651d1,cash_withdrawal_charge,,470,15,cash_withdrawal_charge,gpt-5.6-luna | 77 labels,
235f05b74409,cash_withdrawal_charge,,473,15,cash_withdrawal_charge,gpt-5.6-luna | 77 labels,
2f4838cc355d,cash_withdrawal_charge,,490,15,cash_withdrawal_charge,gpt-5.6-luna | 77 labels,
3dc806b73f47,cash_withdrawal_charge,,479,15,cash_withdrawal_charge,gpt-5.6-luna | 77 labels,
6d4b84ff6c7a,cash_withdrawal_charge,,471,85,extra_charge_on_statement,gpt-5.6-luna | 77 labels,
3e69b2b5884e,cash_withdrawal_charge,,488,15,cash_withdrawal_charge,gpt-5.6-luna | 77 labels,
39e6296e01d1,cash_withdrawal_charge,,503,15,cash_withdrawal_charge,gpt-5.6-luna | 77 labels,
f80af9f903ef,cash_withdrawal_charge,,470,15,cash_withdrawal_charge,gpt-5.6-luna | 77 labels,
3ef553d8f1ff,cash_withdrawal_charge,,472,15,cash_withdrawal_charge,gpt-5.6-luna | 77 labels,
a0e6321929f7,cash_withdrawal_charge,,471,50,cash_withdrawal_charge,gpt-5.6-luna | 77 labels,
bad3a4b5e03e,cash_withdrawal_charge,,472,15,cash_withdrawal_charge,gpt-5.6-luna | 77 labels,
3e774f6caea5,cash_withdrawal_charge,,471,15,cash_withdrawal_charge,gpt-5.6-luna | 77 labels,
0ee1c873f04b,cash_withdrawal_charge,,486,15,cash_withdrawal_charge,gpt-5.6-luna | 77 labels,
2ea91413ca8e,cash_withdrawal_charge,,473,15,cash_withdrawal_charge,gpt-5.6-luna | 77 labels,
a116c6e680f4,cash_withdrawal_charge,,476,15,cash_withdrawal_charge,gpt-5.6-luna | 77 labels,
4fb73639aafe,cash_withdrawal_charge,,493,15,cash_withdrawal_charge,gpt-5.6-luna | 77 labels,
85ff2a751bcd,cash_withdrawal_charge,,475,15,cash_withdrawal_charge,gpt-5.6-luna | 77 labels,
1f193b3613d7,cash_withdrawal_charge,,491,15,cash_withdrawal_charge,gpt-5.6-luna | 77 labels,
c6f6a00e8256,cash_withdrawal_charge,,471,15,cash_withdrawal_charge,gpt-5.6-luna | 77 labels,
0220eeaed9da,cash_withdrawal_charge,,489,15,cash_withdrawal_charge,gpt-5.6-luna | 77 labels,
fa15c4481670,cash_withdrawal_charge,,473,15,cash_withdrawal_charge,gpt-5.6-luna | 77 labels,
409e8c0648d3,cash_withdrawal_charge,,486,15,cash_withdrawal_charge,gpt-5.6-luna | 77 labels,
24c090803fe1,cash_withdrawal_charge,,471,15,cash_withdrawal_charge,gpt-5.6-luna | 77 labels,
2c53ea772379,cash_withdrawal_charge,,511,15,cash_withdrawal_charge,gpt-5.6-luna | 77 labels,
beb81e083fd6,cash_withdrawal_charge,,473,15,cash_withdrawal_charge,gpt-5.6-luna | 77 labels,
cfd41ab0b48a,cash_withdrawal_charge,,478,15,cash_withdrawal_charge,gpt-5.6-luna | 77 labels,
aa6aac80aa2a,cash_withdrawal_charge,,473,15,cash_withdrawal_charge,gpt-5.6-luna | 77 labels,
4eb7a04fa1e3,cash_withdrawal_charge,,474,15,cash_withdrawal_charge,gpt-5.6-luna | 77 labels,
d2d8cf545e44,cash_withdrawal_charge,,481,15,cash_withdrawal_charge,gpt-5.6-luna | 77 labels,
0f02d590d86d,cash_withdrawal_charge,,474,15,cash_withdrawal_charge,gpt-5.6-luna | 77 labels,
5b0cebaabc2b,cash_withdrawal_charge,,502,15,cash_withdrawal_charge,gpt-5.6-luna | 77 labels,
40a092f46f24,cash_withdrawal_charge,,472,15,cash_withdrawal_charge,gpt-5.6-luna | 77 labels,
8ba13b6a977a,cash_withdrawal_charge,,476,33,cash_withdrawal_charge,gpt-5.6-luna | 77 labels,
755c6a10ad1e,cash_withdrawal_charge,,471,15,cash_withdrawal_charge,gpt-5.6-luna | 77 labels,
0bc0dceedee1,cash_withdrawal_charge,,473,15,cash_withdrawal_charge,gpt-5.6-luna | 77 labels,
b386ee306260,cash_withdrawal_charge,,490,288,card_payment_fee_charged,gpt-5.6-luna | 77 labels,
409446f9ec7a,cash_withdrawal_charge,,473,15,cash_withdrawal_charge,gpt-5.6-luna | 77 labels,
b3bebcfc1669,cash_withdrawal_charge,,471,15,cash_withdrawal_charge,gpt-5.6-luna | 77 labels,
05c7609107ee,cash_withdrawal_charge,,477,15,cash_withdrawal_charge,gpt-5.6-luna | 77 labels,
58bceea953f4,cash_withdrawal_charge,,475,15,cash_withdrawal_charge,gpt-5.6-luna | 77 labels,
a4f13facebcc,cash_withdrawal_charge,,488,15,cash_withdrawal_charge,gpt-5.6-luna | 77 labels,
b84d7a0803ae,cash_withdrawal_charge,,471,15,cash_withdrawal_charge,gpt-5.6-luna | 77 labels,
d69edd94b3f4,cash_withdrawal_charge,,475,15,cash_withdrawal_charge,gpt-5.6-luna | 77 labels,
32bb4c8b6320,cash_withdrawal_charge,,490,15,cash_withdrawal_charge,gpt-5.6-luna | 77 labels,
5927e861f0f2,cash_withdrawal_charge,,486,15,cash_withdrawal_charge,gpt-5.6-luna | 77 labels,
3794d8424681,cash_withdrawal_charge,,473,15,cash_withdrawal_charge,gpt-5.6-luna | 77 labels,
19e891441d07,cash_withdrawal_charge,,472,15,cash_withdrawal_charge,gpt-5.6-luna | 77 labels,
010b154f169b,cash_withdrawal_charge,,480,15,cash_withdrawal_charge,gpt-5.6-luna | 77 labels,
46252827439e,cash_withdrawal_charge,,485,15,cash_withdrawal_charge,gpt-5.6-luna | 77 labels,
d18f74c5609e,cash_withdrawal_charge,,470,15,cash_withdrawal_charge,gpt-5.6-luna | 77 labels,
447f599e345f,cash_withdrawal_charge,,485,15,cash_withdrawal_charge,gpt-5.6-luna | 77 labels,
2407554a6a60,cash_withdrawal_charge,,470,15,cash_withdrawal_charge,gpt-5.6-luna | 77 labels,
4e3fb889c8e0,cash_withdrawal_charge,,481,32,cash_withdrawal_charge,gpt-5.6-luna | 77 labels,
85cb7c6190f2,cash_withdrawal_charge,,472,15,cash_withdrawal_charge,gpt-5.6-luna | 77 labels,
8d2d329ed4bd,cash_withdrawal_charge,,489,15,cash_withdrawal_charge,gpt-5.6-luna | 77 labels,
0395b8aa4fcd,cash_withdrawal_charge,,484,15,cash_withdrawal_charge,gpt-5.6-luna | 77 labels,
7e116daa03fa,cash_withdrawal_charge,,476,15,cash_withdrawal_charge,gpt-5.6-luna | 77 labels,
33a5e764eea2,cash_withdrawal_charge,,471,15,cash_withdrawal_charge,gpt-5.6-luna | 77 labels,
791ccae40b3e,cash_withdrawal_charge,,476,15,cash_withdrawal_charge,gpt-5.6-luna | 77 labels,
a84b00cf702e,cash_withdrawal_charge,,471,15,cash_withdrawal_charge,gpt-5.6-luna | 77 labels,
8e5a9ba87713,cash_withdrawal_charge,,469,15,cash_withdrawal_charge,gpt-5.6-luna | 77 labels,
927f5b3c8183,cash_withdrawal_charge,,476,15,cash_withdrawal_charge,gpt-5.6-luna | 77 labels,
7ba2be511a37,cash_withdrawal_charge,,490,15,cash_withdrawal_charge,gpt-5.6-luna | 77 labels,
ffe7282b752f,cash_withdrawal_charge,,471,15,cash_withdrawal_charge,gpt-5.6-luna | 77 labels,
897a9d82bc9d,cash_withdrawal_charge,,471,15,cash_withdrawal_charge,gpt-5.6-luna | 77 labels,
fd11f197e6c1,cash_withdrawal_charge,,475,15,cash_withdrawal_charge,gpt-5.6-luna | 77 labels,
c3865b14ea54,cash_withdrawal_charge,,473,15,cash_withdrawal_charge,gpt-5.6-luna | 77 labels,
96691587a695,cash_withdrawal_charge,,471,15,cash_withdrawal_charge,gpt-5.6-luna | 77 labels,
c6fdb3328c7f,cash_withdrawal_charge,,474,15,cash_withdrawal_charge,gpt-5.6-luna | 77 labels,
b05bb962a1b0,cash_withdrawal_charge,,474,124,cash_withdrawal_charge,gpt-5.6-luna | 77 labels,
2548bd6b87fc,cash_withdrawal_charge,,474,15,cash_withdrawal_charge,gpt-5.6-luna | 77 labels,
5525bf6d7b5c,cash_withdrawal_charge,,469,15,cash_withdrawal_charge,gpt-5.6-luna | 77 labels,
aed568398ed9,cash_withdrawal_charge,,469,15,cash_withdrawal_charge,gpt-5.6-luna | 77 labels,
e8075ca244ae,cash_withdrawal_charge,,479,15,cash_withdrawal_charge,gpt-5.6-luna | 77 labels,
0f8b231f5e53,cash_withdrawal_charge,,471,15,cash_withdrawal_charge,gpt-5.6-luna | 77 labels,
b51ec606eb3c,cash_withdrawal_charge,,477,15,cash_withdrawal_charge,gpt-5.6-luna | 77 labels,
73e1131fac73,cash_withdrawal_charge,,476,15,cash_withdrawal_charge,gpt-5.6-luna | 77 labels,
1d926c23f0bf,cash_withdrawal_charge,,470,15,cash_withdrawal_charge,gpt-5.6-luna | 77 labels,
f330b151079a,cash_withdrawal_charge,,477,15,cash_withdrawal_charge,gpt-5.6-luna | 77 labels,
96b10a227c4e,cash_withdrawal_charge,,471,15,cash_withdrawal_charge,gpt-5.6-luna | 77 labels,
6aa6dffb089d,cash_withdrawal_charge,,472,54,cash_withdrawal_charge,gpt-5.6-luna | 77 labels,
1132bd891489,cash_withdrawal_charge,,488,15,cash_withdrawal_charge,gpt-5.6-luna | 77 labels,
991941f69549,cash_withdrawal_charge,,472,15,cash_withdrawal_charge,gpt-5.6-luna | 77 labels,
8f02b807c785,cash_withdrawal_charge,,470,15,cash_withdrawal_charge,gpt-5.6-luna | 77 labels,
fba3bc99783f,cash_withdrawal_charge,,477,15,cash_withdrawal_charge,gpt-5.6-luna | 77 labels,
e6df9e8ac64c,cash_withdrawal_charge,,473,15,cash_withdrawal_charge,gpt-5.6-luna | 77 labels,
c345c23aa78c,cash_withdrawal_charge,,476,15,cash_withdrawal_charge,gpt-5.6-luna | 77 labels,
a3f7b0c52025,cash_withdrawal_charge,,490,15,cash_withdrawal_charge,gpt-5.6-luna | 77 labels,
f5abca437fb5,cash_withdrawal_charge,,508,15,cash_withdrawal_charge,gpt-5.6-luna | 77 labels,
87efaa1a1cbe,cash_withdrawal_charge,,504,15,cash_withdrawal_charge,gpt-5.6-luna | 77 labels,
6cff2aa56e02,cash_withdrawal_charge,,472,15,cash_withdrawal_charge,gpt-5.6-luna | 77 labels,
4a99d5602a32,cash_withdrawal_charge,,501,15,cash_withdrawal_charge,gpt-5.6-luna | 77 labels,
a6ebfee05775,cash_withdrawal_charge,,475,15,cash_withdrawal_charge,gpt-5.6-luna | 77 labels,
7d87dc36fd6e,cash_withdrawal_charge,,479,72,cash_withdrawal_charge,gpt-5.6-luna | 77 labels,
fa8a13a1ede9,cash_withdrawal_charge,,471,32,cash_withdrawal_charge,gpt-5.6-luna | 77 labels,
bdcc03f44bd0,cash_withdrawal_charge,,469,121,extra_charge_on_statement,gpt-5.6-luna | 77 labels,
f2de9ee4b514,cash_withdrawal_charge,,472,15,cash_withdrawal_charge,gpt-5.6-luna | 77 labels,
d78c5f9c13d2,cash_withdrawal_charge,,492,15,cash_withdrawal_charge,gpt-5.6-luna | 77 labels,
2d73daa3eb4f,cash_withdrawal_charge,,475,15,cash_withdrawal_charge,gpt-5.6-luna | 77 labels,
c4796017d60e,cash_withdrawal_charge,,532,15,cash_withdrawal_charge,gpt-5.6-luna | 77 labels,
2f4e8201f8a4,cash_withdrawal_charge,,474,15,cash_withdrawal_charge,gpt-5.6-luna | 77 labels,
ffad41b0750a,declined_cash_withdrawal,,489,66,declined_cash_withdrawal,gpt-5.6-luna | 77 labels,
4b26fc9cb13d,declined_cash_withdrawal,,496,61,declined_cash_withdrawal,gpt-5.6-luna | 77 labels,
59a08ffb3b55,declined_cash_withdrawal,,476,16,declined_cash_withdrawal,gpt-5.6-luna | 77 labels,
2a9cff62a134,declined_cash_withdrawal,,470,16,declined_cash_withdrawal,gpt-5.6-luna | 77 labels,
95d915e5c678,declined_cash_withdrawal,,470,16,declined_cash_withdrawal,gpt-5.6-luna | 77 labels,
1241abf13233,declined_cash_withdrawal,,475,16,declined_cash_withdrawal,gpt-5.6-luna | 77 labels,
c12fea7c4565,declined_cash_withdrawal,,471,16,declined_cash_withdrawal,gpt-5.6-luna | 77 labels,
ad8069fbd584,declined_cash_withdrawal,,478,16,declined_cash_withdrawal,gpt-5.6-luna | 77 labels,
0cad140e8d30,declined_cash_withdrawal,,477,16,declined_cash_withdrawal,gpt-5.6-luna | 77 labels,
fa714cb880ab,declined_cash_withdrawal,,491,16,declined_cash_withdrawal,gpt-5.6-luna | 77 labels,
1f6fb1121409,declined_cash_withdrawal,,476,16,declined_cash_withdrawal,gpt-5.6-luna | 77 labels,
cf516391857a,declined_cash_withdrawal,,471,16,declined_cash_withdrawal,gpt-5.6-luna | 77 labels,
b8e96e92cae0,declined_cash_withdrawal,,495,56,declined_cash_withdrawal,gpt-5.6-luna | 77 labels,
e9b6b700f49e,declined_cash_withdrawal,,469,16,declined_cash_withdrawal,gpt-5.6-luna | 77 labels,
75e9900a4695,declined_cash_withdrawal,,470,16,declined_cash_withdrawal,gpt-5.6-luna | 77 labels,
10de3104a3d0,declined_cash_withdrawal,,488,16,declined_cash_withdrawal,gpt-5.6-luna | 77 labels,
a23b2e0f0135,declined_cash_withdrawal,,473,16,declined_cash_withdrawal,gpt-5.6-luna | 77 labels,
74c712d5b358,declined_cash_withdrawal,,477,16,declined_cash_withdrawal,gpt-5.6-luna | 77 labels,
56ae7cfd9c27,declined_cash_withdrawal,,471,16,declined_cash_withdrawal,gpt-5.6-luna | 77 labels,
c36a2add0a2a,declined_cash_withdrawal,,469,16,declined_cash_withdrawal,gpt-5.6-luna | 77 labels,
57bb021a71ca,declined_cash_withdrawal,,496,16,declined_cash_withdrawal,gpt-5.6-luna | 77 labels,
b0363e0439a7,declined_cash_withdrawal,,471,54,declined_cash_withdrawal,gpt-5.6-luna | 77 labels,
7407e7dccd9b,declined_cash_withdrawal,,474,44,declined_cash_withdrawal,gpt-5.6-luna | 77 labels,
82074b616491,declined_cash_withdrawal,,474,16,declined_cash_withdrawal,gpt-5.6-luna | 77 labels,
59331f7ce58f,declined_cash_withdrawal,,469,16,declined_cash_withdrawal,gpt-5.6-luna | 77 labels,
6313e5050406,declined_cash_withdrawal,,470,12,atm_support,gpt-5.6-luna | 77 labels,
a032c55864e7,declined_cash_withdrawal,,475,16,declined_cash_withdrawal,gpt-5.6-luna | 77 labels,
ebdd964150bd,declined_cash_withdrawal,,473,16,declined_cash_withdrawal,gpt-5.6-luna | 77 labels,
33fd4079de52,declined_cash_withdrawal,,482,16,declined_cash_withdrawal,gpt-5.6-luna | 77 labels,
3229e833a07c,declined_cash_withdrawal,,473,16,declined_cash_withdrawal,gpt-5.6-luna | 77 labels,
ce21fa54ffa8,declined_cash_withdrawal,,471,16,declined_cash_withdrawal,gpt-5.6-luna | 77 labels,
81c44d0a3e06,declined_cash_withdrawal,,489,41,declined_cash_withdrawal,gpt-5.6-luna | 77 labels,
586cf8b0e344,declined_cash_withdrawal,,469,56,declined_cash_withdrawal,gpt-5.6-luna | 77 labels,
3e1da13215c6,declined_cash_withdrawal,,471,16,declined_cash_withdrawal,gpt-5.6-luna | 77 labels,
d4b328aa244f,declined_cash_withdrawal,,489,16,declined_cash_withdrawal,gpt-5.6-luna | 77 labels,
9f65e611100c,declined_cash_withdrawal,,488,16,declined_cash_withdrawal,gpt-5.6-luna | 77 labels,
aebb1ebfe32b,declined_cash_withdrawal,,467,55,declined_cash_withdrawal,gpt-5.6-luna | 77 labels,
63bb58d24e56,declined_cash_withdrawal,,474,16,declined_cash_withdrawal,gpt-5.6-luna | 77 labels,
eb5d2695e883,declined_cash_withdrawal,,494,69,declined_cash_withdrawal,gpt-5.6-luna | 77 labels,
97e1580a2aaf,declined_cash_withdrawal,,492,16,declined_cash_withdrawal,gpt-5.6-luna | 77 labels,
ef9c65e6d3fc,declined_cash_withdrawal,,498,16,declined_cash_withdrawal,gpt-5.6-luna | 77 labels,
e4f593b757f7,declined_cash_withdrawal,,480,16,declined_cash_withdrawal,gpt-5.6-luna | 77 labels,
64155f01ef16,declined_cash_withdrawal,,471,16,declined_cash_withdrawal,gpt-5.6-luna | 77 labels,
aed7bd171beb,declined_cash_withdrawal,,490,16,declined_cash_withdrawal,gpt-5.6-luna | 77 labels,
54b33881e7f2,declined_cash_withdrawal,,469,16,declined_cash_withdrawal,gpt-5.6-luna | 77 labels,
fd84033a30d5,declined_cash_withdrawal,,470,16,declined_cash_withdrawal,gpt-5.6-luna | 77 labels,
b98fa893102c,declined_cash_withdrawal,,469,16,declined_cash_withdrawal,gpt-5.6-luna | 77 labels,
56aadeee16d6,declined_cash_withdrawal,,483,16,declined_cash_withdrawal,gpt-5.6-luna | 77 labels,
6a1296b9e8ec,declined_cash_withdrawal,,471,16,declined_cash_withdrawal,gpt-5.6-luna | 77 labels,
4f8fccdf640d,declined_cash_withdrawal,,492,16,declined_cash_withdrawal,gpt-5.6-luna | 77 labels,
e98902dace2a,declined_cash_withdrawal,,472,16,declined_cash_withdrawal,gpt-5.6-luna | 77 labels,
58baa472c201,declined_cash_withdrawal,,471,56,declined_cash_withdrawal,gpt-5.6-luna | 77 labels,
9f4b3dc4d893,declined_cash_withdrawal,,476,16,declined_cash_withdrawal,gpt-5.6-luna | 77 labels,
f110f6bc2464,declined_cash_withdrawal,,470,16,declined_cash_withdrawal,gpt-5.6-luna | 77 labels,
8ac91316026f,declined_cash_withdrawal,,474,16,declined_cash_withdrawal,gpt-5.6-luna | 77 labels,
a1a5cdabe5d0,declined_cash_withdrawal,,473,16,declined_cash_withdrawal,gpt-5.6-luna | 77 labels,
17605f6b2416,declined_cash_withdrawal,,500,16,declined_cash_withdrawal,gpt-5.6-luna | 77 labels,
6c56085c67da,declined_cash_withdrawal,,468,16,declined_cash_withdrawal,gpt-5.6-luna | 77 labels,
2af30e15d871,declined_cash_withdrawal,,472,16,declined_cash_withdrawal,gpt-5.6-luna | 77 labels,
9902659fbc28,declined_cash_withdrawal,,485,61,declined_cash_withdrawal,gpt-5.6-luna | 77 labels,
88f5dbb1c1ad,declined_cash_withdrawal,,471,92,declined_cash_withdrawal,gpt-5.6-luna | 77 labels,
573a99e4d1c4,declined_cash_withdrawal,,474,56,declined_cash_withdrawal,gpt-5.6-luna | 77 labels,
3204ece07310,declined_cash_withdrawal,,474,57,declined_cash_withdrawal,gpt-5.6-luna | 77 labels,
eb8b7133c6ce,declined_cash_withdrawal,,469,16,declined_cash_withdrawal,gpt-5.6-luna | 77 labels,
e367e2b7a3a6,declined_cash_withdrawal,,473,16,declined_cash_withdrawal,gpt-5.6-luna | 77 labels,
84e0feabbcc1,declined_cash_withdrawal,,471,71,declined_cash_withdrawal,gpt-5.6-luna | 77 labels,
587e3aedca85,declined_cash_withdrawal,,472,16,declined_cash_withdrawal,gpt-5.6-luna | 77 labels,
82ce57412d1c,declined_cash_withdrawal,,469,61,declined_cash_withdrawal,gpt-5.6-luna | 77 labels,
24b7058a7953,declined_cash_withdrawal,,478,63,declined_cash_withdrawal,gpt-5.6-luna | 77 labels,
2e85dd5a0a1e,declined_cash_withdrawal,,495,16,declined_cash_withdrawal,gpt-5.6-luna | 77 labels,
af54e7ed10c7,declined_cash_withdrawal,,469,16,declined_cash_withdrawal,gpt-5.6-luna | 77 labels,
caca0b466c37,declined_cash_withdrawal,,468,16,declined_cash_withdrawal,gpt-5.6-luna | 77 labels,
1dbbd5d7cbec,declined_cash_withdrawal,,475,16,declined_cash_withdrawal,gpt-5.6-luna | 77 labels,
1a35d292a768,declined_cash_withdrawal,,467,68,declined_cash_withdrawal,gpt-5.6-luna | 77 labels,
c01b046ed4ec,declined_cash_withdrawal,,489,16,declined_cash_withdrawal,gpt-5.6-luna | 77 labels,
4904c1e956be,declined_cash_withdrawal,,468,16,declined_cash_withdrawal,gpt-5.6-luna | 77 labels,
b5d175fb2952,declined_cash_withdrawal,,471,16,declined_cash_withdrawal,gpt-5.6-luna | 77 labels,
be1be26721f3,declined_cash_withdrawal,,468,16,declined_cash_withdrawal,gpt-5.6-luna | 77 labels,
546d3ed9da9e,declined_cash_withdrawal,,502,16,declined_cash_withdrawal,gpt-5.6-luna | 77 labels,
22f0b6dbe6c5,declined_cash_withdrawal,,499,16,declined_cash_withdrawal,gpt-5.6-luna | 77 labels,
30e96bf1f8f7,declined_cash_withdrawal,,472,16,declined_cash_withdrawal,gpt-5.6-luna | 77 labels,
f7d7c080bc78,declined_cash_withdrawal,,470,16,declined_cash_withdrawal,gpt-5.6-luna | 77 labels,
808e6e39a5af,declined_cash_withdrawal,,470,16,declined_cash_withdrawal,gpt-5.6-luna | 77 labels,
a4890bd46d01,declined_cash_withdrawal,,475,16,declined_cash_withdrawal,gpt-5.6-luna | 77 labels,
9da1542ff89e,declined_cash_withdrawal,,470,16,declined_cash_withdrawal,gpt-5.6-luna | 77 labels,
56234621113c,declined_cash_withdrawal,,490,16,declined_cash_withdrawal,gpt-5.6-luna | 77 labels,
e7c9a40a2727,declined_cash_withdrawal,,477,16,declined_cash_withdrawal,gpt-5.6-luna | 77 labels,
72ef4b77522a,declined_cash_withdrawal,,469,16,declined_cash_withdrawal,gpt-5.6-luna | 77 labels,
05ef3acff6ec,declined_cash_withdrawal,,473,16,declined_cash_withdrawal,gpt-5.6-luna | 77 labels,
22dc1f79528e,declined_cash_withdrawal,,490,16,declined_cash_withdrawal,gpt-5.6-luna | 77 labels,
20c0699f17a9,declined_cash_withdrawal,,475,16,declined_cash_withdrawal,gpt-5.6-luna | 77 labels,
330f98e547a1,declined_cash_withdrawal,,473,16,declined_cash_withdrawal,gpt-5.6-luna | 77 labels,
385742f75dea,declined_cash_withdrawal,,475,57,declined_cash_withdrawal,gpt-5.6-luna | 77 labels,
67ade56a0c4f,declined_cash_withdrawal,,470,16,declined_cash_withdrawal,gpt-5.6-luna | 77 labels,
4b8bed441b7c,declined_cash_withdrawal,,501,16,declined_cash_withdrawal,gpt-5.6-luna | 77 labels,
2efc87fba257,declined_cash_withdrawal,,470,16,declined_cash_withdrawal,gpt-5.6-luna | 77 labels,
3ac939d238d3,declined_cash_withdrawal,,495,16,declined_cash_withdrawal,gpt-5.6-luna | 77 labels,
a97136980dd9,declined_cash_withdrawal,,471,16,declined_cash_withdrawal,gpt-5.6-luna | 77 labels,
cfccfc0c6b2a,declined_cash_withdrawal,,470,16,declined_cash_withdrawal,gpt-5.6-luna | 77 labels,
58e19741612d,declined_cash_withdrawal,,468,16,declined_cash_withdrawal,gpt-5.6-luna | 77 labels,
b5bc04b0bb13,declined_cash_withdrawal,,499,16,declined_cash_withdrawal,gpt-5.6-luna | 77 labels,
6e28739f7644,declined_cash_withdrawal,,502,16,declined_cash_withdrawal,gpt-5.6-luna | 77 labels,
68bb47f2ce46,declined_cash_withdrawal,,489,16,declined_cash_withdrawal,gpt-5.6-luna | 77 labels,
8c8bd75d0c84,declined_cash_withdrawal,,485,16,declined_cash_withdrawal,gpt-5.6-luna | 77 labels,
285332230ced,declined_cash_withdrawal,,470,16,declined_cash_withdrawal,gpt-5.6-luna | 77 labels,
3083503f1621,declined_cash_withdrawal,,475,66,declined_cash_withdrawal,gpt-5.6-luna | 77 labels,
49e1efab204c,declined_cash_withdrawal,,474,62,declined_cash_withdrawal,gpt-5.6-luna | 77 labels,
2a67c576c539,declined_cash_withdrawal,,472,16,declined_cash_withdrawal,gpt-5.6-luna | 77 labels,
25920238a3b3,declined_cash_withdrawal,,483,16,declined_cash_withdrawal,gpt-5.6-luna | 77 labels,
a2558eaeb571,declined_cash_withdrawal,,474,16,declined_cash_withdrawal,gpt-5.6-luna | 77 labels,
db92b25a0926,declined_cash_withdrawal,,497,16,declined_cash_withdrawal,gpt-5.6-luna | 77 labels,
de33995c4fb0,declined_cash_withdrawal,,475,61,declined_card_payment,gpt-5.6-luna | 77 labels,
9616647de607,declined_cash_withdrawal,,482,14,card_not_working,gpt-5.6-luna | 77 labels,
656bfc4dbfe1,declined_cash_withdrawal,,489,79,declined_cash_withdrawal,gpt-5.6-luna | 77 labels,
60e613ed8eb5,declined_cash_withdrawal,,469,16,declined_cash_withdrawal,gpt-5.6-luna | 77 labels,
6d629e9ac187,declined_cash_withdrawal,,491,16,declined_cash_withdrawal,gpt-5.6-luna | 77 labels,
acb01ae9aff6,declined_cash_withdrawal,,472,16,declined_cash_withdrawal,gpt-5.6-luna | 77 labels,
05fc58c61541,declined_cash_withdrawal,,471,16,declined_cash_withdrawal,gpt-5.6-luna | 77 labels,
44ecce3b3dad,declined_cash_withdrawal,,479,13,pin_blocked,gpt-5.6-luna | 77 labels,
4d5508df562c,declined_cash_withdrawal,,475,52,declined_cash_withdrawal,gpt-5.6-luna | 77 labels,
abc1db756bd5,declined_cash_withdrawal,,474,16,declined_cash_withdrawal,gpt-5.6-luna | 77 labels,
d8d198aec0d4,declined_cash_withdrawal,,472,16,declined_cash_withdrawal,gpt-5.6-luna | 77 labels,
4a462c820164,declined_cash_withdrawal,,478,16,declined_cash_withdrawal,gpt-5.6-luna | 77 labels,
538714fdf2d0,declined_cash_withdrawal,,498,16,declined_cash_withdrawal,gpt-5.6-luna | 77 labels,
cd3eaeeddadd,declined_cash_withdrawal,,502,47,declined_cash_withdrawal,gpt-5.6-luna | 77 labels,
0d065460408d,declined_cash_withdrawal,,483,13,pin_blocked,gpt-5.6-luna | 77 labels,
7c6616df843b,declined_cash_withdrawal,,501,16,declined_cash_withdrawal,gpt-5.6-luna | 77 labels,
02684d197e1e,declined_cash_withdrawal,,496,16,declined_cash_withdrawal,gpt-5.6-luna | 77 labels,
c9d242514182,declined_cash_withdrawal,,496,16,declined_cash_withdrawal,gpt-5.6-luna | 77 labels,
8fc0317efe3d,declined_cash_withdrawal,,467,16,declined_cash_withdrawal,gpt-5.6-luna | 77 labels,
0e8e2a81d045,declined_cash_withdrawal,,490,65,declined_cash_withdrawal,gpt-5.6-luna | 77 labels,
7a755e05ae3e,declined_cash_withdrawal,,469,47,declined_cash_withdrawal,gpt-5.6-luna | 77 labels,
a46345c1616e,declined_cash_withdrawal,,472,12,atm_support,gpt-5.6-luna | 77 labels,
bc456381faf0,declined_cash_withdrawal,,467,59,declined_card_payment,gpt-5.6-luna | 77 labels,
fd376202416f,declined_cash_withdrawal,,488,16,declined_cash_withdrawal,gpt-5.6-luna | 77 labels,
092a22e2ca40,declined_cash_withdrawal,,471,16,declined_cash_withdrawal,gpt-5.6-luna | 77 labels,
acfd17884c7b,declined_cash_withdrawal,,475,16,declined_cash_withdrawal,gpt-5.6-luna | 77 labels,
d3ef043fc593,declined_cash_withdrawal,,470,16,declined_cash_withdrawal,gpt-5.6-luna | 77 labels,
f792726a53de,declined_cash_withdrawal,,472,16,declined_cash_withdrawal,gpt-5.6-luna | 77 labels,
3dde84ff9062,declined_cash_withdrawal,,470,16,declined_cash_withdrawal,gpt-5.6-luna | 77 labels,
22bbe87f6b3d,declined_cash_withdrawal,,468,49,declined_cash_withdrawal,gpt-5.6-luna | 77 labels,
d5472a53d5af,declined_cash_withdrawal,,479,77,declined_cash_withdrawal,gpt-5.6-luna | 77 labels,
56454457e5fd,declined_cash_withdrawal,,471,71,declined_cash_withdrawal,gpt-5.6-luna | 77 labels,
ec2f092b90e5,direct_debit_payment_not_recognised,,473,18,direct_debit_payment_not_recognised,gpt-5.6-luna | 77 labels,
d4b6145b7085,direct_debit_payment_not_recognised,,470,18,direct_debit_payment_not_recognised,gpt-5.6-luna | 77 labels,
32022a40ef83,direct_debit_payment_not_recognised,,466,79,compromised_card,gpt-5.6-luna | 77 labels,
28d1e480b591,direct_debit_payment_not_recognised,,470,18,direct_debit_payment_not_recognised,gpt-5.6-luna | 77 labels,
ac277ecff260,direct_debit_payment_not_recognised,,474,18,direct_debit_payment_not_recognised,gpt-5.6-luna | 77 labels,
c576bdd963be,direct_debit_payment_not_recognised,,472,18,direct_debit_payment_not_recognised,gpt-5.6-luna | 77 labels,
0f2766a40d76,direct_debit_payment_not_recognised,,474,18,direct_debit_payment_not_recognised,gpt-5.6-luna | 77 labels,
da66d5b3c147,direct_debit_payment_not_recognised,,474,160,direct_debit_payment_not_recognised,gpt-5.6-luna | 77 labels,
ba66e5e5d083,direct_debit_payment_not_recognised,,471,14,compromised_card,gpt-5.6-luna | 77 labels,
63f79538134c,direct_debit_payment_not_recognised,,475,18,direct_debit_payment_not_recognised,gpt-5.6-luna | 77 labels,
1439fc285bee,direct_debit_payment_not_recognised,,472,18,direct_debit_payment_not_recognised,gpt-5.6-luna | 77 labels,
81bebc76c00b,direct_debit_payment_not_recognised,,479,18,direct_debit_payment_not_recognised,gpt-5.6-luna | 77 labels,
032ede55cbe0,direct_debit_payment_not_recognised,,474,18,direct_debit_payment_not_recognised,gpt-5.6-luna | 77 labels,
54d2c351bc75,direct_debit_payment_not_recognised,,473,18,direct_debit_payment_not_recognised,gpt-5.6-luna | 77 labels,
5511ec087f6e,direct_debit_payment_not_recognised,,472,159,request_refund,gpt-5.6-luna | 77 labels,
c51414b409e3,direct_debit_payment_not_recognised,,475,18,direct_debit_payment_not_recognised,gpt-5.6-luna | 77 labels,
c2fc7e698d6b,direct_debit_payment_not_recognised,,476,18,direct_debit_payment_not_recognised,gpt-5.6-luna | 77 labels,
f6fc49e5023e,direct_debit_payment_not_recognised,,483,18,direct_debit_payment_not_recognised,gpt-5.6-luna | 77 labels,
e25961c63216,direct_debit_payment_not_recognised,,469,95,direct_debit_payment_not_recognised,gpt-5.6-luna | 77 labels,
8da5fd2a0fbd,direct_debit_payment_not_recognised,,471,182,direct_debit_payment_not_recognised,gpt-5.6-luna | 77 labels,
d3c717ebe66b,direct_debit_payment_not_recognised,,474,91,card_payment_not_recognised,gpt-5.6-luna | 77 labels,
29c91108f1cd,direct_debit_payment_not_recognised,,492,72,card_payment_not_recognised,gpt-5.6-luna | 77 labels,
6170ca25ccc0,direct_debit_payment_not_recognised,,474,133,card_payment_not_recognised,gpt-5.6-luna | 77 labels,
77493789df3f,direct_debit_payment_not_recognised,,475,80,card_payment_not_recognised,gpt-5.6-luna | 77 labels,
1bf2ab54fc95,direct_debit_payment_not_recognised,,477,18,direct_debit_payment_not_recognised,gpt-5.6-luna | 77 labels,
43c13e598ffd,direct_debit_payment_not_recognised,,501,67,card_payment_not_recognised,gpt-5.6-luna | 77 labels,
024ed8a1ec2b,direct_debit_payment_not_recognised,,471,18,direct_debit_payment_not_recognised,gpt-5.6-luna | 77 labels,
e843bd0357e4,direct_debit_payment_not_recognised,,477,18,direct_debit_payment_not_recognised,gpt-5.6-luna | 77 labels,
a6f15cebf9f4,direct_debit_payment_not_recognised,,473,98,direct_debit_payment_not_recognised,gpt-5.6-luna | 77 labels,
b7e2760df1b2,direct_debit_payment_not_recognised,,476,18,direct_debit_payment_not_recognised,gpt-5.6-luna | 77 labels,
a34201df24ea,direct_debit_payment_not_recognised,,473,18,direct_debit_payment_not_recognised,gpt-5.6-luna | 77 labels,
38e0b43ae46c,direct_debit_payment_not_recognised,,506,87,card_payment_not_recognised,gpt-5.6-luna | 77 labels,
b7a32523c67b,direct_debit_payment_not_recognised,,473,18,direct_debit_payment_not_recognised,gpt-5.6-luna | 77 labels,
e24d4966a876,direct_debit_payment_not_recognised,,478,43,direct_debit_payment_not_recognised,gpt-5.6-luna | 77 labels,
89cad4a251ec,direct_debit_payment_not_recognised,,525,50,card_payment_not_recognised,gpt-5.6-luna | 77 labels,
1fec62c87951,direct_debit_payment_not_recognised,,505,84,card_payment_not_recognised,gpt-5.6-luna | 77 labels,
649fbd390698,direct_debit_payment_not_recognised,,473,18,direct_debit_payment_not_recognised,gpt-5.6-luna | 77 labels,
c3da8c468751,direct_debit_payment_not_recognised,,467,67,passcode_forgotten,gpt-5.6-luna | 77 labels,
bacd2b686042,direct_debit_payment_not_recognised,,504,55,card_payment_not_recognised,gpt-5.6-luna | 77 labels,
810696767975,direct_debit_payment_not_recognised,,475,126,direct_debit_payment_not_recognised,gpt-5.6-luna | 77 labels,
d9238f29154a,direct_debit_payment_not_recognised,,478,18,direct_debit_payment_not_recognised,gpt-5.6-luna | 77 labels,
139c150f249f,direct_debit_payment_not_recognised,,472,99,direct_debit_payment_not_recognised,gpt-5.6-luna | 77 labels,
6e77c5f48b49,direct_debit_payment_not_recognised,,473,18,direct_debit_payment_not_recognised,gpt-5.6-luna | 77 labels,
ccb84c14ed2e,direct_debit_payment_not_recognised,,471,112,direct_debit_payment_not_recognised,gpt-5.6-luna | 77 labels,
7f748ab80fd6,direct_debit_payment_not_recognised,,480,18,direct_debit_payment_not_recognised,gpt-5.6-luna | 77 labels,
25062f5c9a69,direct_debit_payment_not_recognised,,472,18,direct_debit_payment_not_recognised,gpt-5.6-luna | 77 labels,
0a3f6dfaf002,direct_debit_payment_not_recognised,,491,98,card_payment_not_recognised,gpt-5.6-luna | 77 labels,
c3fda975fe66,direct_debit_payment_not_recognised,,482,18,direct_debit_payment_not_recognised,gpt-5.6-luna | 77 labels,
40197f1e9157,direct_debit_payment_not_recognised,,478,18,direct_debit_payment_not_recognised,gpt-5.6-luna | 77 labels,
14c5259345d9,direct_debit_payment_not_recognised,,476,18,direct_debit_payment_not_recognised,gpt-5.6-luna | 77 labels,
bd5fbc6481f3,direct_debit_payment_not_recognised,,475,93,direct_debit_payment_not_recognised,gpt-5.6-luna | 77 labels,
1203bc6b1f15,direct_debit_payment_not_recognised,,502,65,card_payment_not_recognised,gpt-5.6-luna | 77 labels,
eb56103fd2c7,direct_debit_payment_not_recognised,,472,18,direct_debit_payment_not_recognised,gpt-5.6-luna | 77 labels,
0d2e08cfb5ad,direct_debit_payment_not_recognised,,483,89,direct_debit_payment_not_recognised,gpt-5.6-luna | 77 labels,
5378423cf187,direct_debit_payment_not_recognised,,472,18,direct_debit_payment_not_recognised,gpt-5.6-luna | 77 labels,
8693d3291a26,direct_debit_payment_not_recognised,,473,77,direct_debit_payment_not_recognised,gpt-5.6-luna | 77 labels,
d4ddbac1199d,direct_debit_payment_not_recognised,,504,77,card_payment_not_recognised,gpt-5.6-luna | 77 labels,
21725a1be943,direct_debit_payment_not_recognised,,471,129,card_payment_not_recognised,gpt-5.6-luna | 77 labels,
fcf57ee06399,direct_debit_payment_not_recognised,,471,18,direct_debit_payment_not_recognised,gpt-5.6-luna | 77 labels,
32bffbdb4aa2,direct_debit_payment_not_recognised,,477,65,direct_debit_payment_not_recognised,gpt-5.6-luna | 77 labels,
54c9cc66e6c2,direct_debit_payment_not_recognised,,473,138,extra_charge_on_statement,gpt-5.6-luna | 77 labels,
f8493a908cba,direct_debit_payment_not_recognised,,476,18,direct_debit_payment_not_recognised,gpt-5.6-luna | 77 labels,
dae7069b7a09,direct_debit_payment_not_recognised,,473,18,direct_debit_payment_not_recognised,gpt-5.6-luna | 77 labels,
58ddf30a6e8d,direct_debit_payment_not_recognised,,476,18,direct_debit_payment_not_recognised,gpt-5.6-luna | 77 labels,
19dbbbd222c3,direct_debit_payment_not_recognised,,476,18,direct_debit_payment_not_recognised,gpt-5.6-luna | 77 labels,
f4232082bc7f,direct_debit_payment_not_recognised,,486,89,card_payment_not_recognised,gpt-5.6-luna | 77 labels,
cdb9322a6496,direct_debit_payment_not_recognised,,495,16,card_payment_not_recognised,gpt-5.6-luna | 77 labels,
7d9fdfd3b652,direct_debit_payment_not_recognised,,475,63,card_payment_not_recognised,gpt-5.6-luna | 77 labels,
d8581b0de08d,direct_debit_payment_not_recognised,,503,77,card_payment_not_recognised,gpt-5.6-luna | 77 labels,
376bae167286,direct_debit_payment_not_recognised,,473,75,direct_debit_payment_not_recognised,gpt-5.6-luna | 77 labels,
f0e1ea12dd32,direct_debit_payment_not_recognised,,466,317,direct_debit_payment_not_recognised,gpt-5.6-luna | 77 labels,
8c5b1c4143a3,direct_debit_payment_not_recognised,,471,150,card_payment_not_recognised,gpt-5.6-luna | 77 labels,
09423a7fea66,direct_debit_payment_not_recognised,,478,18,direct_debit_payment_not_recognised,gpt-5.6-luna | 77 labels,
cf686493980a,direct_debit_payment_not_recognised,,477,79,direct_debit_payment_not_recognised,gpt-5.6-luna | 77 labels,
4a770c22e8c4,direct_debit_payment_not_recognised,,471,18,direct_debit_payment_not_recognised,gpt-5.6-luna | 77 labels,
f6fd29a48ffe,direct_debit_payment_not_recognised,,474,60,card_payment_not_recognised,gpt-5.6-luna | 77 labels,
a4dfbbe9d9f0,direct_debit_payment_not_recognised,,499,80,card_payment_not_recognised,gpt-5.6-luna | 77 labels,
f6d9a0b4f2fa,direct_debit_payment_not_recognised,,492,61,card_payment_not_recognised,gpt-5.6-luna | 77 labels,
471f09f9243d,direct_debit_payment_not_recognised,,473,18,direct_debit_payment_not_recognised,gpt-5.6-luna | 77 labels,
9a7106d1903a,direct_debit_payment_not_recognised,,516,137,card_payment_not_recognised,gpt-5.6-luna | 77 labels,
15feca82dac1,direct_debit_payment_not_recognised,,472,18,direct_debit_payment_not_recognised,gpt-5.6-luna | 77 labels,
46f9a88867f8,direct_debit_payment_not_recognised,,477,18,direct_debit_payment_not_recognised,gpt-5.6-luna | 77 labels,
c1c06eb0078c,direct_debit_payment_not_recognised,,479,109,request_refund,gpt-5.6-luna | 77 labels,
f7874ef73810,direct_debit_payment_not_recognised,,494,56,card_payment_not_recognised,gpt-5.6-luna | 77 labels,
e13a468715a5,direct_debit_payment_not_recognised,,506,108,card_payment_not_recognised,gpt-5.6-luna | 77 labels,
57431e9e9c2e,direct_debit_payment_not_recognised,,465,70,direct_debit_payment_not_recognised,gpt-5.6-luna | 77 labels,
81fcc76b536a,direct_debit_payment_not_recognised,,467,18,direct_debit_payment_not_recognised,gpt-5.6-luna | 77 labels,
86bb00bd18d7,direct_debit_payment_not_recognised,,474,13,request_refund,gpt-5.6-luna | 77 labels,
11e85fc3d550,direct_debit_payment_not_recognised,,509,65,card_payment_not_recognised,gpt-5.6-luna | 77 labels,
4121db87c1e2,direct_debit_payment_not_recognised,,471,72,direct_debit_payment_not_recognised,gpt-5.6-luna | 77 labels,
e317cd75a6aa,direct_debit_payment_not_recognised,,506,16,card_payment_not_recognised,gpt-5.6-luna | 77 labels,
6bb19d75d9b6,direct_debit_payment_not_recognised,,472,56,card_payment_not_recognised,gpt-5.6-luna | 77 labels,
06359beb75e2,direct_debit_payment_not_recognised,,473,18,direct_debit_payment_not_recognised,gpt-5.6-luna | 77 labels,
2707d1e7a15f,direct_debit_payment_not_recognised,,488,66,card_payment_not_recognised,gpt-5.6-luna | 77 labels,
135fb884a9c3,direct_debit_payment_not_recognised,,480,18,direct_debit_payment_not_recognised,gpt-5.6-luna | 77 labels,
87593955c6ce,direct_debit_payment_not_recognised,,476,107,request_refund,gpt-5.6-luna | 77 labels,
e772e7940c7b,direct_debit_payment_not_recognised,,472,18,direct_debit_payment_not_recognised,gpt-5.6-luna | 77 labels,
d2b546354130,direct_debit_payment_not_recognised,,477,137,card_payment_not_recognised,gpt-5.6-luna | 77 labels,
ac748d95e7b7,direct_debit_payment_not_recognised,,491,80,card_payment_not_recognised,gpt-5.6-luna | 77 labels,
a9bd1e0c4153,direct_debit_payment_not_recognised,,468,50,card_payment_not_recognised,gpt-5.6-luna | 77 labels,
543e7ef22a23,direct_debit_payment_not_recognised,,471,18,direct_debit_payment_not_recognised,gpt-5.6-luna | 77 labels,
8cb22a656121,direct_debit_payment_not_recognised,,490,58,card_payment_not_recognised,gpt-5.6-luna | 77 labels,
8e0e4eba2b28,direct_debit_payment_not_recognised,,474,18,direct_debit_payment_not_recognised,gpt-5.6-luna | 77 labels,
95b9f8601504,direct_debit_payment_not_recognised,,472,111,direct_debit_payment_not_recognised,gpt-5.6-luna | 77 labels,
79eb85c16f7a,direct_debit_payment_not_recognised,,468,16,card_payment_not_recognised,gpt-5.6-luna | 77 labels,
168c7a50066b,direct_debit_payment_not_recognised,,485,70,card_payment_not_recognised,gpt-5.6-luna | 77 labels,
06008995081c,direct_debit_payment_not_recognised,,474,164,extra_charge_on_statement,gpt-5.6-luna | 77 labels,
1551f09e9880,direct_debit_payment_not_recognised,,473,123,request_refund,gpt-5.6-luna | 77 labels,
e83af689b13f,direct_debit_payment_not_recognised,,473,18,direct_debit_payment_not_recognised,gpt-5.6-luna | 77 labels,
7b4a7c0c4bd2,direct_debit_payment_not_recognised,,476,18,direct_debit_payment_not_recognised,gpt-5.6-luna | 77 labels,
f0f4e224e979,direct_debit_payment_not_recognised,,470,152,request_refund,gpt-5.6-luna | 77 labels,
e075b58645e9,direct_debit_payment_not_recognised,,470,18,direct_debit_payment_not_recognised,gpt-5.6-luna | 77 labels,
982086ce9e97,direct_debit_payment_not_recognised,,475,18,direct_debit_payment_not_recognised,gpt-5.6-luna | 77 labels,
67102952670e,direct_debit_payment_not_recognised,,471,18,direct_debit_payment_not_recognised,gpt-5.6-luna | 77 labels,
bb2476ad6519,direct_debit_payment_not_recognised,,496,44,card_payment_not_recognised,gpt-5.6-luna | 77 labels,
c952fc83f48a,direct_debit_payment_not_recognised,,471,18,direct_debit_payment_not_recognised,gpt-5.6-luna | 77 labels,
513ca2a24232,direct_debit_payment_not_recognised,,476,18,direct_debit_payment_not_recognised,gpt-5.6-luna | 77 labels,
3a47e857297a,direct_debit_payment_not_recognised,,473,18,direct_debit_payment_not_recognised,gpt-5.6-luna | 77 labels,
e61fe6f773b2,direct_debit_payment_not_recognised,,479,122,compromised_card,gpt-5.6-luna | 77 labels,
0bbc00830ab8,direct_debit_payment_not_recognised,,467,109,card_not_working,gpt-5.6-luna | 77 labels,
f0babea3a641,direct_debit_payment_not_recognised,,478,18,direct_debit_payment_not_recognised,gpt-5.6-luna | 77 labels,
41c1d6f080e7,direct_debit_payment_not_recognised,,476,18,direct_debit_payment_not_recognised,gpt-5.6-luna | 77 labels,
60317b30e714,direct_debit_payment_not_recognised,,477,18,direct_debit_payment_not_recognised,gpt-5.6-luna | 77 labels,
e5d9033da2d5,direct_debit_payment_not_recognised,,470,18,direct_debit_payment_not_recognised,gpt-5.6-luna | 77 labels,
2d28ed2edbc1,direct_debit_payment_not_recognised,,505,55,card_payment_not_recognised,gpt-5.6-luna | 77 labels,
b2e4a3d33699,direct_debit_payment_not_recognised,,499,73,card_payment_not_recognised,gpt-5.6-luna | 77 labels,
b4344abd92f0,direct_debit_payment_not_recognised,,477,18,direct_debit_payment_not_recognised,gpt-5.6-luna | 77 labels,
76b31de227f5,direct_debit_payment_not_recognised,,479,18,direct_debit_payment_not_recognised,gpt-5.6-luna | 77 labels,
9967cce2d99e,direct_debit_payment_not_recognised,,474,18,direct_debit_payment_not_recognised,gpt-5.6-luna | 77 labels,
aa5ee7397da9,direct_debit_payment_not_recognised,,481,18,direct_debit_payment_not_recognised,gpt-5.6-luna | 77 labels,
fe40e69281c2,direct_debit_payment_not_recognised,,472,18,direct_debit_payment_not_recognised,gpt-5.6-luna | 77 labels,
dd877d05f8de,direct_debit_payment_not_recognised,,474,18,direct_debit_payment_not_recognised,gpt-5.6-luna | 77 labels,
3c1f3a6004ec,direct_debit_payment_not_recognised,,477,18,direct_debit_payment_not_recognised,gpt-5.6-luna | 77 labels,
d456893a0c45,direct_debit_payment_not_recognised,,470,50,card_payment_not_recognised,gpt-5.6-luna | 77 labels,
79ed9aec79db,direct_debit_payment_not_recognised,,478,18,direct_debit_payment_not_recognised,gpt-5.6-luna | 77 labels,
8a6fbb2a2c9b,direct_debit_payment_not_recognised,,504,80,cash_withdrawal_not_recognised,gpt-5.6-luna | 77 labels,
3cec15e7effe,direct_debit_payment_not_recognised,,503,66,card_payment_not_recognised,gpt-5.6-luna | 77 labels,
1d34612cf1e3,direct_debit_payment_not_recognised,,472,99,card_payment_not_recognised,gpt-5.6-luna | 77 labels,
60105032ba4b,direct_debit_payment_not_recognised,,473,18,direct_debit_payment_not_recognised,gpt-5.6-luna | 77 labels,
a04267874efa,direct_debit_payment_not_recognised,,473,18,direct_debit_payment_not_recognised,gpt-5.6-luna | 77 labels,
cf16b00a0cef,direct_debit_payment_not_recognised,,473,16,card_payment_not_recognised,gpt-5.6-luna | 77 labels,
594f17419691,direct_debit_payment_not_recognised,,476,18,direct_debit_payment_not_recognised,gpt-5.6-luna | 77 labels,
688853f8f005,direct_debit_payment_not_recognised,,506,88,card_payment_not_recognised,gpt-5.6-luna | 77 labels,
1d0826ea8b9e,transaction_charged_twice,,467,16,transaction_charged_twice,gpt-5.6-luna | 77 labels,
f4085aae5cc1,transaction_charged_twice,,526,48,transaction_charged_twice,gpt-5.6-luna | 77 labels,
2afc8717563f,transaction_charged_twice,,472,16,transaction_charged_twice,gpt-5.6-luna | 77 labels,
fff940ff90d0,transaction_charged_twice,,518,16,transaction_charged_twice,gpt-5.6-luna | 77 labels,
23276acb7111,transaction_charged_twice,,467,16,transaction_charged_twice,gpt-5.6-luna | 77 labels,
1274575f950f,transaction_charged_twice,,491,16,transaction_charged_twice,gpt-5.6-luna | 77 labels,
beb082e3614f,transaction_charged_twice,,472,40,transaction_charged_twice,gpt-5.6-luna | 77 labels,
1bf819023c2f,transaction_charged_twice,,472,16,transaction_charged_twice,gpt-5.6-luna | 77 labels,
b1beb0196b21,transaction_charged_twice,,470,16,transaction_charged_twice,gpt-5.6-luna | 77 labels,
15422f6050b6,transaction_charged_twice,,471,16,transaction_charged_twice,gpt-5.6-luna | 77 labels,
6f70acf1b493,transaction_charged_twice,,477,16,transaction_charged_twice,gpt-5.6-luna | 77 labels,
7f3618a61268,transaction_charged_twice,,471,16,transaction_charged_twice,gpt-5.6-luna | 77 labels,
fb0b6a8720fb,transaction_charged_twice,,489,60,transaction_charged_twice,gpt-5.6-luna | 77 labels,
11b5e86d3ba9,transaction_charged_twice,,470,16,transaction_charged_twice,gpt-5.6-luna | 77 labels,
3c0b7414cb1d,transaction_charged_twice,,473,16,transaction_charged_twice,gpt-5.6-luna | 77 labels,
9b73565cc07b,transaction_charged_twice,,484,16,transaction_charged_twice,gpt-5.6-luna | 77 labels,
0f8845689682,transaction_charged_twice,,532,68,transaction_charged_twice,gpt-5.6-luna | 77 labels,
91541ec20cd0,transaction_charged_twice,,521,134,transaction_charged_twice,gpt-5.6-luna | 77 labels,
1f09664bf76c,transaction_charged_twice,,477,16,transaction_charged_twice,gpt-5.6-luna | 77 labels,
82021ce9b574,transaction_charged_twice,,468,16,transaction_charged_twice,gpt-5.6-luna | 77 labels,
4caee5466567,transaction_charged_twice,,472,40,transaction_charged_twice,gpt-5.6-luna | 77 labels,
04a322769b11,transaction_charged_twice,,467,16,transaction_charged_twice,gpt-5.6-luna | 77 labels,
9d908c20c8d8,transaction_charged_twice,,471,16,transaction_charged_twice,gpt-5.6-luna | 77 labels,
3fbf3b20b7e9,transaction_charged_twice,,470,16,transaction_charged_twice,gpt-5.6-luna | 77 labels,
1a3669654831,transaction_charged_twice,,489,16,transaction_charged_twice,gpt-5.6-luna | 77 labels,
daa9a995d318,transaction_charged_twice,,473,65,transaction_charged_twice,gpt-5.6-luna | 77 labels,
bedc8189d0b1,transaction_charged_twice,,472,49,transaction_charged_twice,gpt-5.6-luna | 77 labels,
2bae027ca4eb,transaction_charged_twice,,514,94,transaction_charged_twice,gpt-5.6-luna | 77 labels,
a38cfd59aff2,transaction_charged_twice,,491,16,transaction_charged_twice,gpt-5.6-luna | 77 labels,
a51f81d90f96,transaction_charged_twice,,467,16,transaction_charged_twice,gpt-5.6-luna | 77 labels,
26239aeedb0a,transaction_charged_twice,,468,43,transaction_charged_twice,gpt-5.6-luna | 77 labels,
e8ce8ead29ce,transaction_charged_twice,,470,16,transaction_charged_twice,gpt-5.6-luna | 77 labels,
2835a9960ba7,transaction_charged_twice,,485,16,transaction_charged_twice,gpt-5.6-luna | 77 labels,
ce74d3ac872a,transaction_charged_twice,,479,16,transaction_charged_twice,gpt-5.6-luna | 77 labels,
1ad377240bff,transaction_charged_twice,,472,16,transaction_charged_twice,gpt-5.6-luna | 77 labels,
86bdb0ce3fae,transaction_charged_twice,,471,16,transaction_charged_twice,gpt-5.6-luna | 77 labels,
9430dd7cecbc,transaction_charged_twice,,473,76,extra_charge_on_statement,gpt-5.6-luna | 77 labels,
f1ab3f190389,transaction_charged_twice,,469,52,transaction_charged_twice,gpt-5.6-luna | 77 labels,
3006b57b9630,transaction_charged_twice,,485,16,transaction_charged_twice,gpt-5.6-luna | 77 labels,
605a7661f88a,transaction_charged_twice,,526,237,transaction_charged_twice,gpt-5.6-luna | 77 labels,
8baddbea2229,transaction_charged_twice,,496,16,transaction_charged_twice,gpt-5.6-luna | 77 labels,
92c55840d29b,transaction_charged_twice,,484,16,transaction_charged_twice,gpt-5.6-luna | 77 labels,
61d8ddcbf398,transaction_charged_twice,,491,16,transaction_charged_twice,gpt-5.6-luna | 77 labels,
ee3b0f2af040,transaction_charged_twice,,470,16,transaction_charged_twice,gpt-5.6-luna | 77 labels,
cb1849b7997f,transaction_charged_twice,,519,16,transaction_charged_twice,gpt-5.6-luna | 77 labels,
d01fac97501e,transaction_charged_twice,,510,102,pending_card_payment,gpt-5.6-luna | 77 labels,
dc31c189d9dc,transaction_charged_twice,,473,16,transaction_charged_twice,gpt-5.6-luna | 77 labels,
3bbcce4ad9d1,transaction_charged_twice,,473,16,transaction_charged_twice,gpt-5.6-luna | 77 labels,
29d1daf91e7f,transaction_charged_twice,,473,16,transaction_charged_twice,gpt-5.6-luna | 77 labels,
54177c75ba20,transaction_charged_twice,,478,16,transaction_charged_twice,gpt-5.6-luna | 77 labels,
8cb19751c8a6,transaction_charged_twice,,470,34,transaction_charged_twice,gpt-5.6-luna | 77 labels,
2b592f0a137b,transaction_charged_twice,,476,37,transaction_charged_twice,gpt-5.6-luna | 77 labels,
f9618f002874,transaction_charged_twice,,503,16,transaction_charged_twice,gpt-5.6-luna | 77 labels,
967703c8766b,transaction_charged_twice,,475,16,transaction_charged_twice,gpt-5.6-luna | 77 labels,
40bec3e990b9,transaction_charged_twice,,473,16,transaction_charged_twice,gpt-5.6-luna | 77 labels,
23159f4ebead,transaction_charged_twice,,515,87,transaction_charged_twice,gpt-5.6-luna | 77 labels,
32b7c7fe1d0f,transaction_charged_twice,,477,16,transaction_charged_twice,gpt-5.6-luna | 77 labels,
d54d529baf10,transaction_charged_twice,,474,47,transaction_charged_twice,gpt-5.6-luna | 77 labels,
c62ba1aeff68,transaction_charged_twice,,515,36,transaction_charged_twice,gpt-5.6-luna | 77 labels,
7b5b08e58f6d,transaction_charged_twice,,472,16,transaction_charged_twice,gpt-5.6-luna | 77 labels,
7681578322df,transaction_charged_twice,,470,44,transaction_charged_twice,gpt-5.6-luna | 77 labels,
f9988e49f71c,transaction_charged_twice,,471,16,transaction_charged_twice,gpt-5.6-luna | 77 labels,
d3c5a46adcff,transaction_charged_twice,,469,16,transaction_charged_twice,gpt-5.6-luna | 77 labels,
8efcb379c9ae,transaction_charged_twice,,468,16,transaction_charged_twice,gpt-5.6-luna | 77 labels,
b33275476893,transaction_charged_twice,,469,48,transaction_charged_twice,gpt-5.6-luna | 77 labels,
9b50c9752d66,transaction_charged_twice,,480,16,transaction_charged_twice,gpt-5.6-luna | 77 labels,
665ddc89a338,transaction_charged_twice,,469,54,transaction_charged_twice,gpt-5.6-luna | 77 labels,
408f395f922e,transaction_charged_twice,,475,16,transaction_charged_twice,gpt-5.6-luna | 77 labels,
47ec745328fb,transaction_charged_twice,,470,16,transaction_charged_twice,gpt-5.6-luna | 77 labels,
be2955af1dba,transaction_charged_twice,,473,16,transaction_charged_twice,gpt-5.6-luna | 77 labels,
b832d6500dd6,transaction_charged_twice,,472,16,transaction_charged_twice,gpt-5.6-luna | 77 labels,
5b4b5ae96c9f,transaction_charged_twice,,488,16,transaction_charged_twice,gpt-5.6-luna | 77 labels,
1dea2370b4ab,transaction_charged_twice,,503,16,transaction_charged_twice,gpt-5.6-luna | 77 labels,
ef8dffcf7c2d,transaction_charged_twice,,475,16,transaction_charged_twice,gpt-5.6-luna | 77 labels,
351524f6a69f,transaction_charged_twice,,470,16,transaction_charged_twice,gpt-5.6-luna | 77 labels,
d588ce306aa8,transaction_charged_twice,,467,16,transaction_charged_twice,gpt-5.6-luna | 77 labels,
15b8da0203e5,transaction_charged_twice,,475,16,transaction_charged_twice,gpt-5.6-luna | 77 labels,
8933845e1218,transaction_charged_twice,,476,16,transaction_charged_twice,gpt-5.6-luna | 77 labels,
45fc13288bfc,transaction_charged_twice,,478,16,transaction_charged_twice,gpt-5.6-luna | 77 labels,
95fb6437254d,transaction_charged_twice,,487,16,transaction_charged_twice,gpt-5.6-luna | 77 labels,
1ff2842a1c54,transaction_charged_twice,,466,16,transaction_charged_twice,gpt-5.6-luna | 77 labels,
71c9171f37ad,transaction_charged_twice,,474,16,transaction_charged_twice,gpt-5.6-luna | 77 labels,
ae0423cf89f4,transaction_charged_twice,,476,16,transaction_charged_twice,gpt-5.6-luna | 77 labels,
ffb258440dce,transaction_charged_twice,,471,16,transaction_charged_twice,gpt-5.6-luna | 77 labels,
bfbd2056099f,transaction_charged_twice,,469,51,transaction_charged_twice,gpt-5.6-luna | 77 labels,
9a252d1d2d4b,transaction_charged_twice,,490,16,transaction_charged_twice,gpt-5.6-luna | 77 labels,
f8e7ba2c9e6f,transaction_charged_twice,,475,45,transaction_charged_twice,gpt-5.6-luna | 77 labels,
566bd226d02b,transaction_charged_twice,,469,16,transaction_charged_twice,gpt-5.6-luna | 77 labels,
169c316de35f,transaction_charged_twice,,472,16,transaction_charged_twice,gpt-5.6-luna | 77 labels,
0d7b02a3d252,transaction_charged_twice,,471,50,transaction_charged_twice,gpt-5.6-luna | 77 labels,
65a838b14016,transaction_charged_twice,,475,16,transaction_charged_twice,gpt-5.6-luna | 77 labels,
2772bd4fc0ec,transaction_charged_twice,,482,16,transaction_charged_twice,gpt-5.6-luna | 77 labels,
c0ac46c48688,transaction_charged_twice,,475,16,transaction_charged_twice,gpt-5.6-luna | 77 labels,
279181aa4f82,transaction_charged_twice,,513,92,transaction_charged_twice,gpt-5.6-luna | 77 labels,
4368b143bd86,transaction_charged_twice,,474,16,transaction_charged_twice,gpt-5.6-luna | 77 labels,
b16329e4b413,transaction_charged_twice,,473,16,transaction_charged_twice,gpt-5.6-luna | 77 labels,
c114d12b362b,transaction_charged_twice,,472,16,transaction_charged_twice,gpt-5.6-luna | 77 labels,
8d3b3e5ee766,transaction_charged_twice,,469,33,transaction_charged_twice,gpt-5.6-luna | 77 labels,
38f8da6505c3,transaction_charged_twice,,529,48,transaction_charged_twice,gpt-5.6-luna | 77 labels,
5a64841ed60e,transaction_charged_twice,,500,16,transaction_charged_twice,gpt-5.6-luna | 77 labels,
b1600863b0b5,transaction_charged_twice,,470,16,transaction_charged_twice,gpt-5.6-luna | 77 labels,
3703e00dc787,transaction_charged_twice,,476,16,transaction_charged_twice,gpt-5.6-luna | 77 labels,
f769f31da0fc,transaction_charged_twice,,537,16,transaction_charged_twice,gpt-5.6-luna | 77 labels,
1753b9355483,transaction_charged_twice,,471,16,transaction_charged_twice,gpt-5.6-luna | 77 labels,
79816516e46d,transaction_charged_twice,,471,16,transaction_charged_twice,gpt-5.6-luna | 77 labels,
7617bea3ab5e,transaction_charged_twice,,474,49,transaction_charged_twice,gpt-5.6-luna | 77 labels,
11ad08d961b0,transaction_charged_twice,,475,16,transaction_charged_twice,gpt-5.6-luna | 77 labels,
1b6f8a789aca,transaction_charged_twice,,476,16,transaction_charged_twice,gpt-5.6-luna | 77 labels,
217149c14508,transaction_charged_twice,,473,16,transaction_charged_twice,gpt-5.6-luna | 77 labels,
2f4709ee90c5,transaction_charged_twice,,478,16,transaction_charged_twice,gpt-5.6-luna | 77 labels,
25ee8144ff7e,transaction_charged_twice,,498,16,transaction_charged_twice,gpt-5.6-luna | 77 labels,
d397aa8695c7,transaction_charged_twice,,472,16,transaction_charged_twice,gpt-5.6-luna | 77 labels,
da09f14ccb3d,transaction_charged_twice,,466,16,transaction_charged_twice,gpt-5.6-luna | 77 labels,
f23d7a42ffb2,transaction_charged_twice,,477,16,transaction_charged_twice,gpt-5.6-luna | 77 labels,
3c44e6ce7311,transaction_charged_twice,,472,16,transaction_charged_twice,gpt-5.6-luna | 77 labels,
09b3a2054c04,transaction_charged_twice,,472,16,transaction_charged_twice,gpt-5.6-luna | 77 labels,
ef1c9a9e5c49,transaction_charged_twice,,487,16,transaction_charged_twice,gpt-5.6-luna | 77 labels,
feaa06c5d908,transaction_charged_twice,,478,50,transaction_charged_twice,gpt-5.6-luna | 77 labels,
f1ca7ba17522,transaction_charged_twice,,474,396,transfer_timing,gpt-5.6-luna | 77 labels,
b76d667871e3,transaction_charged_twice,,471,16,transaction_charged_twice,gpt-5.6-luna | 77 labels,
6de803e82146,transaction_charged_twice,,523,69,transaction_charged_twice,gpt-5.6-luna | 77 labels,
a95b373908be,transaction_charged_twice,,474,36,transaction_charged_twice,gpt-5.6-luna | 77 labels,
9fb186df4a30,transaction_charged_twice,,480,16,transaction_charged_twice,gpt-5.6-luna | 77 labels,
3b51e037e9c8,transaction_charged_twice,,470,16,transaction_charged_twice,gpt-5.6-luna | 77 labels,
5e13ccc9d24e,transaction_charged_twice,,470,16,transaction_charged_twice,gpt-5.6-luna | 77 labels,
3b2bf406dbde,transaction_charged_twice,,474,16,transaction_charged_twice,gpt-5.6-luna | 77 labels,
76d2ce1bcac7,transaction_charged_twice,,473,16,transaction_charged_twice,gpt-5.6-luna | 77 labels,
6ca9ad4e7570,transaction_charged_twice,,503,92,transaction_charged_twice,gpt-5.6-luna | 77 labels,
77d0a3857946,transaction_charged_twice,,474,35,transaction_charged_twice,gpt-5.6-luna | 77 labels,
aea34c484547,transaction_charged_twice,,471,330,card_payment_not_recognised,gpt-5.6-luna | 77 labels,
93884c202278,transaction_charged_twice,,470,16,transaction_charged_twice,gpt-5.6-luna | 77 labels,
d87138dd9852,transaction_charged_twice,,472,16,transaction_charged_twice,gpt-5.6-luna | 77 labels,
5652f218b2fd,transaction_charged_twice,,469,16,transaction_charged_twice,gpt-5.6-luna | 77 labels,
0ce578b31f24,transaction_charged_twice,,471,16,transaction_charged_twice,gpt-5.6-luna | 77 labels,
15d01183f8af,transaction_charged_twice,,497,16,transaction_charged_twice,gpt-5.6-luna | 77 labels,
1aae462a9347,transaction_charged_twice,,473,16,transaction_charged_twice,gpt-5.6-luna | 77 labels,
310a1886b8fb,transaction_charged_twice,,468,36,transaction_charged_twice,gpt-5.6-luna | 77 labels,
9dd93c1eb5e5,transaction_charged_twice,,471,16,transaction_charged_twice,gpt-5.6-luna | 77 labels,
003c8a63d5f0,transaction_charged_twice,,467,52,transaction_charged_twice,gpt-5.6-luna | 77 labels,
6a1d3780cf31,transaction_charged_twice,,471,16,transaction_charged_twice,gpt-5.6-luna | 77 labels,
24f5655fff9a,transaction_charged_twice,,471,16,transaction_charged_twice,gpt-5.6-luna | 77 labels,
e819c0499bd5,transaction_charged_twice,,492,16,transaction_charged_twice,gpt-5.6-luna | 77 labels,
42fbe20582a5,transaction_charged_twice,,483,16,transaction_charged_twice,gpt-5.6-luna | 77 labels,
c64a2d465bd9,wrong_amount_of_cash_received,,477,208,wrong_amount_of_cash_received,gpt-5.6-luna | 77 labels,
987656312a55,wrong_amount_of_cash_received,,475,15,wrong_amount_of_cash_received,gpt-5.6-luna | 77 labels,
2f9cda63ffc0,wrong_amount_of_cash_received,,489,15,wrong_amount_of_cash_received,gpt-5.6-luna | 77 labels,
8f82c22df9c0,wrong_amount_of_cash_received,,473,150,pending_cash_withdrawal,gpt-5.6-luna | 77 labels,
331281f6e45a,wrong_amount_of_cash_received,,487,41,wrong_amount_of_cash_received,gpt-5.6-luna | 77 labels,
451038750fbc,wrong_amount_of_cash_received,,475,15,wrong_amount_of_cash_received,gpt-5.6-luna | 77 labels,
7e58331d19ad,wrong_amount_of_cash_received,,476,15,wrong_amount_of_cash_received,gpt-5.6-luna | 77 labels,
585c2d9724df,wrong_amount_of_cash_received,,485,207,wrong_exchange_rate_for_cash_withdrawal,gpt-5.6-luna | 77 labels,
901d688a2523,wrong_amount_of_cash_received,,476,15,wrong_amount_of_cash_received,gpt-5.6-luna | 77 labels,
a90a8c3930c2,wrong_amount_of_cash_received,,492,42,wrong_amount_of_cash_received,gpt-5.6-luna | 77 labels,
bc0d91385b10,wrong_amount_of_cash_received,,475,15,wrong_amount_of_cash_received,gpt-5.6-luna | 77 labels,
beefc952a84a,wrong_amount_of_cash_received,,474,15,wrong_amount_of_cash_received,gpt-5.6-luna | 77 labels,
36cb1285d041,wrong_amount_of_cash_received,,470,15,wrong_amount_of_cash_received,gpt-5.6-luna | 77 labels,
58fe4f6d9804,wrong_amount_of_cash_received,,468,70,declined_cash_withdrawal,gpt-5.6-luna | 77 labels,
d9be846b0fe8,wrong_amount_of_cash_received,,468,15,wrong_amount_of_cash_received,gpt-5.6-luna | 77 labels,
4a18bd21f043,wrong_amount_of_cash_received,,472,15,wrong_amount_of_cash_received,gpt-5.6-luna | 77 labels,
5ecca15eee9d,wrong_amount_of_cash_received,,472,15,wrong_amount_of_cash_received,gpt-5.6-luna | 77 labels,
e78b25fe5576,wrong_amount_of_cash_received,,483,15,wrong_amount_of_cash_received,gpt-5.6-luna | 77 labels,
a00cd1151c5e,wrong_amount_of_cash_received,,475,15,wrong_amount_of_cash_received,gpt-5.6-luna | 77 labels,
2fffbf526ee6,wrong_amount_of_cash_received,,489,15,wrong_amount_of_cash_received,gpt-5.6-luna | 77 labels,
fdd70ee51bee,wrong_amount_of_cash_received,,479,15,wrong_amount_of_cash_received,gpt-5.6-luna | 77 labels,
8fb809cef766,wrong_amount_of_cash_received,,469,170,declined_cash_withdrawal,gpt-5.6-luna | 77 labels,
bcf8d57bd6a5,wrong_amount_of_cash_received,,471,164,declined_cash_withdrawal,gpt-5.6-luna | 77 labels,
4efc3d6c1f4d,wrong_amount_of_cash_received,,473,59,wrong_amount_of_cash_received,gpt-5.6-luna | 77 labels,
df88f64a362c,wrong_amount_of_cash_received,,471,15,wrong_amount_of_cash_received,gpt-5.6-luna | 77 labels,
822e4fe31cb1,wrong_amount_of_cash_received,,469,15,wrong_amount_of_cash_received,gpt-5.6-luna | 77 labels,
611c094e92ce,wrong_amount_of_cash_received,,470,15,wrong_amount_of_cash_received,gpt-5.6-luna | 77 labels,
96f7a5176867,wrong_amount_of_cash_received,,474,15,wrong_amount_of_cash_received,gpt-5.6-luna | 77 labels,
32aa8559ca8a,wrong_amount_of_cash_received,,496,15,wrong_amount_of_cash_received,gpt-5.6-luna | 77 labels,
047f5234db0e,wrong_amount_of_cash_received,,467,108,wrong_amount_of_cash_received,gpt-5.6-luna | 77 labels,
4478ea567bd9,wrong_amount_of_cash_received,,473,15,wrong_amount_of_cash_received,gpt-5.6-luna | 77 labels,
8d2b6965a9df,wrong_amount_of_cash_received,,488,15,wrong_amount_of_cash_received,gpt-5.6-luna | 77 labels,
45de71f0272e,wrong_amount_of_cash_received,,483,15,wrong_amount_of_cash_received,gpt-5.6-luna | 77 labels,
137b66fd6ea4,wrong_amount_of_cash_received,,466,428,balance_not_updated_after_cheque_or_cash_deposit,gpt-5.6-luna | 77 labels,
83abcd49808b,wrong_amount_of_cash_received,,470,15,wrong_amount_of_cash_received,gpt-5.6-luna | 77 labels,
0ef18cff1ce4,wrong_amount_of_cash_received,,479,15,wrong_amount_of_cash_received,gpt-5.6-luna | 77 labels,
0a852f83b379,wrong_amount_of_cash_received,,480,226,declined_cash_withdrawal,gpt-5.6-luna | 77 labels,
7267d4aa26b9,wrong_amount_of_cash_received,,469,77,pending_cash_withdrawal,gpt-5.6-luna | 77 labels,
edfeb0bdfb19,wrong_amount_of_cash_received,,496,15,wrong_amount_of_cash_received,gpt-5.6-luna | 77 labels,
07b993baf5fc,wrong_amount_of_cash_received,,475,62,wrong_amount_of_cash_received,gpt-5.6-luna | 77 labels,
36cf5420c0fc,wrong_amount_of_cash_received,,474,15,wrong_amount_of_cash_received,gpt-5.6-luna | 77 labels,
4e0c75392563,wrong_amount_of_cash_received,,478,15,wrong_amount_of_cash_received,gpt-5.6-luna | 77 labels,
e9593a600005,wrong_amount_of_cash_received,,476,417,pending_cash_withdrawal,gpt-5.6-luna | 77 labels,
6896baca7b92,wrong_amount_of_cash_received,,471,54,wrong_amount_of_cash_received,gpt-5.6-luna | 77 labels,
fabbb33b2c27,wrong_amount_of_cash_received,,474,15,wrong_amount_of_cash_received,gpt-5.6-luna | 77 labels,
1ad5e13b6641,wrong_amount_of_cash_received,,482,15,wrong_amount_of_cash_received,gpt-5.6-luna | 77 labels,
99f7a7e66206,wrong_amount_of_cash_received,,511,51,wrong_amount_of_cash_received,gpt-5.6-luna | 77 labels,
cacd98bac87a,wrong_amount_of_cash_received,,479,15,wrong_amount_of_cash_received,gpt-5.6-luna | 77 labels,
19bb55a2cd9c,wrong_amount_of_cash_received,,472,15,wrong_amount_of_cash_received,gpt-5.6-luna | 77 labels,
ce0dc7907003,wrong_amount_of_cash_received,,472,15,wrong_amount_of_cash_received,gpt-5.6-luna | 77 labels,
0ab6f8de51d6,wrong_amount_of_cash_received,,475,15,wrong_amount_of_cash_received,gpt-5.6-luna | 77 labels,
e11976dcb653,wrong_amount_of_cash_received,,481,15,wrong_amount_of_cash_received,gpt-5.6-luna | 77 labels,
c4eddbd814a0,wrong_amount_of_cash_received,,477,15,wrong_amount_of_cash_received,gpt-5.6-luna | 77 labels,
cdae523d1359,wrong_amount_of_cash_received,,477,15,wrong_amount_of_cash_received,gpt-5.6-luna | 77 labels,
72ba574b41d6,wrong_amount_of_cash_received,,499,32,wrong_amount_of_cash_received,gpt-5.6-luna | 77 labels,
22ddf3b81901,wrong_amount_of_cash_received,,498,15,wrong_amount_of_cash_received,gpt-5.6-luna | 77 labels,
b38a242fc969,wrong_amount_of_cash_received,,475,15,wrong_amount_of_cash_received,gpt-5.6-luna | 77 labels,
ddf118136d7b,wrong_amount_of_cash_received,,506,15,wrong_amount_of_cash_received,gpt-5.6-luna | 77 labels,
6c4655a7c29d,wrong_amount_of_cash_received,,474,15,wrong_amount_of_cash_received,gpt-5.6-luna | 77 labels,
85b674865f8f,wrong_amount_of_cash_received,,474,15,wrong_amount_of_cash_received,gpt-5.6-luna | 77 labels,
920ab57388eb,wrong_amount_of_cash_received,,471,15,wrong_amount_of_cash_received,gpt-5.6-luna | 77 labels,
947f5e98b3b7,wrong_amount_of_cash_received,,506,15,wrong_amount_of_cash_received,gpt-5.6-luna | 77 labels,
d97458d81f40,wrong_amount_of_cash_received,,517,15,wrong_amount_of_cash_received,gpt-5.6-luna | 77 labels,
6cdd52c310d0,wrong_amount_of_cash_received,,471,78,pending_cash_withdrawal,gpt-5.6-luna | 77 labels,
7f7ac8d33fb7,wrong_amount_of_cash_received,,473,15,wrong_amount_of_cash_received,gpt-5.6-luna | 77 labels,
effac420a501,wrong_amount_of_cash_received,,475,80,wrong_amount_of_cash_received,gpt-5.6-luna | 77 labels,
17e71508f13e,wrong_amount_of_cash_received,,476,15,wrong_amount_of_cash_received,gpt-5.6-luna | 77 labels,
e987a63d9110,wrong_amount_of_cash_received,,494,15,wrong_amount_of_cash_received,gpt-5.6-luna | 77 labels,
636d76173536,wrong_amount_of_cash_received,,474,15,wrong_amount_of_cash_received,gpt-5.6-luna | 77 labels,
d72396a3b8a5,wrong_amount_of_cash_received,,470,59,declined_cash_withdrawal,gpt-5.6-luna | 77 labels,
2d02dfc4a1c1,wrong_amount_of_cash_received,,475,15,wrong_amount_of_cash_received,gpt-5.6-luna | 77 labels,
641b73f92424,wrong_amount_of_cash_received,,470,15,wrong_amount_of_cash_received,gpt-5.6-luna | 77 labels,
5339f9577723,wrong_amount_of_cash_received,,473,15,wrong_amount_of_cash_received,gpt-5.6-luna | 77 labels,
79371e175396,wrong_amount_of_cash_received,,470,15,wrong_amount_of_cash_received,gpt-5.6-luna | 77 labels,
51ad326e37c3,wrong_amount_of_cash_received,,474,15,wrong_amount_of_cash_received,gpt-5.6-luna | 77 labels,
7868fb832740,wrong_amount_of_cash_received,,482,75,wrong_amount_of_cash_received,gpt-5.6-luna | 77 labels,
5d0b1ab69f54,wrong_amount_of_cash_received,,473,72,wrong_amount_of_cash_received,gpt-5.6-luna | 77 labels,
e4aa102f7248,wrong_amount_of_cash_received,,472,15,wrong_amount_of_cash_received,gpt-5.6-luna | 77 labels,
bbf4dbf243a7,wrong_amount_of_cash_received,,480,176,wrong_amount_of_cash_received,gpt-5.6-luna | 77 labels,
6551bc84a4e3,wrong_amount_of_cash_received,,505,15,wrong_amount_of_cash_received,gpt-5.6-luna | 77 labels,
6f50f86db7bf,wrong_amount_of_cash_received,,475,15,wrong_amount_of_cash_received,gpt-5.6-luna | 77 labels,
8edc5d7cfc17,wrong_amount_of_cash_received,,485,15,wrong_amount_of_cash_received,gpt-5.6-luna | 77 labels,
9b7b1958cb5b,wrong_amount_of_cash_received,,474,15,wrong_amount_of_cash_received,gpt-5.6-luna | 77 labels,
fd1b68b32987,wrong_amount_of_cash_received,,469,15,wrong_amount_of_cash_received,gpt-5.6-luna | 77 labels,
dfe5fe2ab0fa,wrong_amount_of_cash_received,,471,15,wrong_amount_of_cash_received,gpt-5.6-luna | 77 labels,
a44ab0a44236,wrong_amount_of_cash_received,,483,173,wrong_amount_of_cash_received,gpt-5.6-luna | 77 labels,
e16046eb58b8,wrong_amount_of_cash_received,,474,42,wrong_amount_of_cash_received,gpt-5.6-luna | 77 labels,
f9cb03e0fc92,wrong_amount_of_cash_received,,477,15,wrong_amount_of_cash_received,gpt-5.6-luna | 77 labels,
9b9391b3c63d,wrong_amount_of_cash_received,,474,63,declined_cash_withdrawal,gpt-5.6-luna | 77 labels,
590ca01bb55f,wrong_amount_of_cash_received,,474,62,wrong_amount_of_cash_received,gpt-5.6-luna | 77 labels,
9d4d0424a014,wrong_amount_of_cash_received,,471,15,wrong_amount_of_cash_received,gpt-5.6-luna | 77 labels,
3528bdb33b8a,wrong_amount_of_cash_received,,470,15,wrong_amount_of_cash_received,gpt-5.6-luna | 77 labels,
b9d8fb2b084f,wrong_amount_of_cash_received,,472,15,wrong_amount_of_cash_received,gpt-5.6-luna | 77 labels,
da6eec5e7eb7,wrong_amount_of_cash_received,,499,15,wrong_amount_of_cash_received,gpt-5.6-luna | 77 labels,
d7057972298e,wrong_amount_of_cash_received,,468,96,declined_cash_withdrawal,gpt-5.6-luna | 77 labels,
f3aa2635a9df,wrong_amount_of_cash_received,,471,80,wrong_amount_of_cash_received,gpt-5.6-luna | 77 labels,
c17dd429d206,wrong_amount_of_cash_received,,475,15,wrong_amount_of_cash_received,gpt-5.6-luna | 77 labels,
a8c46db5cf56,wrong_amount_of_cash_received,,482,124,wrong_amount_of_cash_received,gpt-5.6-luna | 77 labels,
be5bd7c7ed55,wrong_amount_of_cash_received,,471,15,wrong_amount_of_cash_received,gpt-5.6-luna | 77 labels,
0edd39af21fe,wrong_amount_of_cash_received,,473,15,wrong_amount_of_cash_received,gpt-5.6-luna | 77 labels,
985b84b1c431,wrong_amount_of_cash_received,,520,15,wrong_amount_of_cash_received,gpt-5.6-luna | 77 labels,
66738f3a8f4f,wrong_amount_of_cash_received,,505,15,wrong_amount_of_cash_received,gpt-5.6-luna | 77 labels,
219e5d6e1b23,wrong_amount_of_cash_received,,484,15,wrong_amount_of_cash_received,gpt-5.6-luna | 77 labels,
0bb0f42103a7,wrong_amount_of_cash_received,,477,15,wrong_amount_of_cash_received,gpt-5.6-luna | 77 labels,
00a4e5b73a0b,wrong_amount_of_cash_received,,472,15,wrong_amount_of_cash_received,gpt-5.6-luna | 77 labels,
a4681c5f79f8,wrong_amount_of_cash_received,,479,15,wrong_amount_of_cash_received,gpt-5.6-luna | 77 labels,
2ac8ae1d0b15,wrong_amount_of_cash_received,,484,182,wrong_amount_of_cash_received,gpt-5.6-luna | 77 labels,
00e58c5bf526,wrong_amount_of_cash_received,,501,15,wrong_amount_of_cash_received,gpt-5.6-luna | 77 labels,
f12e1d220925,wrong_amount_of_cash_received,,471,15,wrong_amount_of_cash_received,gpt-5.6-luna | 77 labels,
094704873dbc,wrong_amount_of_cash_received,,484,42,wrong_amount_of_cash_received,gpt-5.6-luna | 77 labels,
0be8597ee257,wrong_amount_of_cash_received,,475,81,wrong_amount_of_cash_received,gpt-5.6-luna | 77 labels,
6f38093e656f,wrong_amount_of_cash_received,,470,15,wrong_amount_of_cash_received,gpt-5.6-luna | 77 labels,
452d86303e75,wrong_amount_of_cash_received,,471,15,wrong_amount_of_cash_received,gpt-5.6-luna | 77 labels,
a636a648a7d7,wrong_amount_of_cash_received,,477,15,wrong_amount_of_cash_received,gpt-5.6-luna | 77 labels,
5f915a8ff595,wrong_amount_of_cash_received,,476,15,wrong_amount_of_cash_received,gpt-5.6-luna | 77 labels,
dba2c6481283,wrong_amount_of_cash_received,,471,41,wrong_amount_of_cash_received,gpt-5.6-luna | 77 labels,
44942d5baaed,wrong_amount_of_cash_received,,475,15,wrong_amount_of_cash_received,gpt-5.6-luna | 77 labels,
a2dc64c1f11e,wrong_amount_of_cash_received,,471,44,wrong_amount_of_cash_received,gpt-5.6-luna | 77 labels,
6d39a47030a1,wrong_amount_of_cash_received,,468,50,wrong_amount_of_cash_received,gpt-5.6-luna | 77 labels,
0c32116ee667,wrong_amount_of_cash_received,,471,15,wrong_amount_of_cash_received,gpt-5.6-luna | 77 labels,
b5af041d1faa,wrong_amount_of_cash_received,,487,15,wrong_amount_of_cash_received,gpt-5.6-luna | 77 labels,
175625fb86e1,wrong_amount_of_cash_received,,479,71,wrong_amount_of_cash_received,gpt-5.6-luna | 77 labels,
ffb0c7c6f4f1,wrong_amount_of_cash_received,,469,15,wrong_amount_of_cash_received,gpt-5.6-luna | 77 labels,
4552cd92cf6e,wrong_amount_of_cash_received,,470,15,wrong_amount_of_cash_received,gpt-5.6-luna | 77 labels,
cf69b16c1563,wrong_amount_of_cash_received,,479,15,wrong_amount_of_cash_received,gpt-5.6-luna | 77 labels,
85a124547b94,wrong_amount_of_cash_received,,475,15,wrong_amount_of_cash_received,gpt-5.6-luna | 77 labels,
12e3b9ca3c1c,wrong_amount_of_cash_received,,476,15,wrong_amount_of_cash_received,gpt-5.6-luna | 77 labels,
3f8328c6491b,wrong_amount_of_cash_received,,475,15,wrong_amount_of_cash_received,gpt-5.6-luna | 77 labels,
96d60841b9fa,wrong_amount_of_cash_received,,481,64,wrong_amount_of_cash_received,gpt-5.6-luna | 77 labels,
f19ea4a82826,wrong_amount_of_cash_received,,495,15,wrong_amount_of_cash_received,gpt-5.6-luna | 77 labels,
b0ecafe33b1c,wrong_amount_of_cash_received,,495,15,wrong_amount_of_cash_received,gpt-5.6-luna | 77 labels,
23cf8eab664f,wrong_amount_of_cash_received,,469,120,wrong_amount_of_cash_received,gpt-5.6-luna | 77 labels,
b5de7cdc0ebd,wrong_amount_of_cash_received,,476,15,wrong_amount_of_cash_received,gpt-5.6-luna | 77 labels,
40c62c53b27f,wrong_amount_of_cash_received,,485,15,wrong_amount_of_cash_received,gpt-5.6-luna | 77 labels,
4574c84bfee7,wrong_amount_of_cash_received,,480,15,wrong_amount_of_cash_received,gpt-5.6-luna | 77 labels,
c752bc1d8c76,wrong_amount_of_cash_received,,496,15,wrong_amount_of_cash_received,gpt-5.6-luna | 77 labels,
dd70ba431f7d,wrong_amount_of_cash_received,,485,81,wrong_amount_of_cash_received,gpt-5.6-luna | 77 labels,
c06b9a804f97,wrong_amount_of_cash_received,,474,15,wrong_amount_of_cash_received,gpt-5.6-luna | 77 labels,
cb2a622bdcbf,wrong_amount_of_cash_received,,487,15,wrong_amount_of_cash_received,gpt-5.6-luna | 77 labels,
8b711d8aaaab,wrong_amount_of_cash_received,,477,15,wrong_amount_of_cash_received,gpt-5.6-luna | 77 labels,
b01d23ff8e36,wrong_amount_of_cash_received,,474,15,wrong_amount_of_cash_received,gpt-5.6-luna | 77 labels,
327423ead4e4,wrong_amount_of_cash_received,,511,15,wrong_amount_of_cash_received,gpt-5.6-luna | 77 labels,
256fea75bb5d,wrong_amount_of_cash_received,,514,148,pending_cash_withdrawal,gpt-5.6-luna | 77 labels,
95be65c8effd,balance_not_updated_after_cheque_or_cash_deposit,,477,70,balance_not_updated_after_cheque_or_cash_deposit,gpt-5.6-terra | 77 labels,
67450afabf21,balance_not_updated_after_cheque_or_cash_deposit,,488,20,balance_not_updated_after_cheque_or_cash_deposit,gpt-5.6-terra | 77 labels,
fed9b568ae52,balance_not_updated_after_cheque_or_cash_deposit,,471,20,balance_not_updated_after_cheque_or_cash_deposit,gpt-5.6-terra | 77 labels,
e4b57397a236,balance_not_updated_after_cheque_or_cash_deposit,,474,55,balance_not_updated_after_cheque_or_cash_deposit,gpt-5.6-terra | 77 labels,
bd77634c8269,balance_not_updated_after_cheque_or_cash_deposit,,474,20,balance_not_updated_after_cheque_or_cash_deposit,gpt-5.6-terra | 77 labels,
c855eeb9c8ff,balance_not_updated_after_cheque_or_cash_deposit,,483,160,balance_not_updated_after_cheque_or_cash_deposit,gpt-5.6-terra | 77 labels,
c954629d0423,balance_not_updated_after_cheque_or_cash_deposit,,477,20,balance_not_updated_after_cheque_or_cash_deposit,gpt-5.6-terra | 77 labels,
aef1a86db550,balance_not_updated_after_cheque_or_cash_deposit,,479,20,balance_not_updated_after_cheque_or_cash_deposit,gpt-5.6-terra | 77 labels,
6f1e9c419377,balance_not_updated_after_cheque_or_cash_deposit,,482,20,balance_not_updated_after_cheque_or_cash_deposit,gpt-5.6-terra | 77 labels,
a5b9850912e7,balance_not_updated_after_cheque_or_cash_deposit,,483,130,balance_not_updated_after_bank_transfer,gpt-5.6-terra | 77 labels,
418382fb0b17,balance_not_updated_after_cheque_or_cash_deposit,,479,20,balance_not_updated_after_cheque_or_cash_deposit,gpt-5.6-terra | 77 labels,
9ea091f8fddb,balance_not_updated_after_cheque_or_cash_deposit,,469,20,balance_not_updated_after_cheque_or_cash_deposit,gpt-5.6-terra | 77 labels,
39dd2750a515,balance_not_updated_after_cheque_or_cash_deposit,,473,20,balance_not_updated_after_cheque_or_cash_deposit,gpt-5.6-terra | 77 labels,
77ead8e49b39,balance_not_updated_after_cheque_or_cash_deposit,,482,20,balance_not_updated_after_cheque_or_cash_deposit,gpt-5.6-terra | 77 labels,
f5e6a45159a0,balance_not_updated_after_cheque_or_cash_deposit,,479,20,balance_not_updated_after_cheque_or_cash_deposit,gpt-5.6-terra | 77 labels,
f5326572c7fb,balance_not_updated_after_cheque_or_cash_deposit,,475,20,balance_not_updated_after_cheque_or_cash_deposit,gpt-5.6-terra | 77 labels,
dfe54a7795f9,balance_not_updated_after_cheque_or_cash_deposit,,484,94,balance_not_updated_after_cheque_or_cash_deposit,gpt-5.6-terra | 77 labels,
5a156e22dca0,balance_not_updated_after_cheque_or_cash_deposit,,485,86,balance_not_updated_after_bank_transfer,gpt-5.6-terra | 77 labels,
e69ff0d2d89b,balance_not_updated_after_cheque_or_cash_deposit,,476,20,balance_not_updated_after_cheque_or_cash_deposit,gpt-5.6-terra | 77 labels,
fa38c3c9922e,balance_not_updated_after_cheque_or_cash_deposit,,474,20,balance_not_updated_after_cheque_or_cash_deposit,gpt-5.6-terra | 77 labels,
c1dc9c3d2f71,balance_not_updated_after_cheque_or_cash_deposit,,469,47,balance_not_updated_after_cheque_or_cash_deposit,gpt-5.6-terra | 77 labels,
e0ef032b24dd,balance_not_updated_after_cheque_or_cash_deposit,,477,20,balance_not_updated_after_cheque_or_cash_deposit,gpt-5.6-terra | 77 labels,
c80e960f9e6a,balance_not_updated_after_cheque_or_cash_deposit,,477,20,balance_not_updated_after_cheque_or_cash_deposit,gpt-5.6-terra | 77 labels,
251ebd12f09d,balance_not_updated_after_cheque_or_cash_deposit,,473,20,balance_not_updated_after_cheque_or_cash_deposit,gpt-5.6-terra | 77 labels,
002090f3d34e,balance_not_updated_after_cheque_or_cash_deposit,,476,20,balance_not_updated_after_cheque_or_cash_deposit,gpt-5.6-terra | 77 labels,
4584ee3536fc,balance_not_updated_after_cheque_or_cash_deposit,,467,90,balance_not_updated_after_cheque_or_cash_deposit,gpt-5.6-terra | 77 labels,
df6484a787da,balance_not_updated_after_cheque_or_cash_deposit,,476,20,balance_not_updated_after_cheque_or_cash_deposit,gpt-5.6-terra | 77 labels,
e1316813d938,balance_not_updated_after_cheque_or_cash_deposit,,479,20,balance_not_updated_after_cheque_or_cash_deposit,gpt-5.6-terra | 77 labels,
22a30739c509,balance_not_updated_after_cheque_or_cash_deposit,,471,20,balance_not_updated_after_cheque_or_cash_deposit,gpt-5.6-terra | 77 labels,
52a6c1f8650c,balance_not_updated_after_cheque_or_cash_deposit,,468,20,balance_not_updated_after_cheque_or_cash_deposit,gpt-5.6-terra | 77 labels,
cb129bbcb34e,balance_not_updated_after_cheque_or_cash_deposit,,473,20,balance_not_updated_after_cheque_or_cash_deposit,gpt-5.6-terra | 77 labels,
17096ec0f07a,balance_not_updated_after_cheque_or_cash_deposit,,488,20,balance_not_updated_after_cheque_or_cash_deposit,gpt-5.6-terra | 77 labels,
d210e8b47074,balance_not_updated_after_cheque_or_cash_deposit,,481,20,balance_not_updated_after_cheque_or_cash_deposit,gpt-5.6-terra | 77 labels,
4f2616e2616d,balance_not_updated_after_cheque_or_cash_deposit,,476,20,balance_not_updated_after_cheque_or_cash_deposit,gpt-5.6-terra | 77 labels,
eecba28975eb,balance_not_updated_after_cheque_or_cash_deposit,,476,20,balance_not_updated_after_cheque_or_cash_deposit,gpt-5.6-terra | 77 labels,
3e0fe7ecaf8d,balance_not_updated_after_cheque_or_cash_deposit,,475,20,balance_not_updated_after_cheque_or_cash_deposit,gpt-5.6-terra | 77 labels,
14c97e22aeea,balance_not_updated_after_cheque_or_cash_deposit,,472,20,balance_not_updated_after_cheque_or_cash_deposit,gpt-5.6-terra | 77 labels,
d4fb63f440ff,balance_not_updated_after_cheque_or_cash_deposit,,475,64,balance_not_updated_after_cheque_or_cash_deposit,gpt-5.6-terra | 77 labels,
9a9af8d91e86,balance_not_updated_after_cheque_or_cash_deposit,,474,20,balance_not_updated_after_cheque_or_cash_deposit,gpt-5.6-terra | 77 labels,
8fdf6ebba0c5,balance_not_updated_after_cheque_or_cash_deposit,,468,55,balance_not_updated_after_cheque_or_cash_deposit,gpt-5.6-terra | 77 labels,
47cd85ef7b7e,balance_not_updated_after_cheque_or_cash_deposit,,498,20,balance_not_updated_after_cheque_or_cash_deposit,gpt-5.6-terra | 77 labels,
ece79bf2c2b2,balance_not_updated_after_cheque_or_cash_deposit,,474,79,pending_top_up,gpt-5.6-terra | 77 labels,
82cd01deb6a3,balance_not_updated_after_cheque_or_cash_deposit,,472,20,balance_not_updated_after_cheque_or_cash_deposit,gpt-5.6-terra | 77 labels,
26fe6473dada,balance_not_updated_after_cheque_or_cash_deposit,,480,20,balance_not_updated_after_cheque_or_cash_deposit,gpt-5.6-terra | 77 labels,
55e80032c2b0,balance_not_updated_after_cheque_or_cash_deposit,,471,20,balance_not_updated_after_cheque_or_cash_deposit,gpt-5.6-terra | 77 labels,
952740e1e707,balance_not_updated_after_cheque_or_cash_deposit,,472,20,balance_not_updated_after_cheque_or_cash_deposit,gpt-5.6-terra | 77 labels,
7d26f507a249,balance_not_updated_after_cheque_or_cash_deposit,,486,20,balance_not_updated_after_cheque_or_cash_deposit,gpt-5.6-terra | 77 labels,
4368c0b86354,balance_not_updated_after_cheque_or_cash_deposit,,478,41,balance_not_updated_after_cheque_or_cash_deposit,gpt-5.6-terra | 77 labels,
8f22a794c2c4,balance_not_updated_after_cheque_or_cash_deposit,,478,20,balance_not_updated_after_cheque_or_cash_deposit,gpt-5.6-terra | 77 labels,
85105f7f693e,balance_not_updated_after_cheque_or_cash_deposit,,474,20,balance_not_updated_after_cheque_or_cash_deposit,gpt-5.6-terra | 77 labels,
65e51ce17e55,balance_not_updated_after_cheque_or_cash_deposit,,502,20,balance_not_updated_after_cheque_or_cash_deposit,gpt-5.6-terra | 77 labels,
301df4b21b46,balance_not_updated_after_cheque_or_cash_deposit,,473,48,balance_not_updated_after_cheque_or_cash_deposit,gpt-5.6-terra | 77 labels,
b3844f008d61,balance_not_updated_after_cheque_or_cash_deposit,,469,15,pending_cash_withdrawal,gpt-5.6-terra | 77 labels,
9f6c1cb940f4,balance_not_updated_after_cheque_or_cash_deposit,,486,20,balance_not_updated_after_cheque_or_cash_deposit,gpt-5.6-terra | 77 labels,
5acc6434f067,balance_not_updated_after_cheque_or_cash_deposit,,475,20,balance_not_updated_after_cheque_or_cash_deposit,gpt-5.6-terra | 77 labels,
af6fb65fea38,balance_not_updated_after_cheque_or_cash_deposit,,492,20,balance_not_updated_after_cheque_or_cash_deposit,gpt-5.6-terra | 77 labels,
d124d3ef2071,balance_not_updated_after_cheque_or_cash_deposit,,475,20,balance_not_updated_after_cheque_or_cash_deposit,gpt-5.6-terra | 77 labels,
cb0efdeb51a4,balance_not_updated_after_cheque_or_cash_deposit,,473,20,balance_not_updated_after_cheque_or_cash_deposit,gpt-5.6-terra | 77 labels,
399d4960f50e,balance_not_updated_after_cheque_or_cash_deposit,,474,20,balance_not_updated_after_cheque_or_cash_deposit,gpt-5.6-terra | 77 labels,
49bac980ba6e,balance_not_updated_after_cheque_or_cash_deposit,,471,20,balance_not_updated_after_cheque_or_cash_deposit,gpt-5.6-terra | 77 labels,
49a8d0ae183b,balance_not_updated_after_cheque_or_cash_deposit,,474,20,balance_not_updated_after_cheque_or_cash_deposit,gpt-5.6-terra | 77 labels,
28147bb831de,balance_not_updated_after_cheque_or_cash_deposit,,470,64,balance_not_updated_after_cheque_or_cash_deposit,gpt-5.6-terra | 77 labels,
65a122f8d9b0,balance_not_updated_after_cheque_or_cash_deposit,,478,20,balance_not_updated_after_cheque_or_cash_deposit,gpt-5.6-terra | 77 labels,
b782a8ea70f9,balance_not_updated_after_cheque_or_cash_deposit,,477,20,balance_not_updated_after_cheque_or_cash_deposit,gpt-5.6-terra | 77 labels,
db0947fae072,balance_not_updated_after_cheque_or_cash_deposit,,475,20,balance_not_updated_after_cheque_or_cash_deposit,gpt-5.6-terra | 77 labels,
3930dd20c654,balance_not_updated_after_cheque_or_cash_deposit,,476,20,balance_not_updated_after_cheque_or_cash_deposit,gpt-5.6-terra | 77 labels,
a0d30db8850d,balance_not_updated_after_cheque_or_cash_deposit,,475,20,balance_not_updated_after_cheque_or_cash_deposit,gpt-5.6-terra | 77 labels,
d8cea0687560,balance_not_updated_after_cheque_or_cash_deposit,,469,45,balance_not_updated_after_cheque_or_cash_deposit,gpt-5.6-terra | 77 labels,
7f998f812f9c,balance_not_updated_after_cheque_or_cash_deposit,,499,20,balance_not_updated_after_cheque_or_cash_deposit,gpt-5.6-terra | 77 labels,
636695beb551,balance_not_updated_after_cheque_or_cash_deposit,,468,43,balance_not_updated_after_cheque_or_cash_deposit,gpt-5.6-terra | 77 labels,
ce3b26adcfa9,balance_not_updated_after_cheque_or_cash_deposit,,481,20,balance_not_updated_after_cheque_or_cash_deposit,gpt-5.6-terra | 77 labels,
894b8924558d,balance_not_updated_after_cheque_or_cash_deposit,,471,17,top_up_by_cash_or_cheque,gpt-5.6-terra | 77 labels,
a27cd3fb0ad3,balance_not_updated_after_cheque_or_cash_deposit,,471,20,balance_not_updated_after_cheque_or_cash_deposit,gpt-5.6-terra | 77 labels,
814051844108,balance_not_updated_after_cheque_or_cash_deposit,,470,20,balance_not_updated_after_cheque_or_cash_deposit,gpt-5.6-terra | 77 labels,
2887a3440881,balance_not_updated_after_cheque_or_cash_deposit,,478,20,balance_not_updated_after_cheque_or_cash_deposit,gpt-5.6-terra | 77 labels,
0572e89016e5,balance_not_updated_after_cheque_or_cash_deposit,,472,20,balance_not_updated_after_cheque_or_cash_deposit,gpt-5.6-terra | 77 labels,
74ecc573011c,balance_not_updated_after_cheque_or_cash_deposit,,478,20,balance_not_updated_after_cheque_or_cash_deposit,gpt-5.6-terra | 77 labels,
d0e5ae4f44d3,balance_not_updated_after_cheque_or_cash_deposit,,474,20,balance_not_updated_after_cheque_or_cash_deposit,gpt-5.6-terra | 77 labels,
fdb50a0760c8,balance_not_updated_after_cheque_or_cash_deposit,,480,43,balance_not_updated_after_cheque_or_cash_deposit,gpt-5.6-terra | 77 labels,
072f069025ee,balance_not_updated_after_cheque_or_cash_deposit,,471,43,balance_not_updated_after_cheque_or_cash_deposit,gpt-5.6-terra | 77 labels,
40127bd0e356,balance_not_updated_after_cheque_or_cash_deposit,,478,20,balance_not_updated_after_cheque_or_cash_deposit,gpt-5.6-terra | 77 labels,
78085a590232,balance_not_updated_after_cheque_or_cash_deposit,,470,20,balance_not_updated_after_cheque_or_cash_deposit,gpt-5.6-terra | 77 labels,
bd814c1b9aec,balance_not_updated_after_cheque_or_cash_deposit,,476,56,balance_not_updated_after_cheque_or_cash_deposit,gpt-5.6-terra | 77 labels,
ebba406bc5f7,balance_not_updated_after_cheque_or_cash_deposit,,480,20,balance_not_updated_after_cheque_or_cash_deposit,gpt-5.6-terra | 77 labels,
f3375be04def,balance_not_updated_after_cheque_or_cash_deposit,,474,46,balance_not_updated_after_cheque_or_cash_deposit,gpt-5.6-terra | 77 labels,
1bb1f2343edf,balance_not_updated_after_cheque_or_cash_deposit,,471,20,balance_not_updated_after_cheque_or_cash_deposit,gpt-5.6-terra | 77 labels,
95b23ce414e8,balance_not_updated_after_cheque_or_cash_deposit,,475,20,balance_not_updated_after_cheque_or_cash_deposit,gpt-5.6-terra | 77 labels,
d4a6ed135062,balance_not_updated_after_cheque_or_cash_deposit,,481,20,balance_not_updated_after_cheque_or_cash_deposit,gpt-5.6-terra | 77 labels,
2e55e3349671,balance_not_updated_after_cheque_or_cash_deposit,,482,20,balance_not_updated_after_cheque_or_cash_deposit,gpt-5.6-terra | 77 labels,
ebacef22877a,balance_not_updated_after_cheque_or_cash_deposit,,475,20,balance_not_updated_after_cheque_or_cash_deposit,gpt-5.6-terra | 77 labels,
5b6066d965f9,balance_not_updated_after_cheque_or_cash_deposit,,479,20,balance_not_updated_after_cheque_or_cash_deposit,gpt-5.6-terra | 77 labels,
4387cc717e6e,balance_not_updated_after_cheque_or_cash_deposit,,472,20,balance_not_updated_after_cheque_or_cash_deposit,gpt-5.6-terra | 77 labels,
bdd72b26e415,balance_not_updated_after_cheque_or_cash_deposit,,481,20,balance_not_updated_after_cheque_or_cash_deposit,gpt-5.6-terra | 77 labels,
9c2576fd9eeb,balance_not_updated_after_cheque_or_cash_deposit,,494,20,balance_not_updated_after_cheque_or_cash_deposit,gpt-5.6-terra | 77 labels,
ed87c4508666,balance_not_updated_after_cheque_or_cash_deposit,,488,20,balance_not_updated_after_cheque_or_cash_deposit,gpt-5.6-terra | 77 labels,
3c7c4669529f,balance_not_updated_after_cheque_or_cash_deposit,,475,20,balance_not_updated_after_cheque_or_cash_deposit,gpt-5.6-terra | 77 labels,
987f9f67f333,balance_not_updated_after_cheque_or_cash_deposit,,476,20,balance_not_updated_after_cheque_or_cash_deposit,gpt-5.6-terra | 77 labels,
f051ca99d8f4,balance_not_updated_after_cheque_or_cash_deposit,,485,20,balance_not_updated_after_cheque_or_cash_deposit,gpt-5.6-terra | 77 labels,
51d1318b7dd4,balance_not_updated_after_cheque_or_cash_deposit,,476,47,balance_not_updated_after_cheque_or_cash_deposit,gpt-5.6-terra | 77 labels,
04e1aca26658,balance_not_updated_after_cheque_or_cash_deposit,,476,20,balance_not_updated_after_cheque_or_cash_deposit,gpt-5.6-terra | 77 labels,
d96d7310c0be,balance_not_updated_after_cheque_or_cash_deposit,,493,20,balance_not_updated_after_cheque_or_cash_deposit,gpt-5.6-terra | 77 labels,
d8952e0ce426,balance_not_updated_after_cheque_or_cash_deposit,,469,60,balance_not_updated_after_cheque_or_cash_deposit,gpt-5.6-terra | 77 labels,
093d52dea9ec,balance_not_updated_after_cheque_or_cash_deposit,,482,52,balance_not_updated_after_cheque_or_cash_deposit,gpt-5.6-terra | 77 labels,
b19996c46e62,balance_not_updated_after_cheque_or_cash_deposit,,486,20,balance_not_updated_after_cheque_or_cash_deposit,gpt-5.6-terra | 77 labels,
f8daf182d849,balance_not_updated_after_cheque_or_cash_deposit,,470,20,balance_not_updated_after_cheque_or_cash_deposit,gpt-5.6-terra | 77 labels,
1bc9a34ff066,balance_not_updated_after_cheque_or_cash_deposit,,476,104,balance_not_updated_after_cheque_or_cash_deposit,gpt-5.6-terra | 77 labels,
b587fec2d656,balance_not_updated_after_cheque_or_cash_deposit,,484,53,balance_not_updated_after_cheque_or_cash_deposit,gpt-5.6-terra | 77 labels,
ecf8648dea9b,balance_not_updated_after_cheque_or_cash_deposit,,472,139,balance_not_updated_after_cheque_or_cash_deposit,gpt-5.6-terra | 77 labels,
166c4a2d3d52,balance_not_updated_after_cheque_or_cash_deposit,,472,20,balance_not_updated_after_cheque_or_cash_deposit,gpt-5.6-terra | 77 labels,
b3c76e9119f3,balance_not_updated_after_cheque_or_cash_deposit,,472,20,balance_not_updated_after_cheque_or_cash_deposit,gpt-5.6-terra | 77 labels,
7c062606f053,balance_not_updated_after_cheque_or_cash_deposit,,482,20,balance_not_updated_after_cheque_or_cash_deposit,gpt-5.6-terra | 77 labels,
4be79e4b17b1,balance_not_updated_after_cheque_or_cash_deposit,,482,20,balance_not_updated_after_cheque_or_cash_deposit,gpt-5.6-terra | 77 labels,
51af004e71e3,balance_not_updated_after_cheque_or_cash_deposit,,474,20,balance_not_updated_after_cheque_or_cash_deposit,gpt-5.6-terra | 77 labels,
1f73391bc5c0,balance_not_updated_after_cheque_or_cash_deposit,,473,54,balance_not_updated_after_cheque_or_cash_deposit,gpt-5.6-terra | 77 labels,
8a98076cc875,balance_not_updated_after_cheque_or_cash_deposit,,476,20,balance_not_updated_after_cheque_or_cash_deposit,gpt-5.6-terra | 77 labels,
496864e7a215,balance_not_updated_after_cheque_or_cash_deposit,,486,20,balance_not_updated_after_cheque_or_cash_deposit,gpt-5.6-terra | 77 labels,
481f02d8681e,balance_not_updated_after_cheque_or_cash_deposit,,478,20,balance_not_updated_after_cheque_or_cash_deposit,gpt-5.6-terra | 77 labels,
bd79ff64526a,balance_not_updated_after_cheque_or_cash_deposit,,490,20,balance_not_updated_after_cheque_or_cash_deposit,gpt-5.6-terra | 77 labels,
8a61586157c8,balance_not_updated_after_cheque_or_cash_deposit,,476,20,balance_not_updated_after_cheque_or_cash_deposit,gpt-5.6-terra | 77 labels,
bb167937a5c0,balance_not_updated_after_cheque_or_cash_deposit,,489,20,balance_not_updated_after_cheque_or_cash_deposit,gpt-5.6-terra | 77 labels,
26cb273bad33,balance_not_updated_after_cheque_or_cash_deposit,,478,104,balance_not_updated_after_bank_transfer,gpt-5.6-terra | 77 labels,
cbc63b69fd72,balance_not_updated_after_cheque_or_cash_deposit,,475,20,balance_not_updated_after_cheque_or_cash_deposit,gpt-5.6-terra | 77 labels,
b9e70d777e2b,balance_not_updated_after_cheque_or_cash_deposit,,479,20,balance_not_updated_after_cheque_or_cash_deposit,gpt-5.6-terra | 77 labels,
50d0a4b4d7cd,balance_not_updated_after_cheque_or_cash_deposit,,470,20,balance_not_updated_after_cheque_or_cash_deposit,gpt-5.6-terra | 77 labels,
bc290ec1cc19,balance_not_updated_after_cheque_or_cash_deposit,,486,20,balance_not_updated_after_cheque_or_cash_deposit,gpt-5.6-terra | 77 labels,
1f566e446fa3,balance_not_updated_after_cheque_or_cash_deposit,,476,20,balance_not_updated_after_cheque_or_cash_deposit,gpt-5.6-terra | 77 labels,
7bc7a64c6d23,balance_not_updated_after_cheque_or_cash_deposit,,473,86,balance_not_updated_after_cheque_or_cash_deposit,gpt-5.6-terra | 77 labels,
d1376f431d08,balance_not_updated_after_cheque_or_cash_deposit,,505,20,balance_not_updated_after_cheque_or_cash_deposit,gpt-5.6-terra | 77 labels,
28d914fa0743,balance_not_updated_after_cheque_or_cash_deposit,,481,20,balance_not_updated_after_cheque_or_cash_deposit,gpt-5.6-terra | 77 labels,
7f634253c083,balance_not_updated_after_cheque_or_cash_deposit,,474,20,balance_not_updated_after_cheque_or_cash_deposit,gpt-5.6-terra | 77 labels,
ec59c7348f1c,balance_not_updated_after_cheque_or_cash_deposit,,473,20,balance_not_updated_after_cheque_or_cash_deposit,gpt-5.6-terra | 77 labels,
af1361efc404,balance_not_updated_after_cheque_or_cash_deposit,,483,20,balance_not_updated_after_cheque_or_cash_deposit,gpt-5.6-terra | 77 labels,
e927202e889a,balance_not_updated_after_cheque_or_cash_deposit,,479,20,balance_not_updated_after_cheque_or_cash_deposit,gpt-5.6-terra | 77 labels,
4cd7476b0cbc,balance_not_updated_after_cheque_or_cash_deposit,,474,20,balance_not_updated_after_cheque_or_cash_deposit,gpt-5.6-terra | 77 labels,
40434d31ea22,balance_not_updated_after_cheque_or_cash_deposit,,478,20,balance_not_updated_after_cheque_or_cash_deposit,gpt-5.6-terra | 77 labels,
1d24f5be922f,balance_not_updated_after_cheque_or_cash_deposit,,469,91,balance_not_updated_after_cheque_or_cash_deposit,gpt-5.6-terra | 77 labels,
0e0119a7c2b5,balance_not_updated_after_cheque_or_cash_deposit,,473,20,balance_not_updated_after_cheque_or_cash_deposit,gpt-5.6-terra | 77 labels,
59a0b4f528b7,balance_not_updated_after_cheque_or_cash_deposit,,486,20,balance_not_updated_after_cheque_or_cash_deposit,gpt-5.6-terra | 77 labels,
dc5242dcd122,balance_not_updated_after_cheque_or_cash_deposit,,483,47,balance_not_updated_after_cheque_or_cash_deposit,gpt-5.6-terra | 77 labels,
2cf613302b11,balance_not_updated_after_cheque_or_cash_deposit,,498,20,balance_not_updated_after_cheque_or_cash_deposit,gpt-5.6-terra | 77 labels,
ae783710b476,balance_not_updated_after_cheque_or_cash_deposit,,484,54,balance_not_updated_after_bank_transfer,gpt-5.6-terra | 77 labels,
0161f32a3406,balance_not_updated_after_cheque_or_cash_deposit,,476,20,balance_not_updated_after_cheque_or_cash_deposit,gpt-5.6-terra | 77 labels,
54310e68d9d1,balance_not_updated_after_cheque_or_cash_deposit,,477,67,balance_not_updated_after_cheque_or_cash_deposit,gpt-5.6-terra | 77 labels,
65cf2b101eab,card_payment_fee_charged,,498,16,card_payment_fee_charged,gpt-5.6-terra | 77 labels,
65c97862d61e,card_payment_fee_charged,,490,16,card_payment_fee_charged,gpt-5.6-terra | 77 labels,
94b11ebb486d,card_payment_fee_charged,,497,212,card_payment_fee_charged,gpt-5.6-terra | 77 labels,
763ac196217b,card_payment_fee_charged,,507,14,extra_charge_on_statement,gpt-5.6-terra | 77 labels,
710c22b8da59,card_payment_fee_charged,,474,16,card_payment_fee_charged,gpt-5.6-terra | 77 labels,
c8792e26f794,card_payment_fee_charged,,475,16,card_payment_fee_charged,gpt-5.6-terra | 77 labels,
d7a0033fefe5,card_payment_fee_charged,,486,16,card_payment_fee_charged,gpt-5.6-terra | 77 labels,
b2449bd3a2bc,card_payment_fee_charged,,473,16,card_payment_fee_charged,gpt-5.6-terra | 77 labels,
03b07ff07bd4,card_payment_fee_charged,,486,16,card_payment_fee_charged,gpt-5.6-terra | 77 labels,
5eb7c3bd0389,card_payment_fee_charged,,474,16,card_payment_fee_charged,gpt-5.6-terra | 77 labels,
9bafcbe8de84,card_payment_fee_charged,,468,55,extra_charge_on_statement,gpt-5.6-terra | 77 labels,
88aeddf68f38,card_payment_fee_charged,,472,77,exchange_charge,gpt-5.6-terra | 77 labels,
e5a4236fab1c,card_payment_fee_charged,,473,53,card_payment_fee_charged,gpt-5.6-terra | 77 labels,
9f52f9c9e888,card_payment_fee_charged,,476,16,card_payment_fee_charged,gpt-5.6-terra | 77 labels,
7cdcfae7e45b,card_payment_fee_charged,,477,16,card_payment_fee_charged,gpt-5.6-terra | 77 labels,
3fc55a877756,card_payment_fee_charged,,500,16,card_payment_fee_charged,gpt-5.6-terra | 77 labels,
27a435d9f263,card_payment_fee_charged,,474,16,card_payment_fee_charged,gpt-5.6-terra | 77 labels,
35411c84f4c9,card_payment_fee_charged,,471,16,card_payment_fee_charged,gpt-5.6-terra | 77 labels,
e831ac0c5a32,card_payment_fee_charged,,473,16,card_payment_fee_charged,gpt-5.6-terra | 77 labels,
61562dcf9fba,card_payment_fee_charged,,479,16,card_payment_fee_charged,gpt-5.6-terra | 77 labels,
9254e5c2a7f2,card_payment_fee_charged,,476,16,card_payment_fee_charged,gpt-5.6-terra | 77 labels,
10e455f288c0,card_payment_fee_charged,,475,16,card_payment_fee_charged,gpt-5.6-terra | 77 labels,
e3bb37a33dc7,card_payment_fee_charged,,473,16,card_payment_fee_charged,gpt-5.6-terra | 77 labels,
3820e0f4606f,card_payment_fee_charged,,469,35,extra_charge_on_statement,gpt-5.6-terra | 77 labels,
777c8e200fe7,card_payment_fee_charged,,471,16,card_payment_fee_charged,gpt-5.6-terra | 77 labels,
57f20aa4ef78,card_payment_fee_charged,,470,16,card_payment_fee_charged,gpt-5.6-terra | 77 labels,
043010aa0e41,card_payment_fee_charged,,474,16,card_payment_fee_charged,gpt-5.6-terra | 77 labels,
d9a1cebae71e,card_payment_fee_charged,,470,79,extra_charge_on_statement,gpt-5.6-terra | 77 labels,
3a1e540463dd,card_payment_fee_charged,,475,16,card_payment_fee_charged,gpt-5.6-terra | 77 labels,
565b1fb9b38c,card_payment_fee_charged,,475,16,card_payment_fee_charged,gpt-5.6-terra | 77 labels,
2599a59693b5,card_payment_fee_charged,,506,16,card_payment_fee_charged,gpt-5.6-terra | 77 labels,
00b4e435457f,card_payment_fee_charged,,475,16,card_payment_fee_charged,gpt-5.6-terra | 77 labels,
51103ed7c5ad,card_payment_fee_charged,,479,16,card_payment_fee_charged,gpt-5.6-terra | 77 labels,
0524a0ffd3ca,card_payment_fee_charged,,478,16,card_payment_fee_charged,gpt-5.6-terra | 77 labels,
43e04ce30290,card_payment_fee_charged,,472,16,card_payment_fee_charged,gpt-5.6-terra | 77 labels,
b315778843d5,card_payment_fee_charged,,470,404,cash_withdrawal_charge,gpt-5.6-terra | 77 labels,
b3645f7acb96,card_payment_fee_charged,,470,16,card_payment_fee_charged,gpt-5.6-terra | 77 labels,
b3b8de347c8d,card_payment_fee_charged,,474,16,card_payment_fee_charged,gpt-5.6-terra | 77 labels,
5ae930a34c0c,card_payment_fee_charged,,471,14,extra_charge_on_statement,gpt-5.6-terra | 77 labels,
95804d8227d8,card_payment_fee_charged,,476,16,card_payment_fee_charged,gpt-5.6-terra | 77 labels,
dc01017d0238,card_payment_fee_charged,,476,15,top_up_by_card_charge,gpt-5.6-terra | 77 labels,
687db3f9e72a,card_payment_fee_charged,,478,14,extra_charge_on_statement,gpt-5.6-terra | 77 labels,
1a31eb175530,card_payment_fee_charged,,492,16,card_payment_fee_charged,gpt-5.6-terra | 77 labels,
9cef224c73af,card_payment_fee_charged,,476,16,card_payment_fee_charged,gpt-5.6-terra | 77 labels,
11b048a5fd1c,card_payment_fee_charged,,473,16,card_payment_fee_charged,gpt-5.6-terra | 77 labels,
c538f8717736,card_payment_fee_charged,,500,16,card_payment_fee_charged,gpt-5.6-terra | 77 labels,
469eab5c582c,card_payment_fee_charged,,477,16,card_payment_fee_charged,gpt-5.6-terra | 77 labels,
12536c4239a5,card_payment_fee_charged,,476,16,card_payment_fee_charged,gpt-5.6-terra | 77 labels,
d2b9e7f9cf49,card_payment_fee_charged,,470,16,card_payment_fee_charged,gpt-5.6-terra | 77 labels,
0b0f4644a417,card_payment_fee_charged,,471,14,extra_charge_on_statement,gpt-5.6-terra | 77 labels,
04cffa9dbed1,card_payment_fee_charged,,494,14,extra_charge_on_statement,gpt-5.6-terra | 77 labels,
b8373d71e3f5,card_payment_fee_charged,,474,16,card_payment_fee_charged,gpt-5.6-terra | 77 labels,
35ff2b11bd0d,card_payment_fee_charged,,474,16,card_payment_fee_charged,gpt-5.6-terra | 77 labels,
be5cbb2a9124,card_payment_fee_charged,,475,16,card_payment_fee_charged,gpt-5.6-terra | 77 labels,
8e7c8ff74f34,card_payment_fee_charged,,472,16,card_payment_fee_charged,gpt-5.6-terra | 77 labels,
fe6115f05caa,card_payment_fee_charged,,475,16,card_payment_fee_charged,gpt-5.6-terra | 77 labels,
e0e71cc11fe9,card_payment_fee_charged,,471,16,card_payment_fee_charged,gpt-5.6-terra | 77 labels,
e295a923a082,card_payment_fee_charged,,514,23,exchange_charge,gpt-5.6-terra | 77 labels,
04bb45de17e8,card_payment_fee_charged,,476,16,card_payment_fee_charged,gpt-5.6-terra | 77 labels,
284d18c53eee,card_payment_fee_charged,,473,50,card_payment_fee_charged,gpt-5.6-terra | 77 labels,
920ab62a538b,card_payment_fee_charged,,480,16,card_payment_fee_charged,gpt-5.6-terra | 77 labels,
46d7a17ec160,card_payment_fee_charged,,474,16,card_payment_fee_charged,gpt-5.6-terra | 77 labels,
288ff9d71f05,card_payment_fee_charged,,472,16,card_payment_fee_charged,gpt-5.6-terra | 77 labels,
43446c51adbc,card_payment_fee_charged,,474,14,extra_charge_on_statement,gpt-5.6-terra | 77 labels,
5d8d11d61fbb,card_payment_fee_charged,,471,16,card_payment_fee_charged,gpt-5.6-terra | 77 labels,
1b3860352a64,card_payment_fee_charged,,477,33,card_payment_fee_charged,gpt-5.6-terra | 77 labels,
6f0ccdf86ada,card_payment_fee_charged,,477,14,extra_charge_on_statement,gpt-5.6-terra | 77 labels,
242f22eeaf88,card_payment_fee_charged,,473,16,card_payment_fee_charged,gpt-5.6-terra | 77 labels,
abd2878820fb,card_payment_fee_charged,,473,16,card_payment_fee_charged,gpt-5.6-terra | 77 labels,
0ca8386ddb27,card_payment_fee_charged,,474,16,card_payment_fee_charged,gpt-5.6-terra | 77 labels,
591f3739307b,card_payment_fee_charged,,475,16,card_payment_fee_charged,gpt-5.6-terra | 77 labels,
f5da9fb8577d,card_payment_fee_charged,,478,16,card_payment_fee_charged,gpt-5.6-terra | 77 labels,
89b8507c2350,card_payment_fee_charged,,474,14,extra_charge_on_statement,gpt-5.6-terra | 77 labels,
b8d8491edd12,card_payment_fee_charged,,474,16,card_payment_fee_charged,gpt-5.6-terra | 77 labels,
e1679e329977,card_payment_fee_charged,,475,16,card_payment_fee_charged,gpt-5.6-terra | 77 labels,
503f62ca627b,card_payment_fee_charged,,491,16,card_payment_fee_charged,gpt-5.6-terra | 77 labels,
5dd22d72d88a,card_payment_fee_charged,,477,16,card_payment_fee_charged,gpt-5.6-terra | 77 labels,
b1d51218991d,card_payment_fee_charged,,476,14,extra_charge_on_statement,gpt-5.6-terra | 77 labels,
3c690abe2ece,card_payment_fee_charged,,474,16,card_payment_fee_charged,gpt-5.6-terra | 77 labels,
8a83261e5fc6,card_payment_fee_charged,,474,16,card_payment_fee_charged,gpt-5.6-terra | 77 labels,
003b03712ccf,card_payment_fee_charged,,475,16,card_payment_fee_charged,gpt-5.6-terra | 77 labels,
ff415561344f,card_payment_fee_charged,,472,16,card_payment_fee_charged,gpt-5.6-terra | 77 labels,
ae7cbc977771,card_payment_fee_charged,,478,16,card_payment_fee_charged,gpt-5.6-terra | 77 labels,
50d38aba9c7e,card_payment_fee_charged,,473,16,card_payment_fee_charged,gpt-5.6-terra | 77 labels,
2740cfb47783,card_payment_fee_charged,,478,16,card_payment_fee_charged,gpt-5.6-terra | 77 labels,
a0cb8ce7a3be,card_payment_fee_charged,,478,16,card_payment_fee_charged,gpt-5.6-terra | 77 labels,
08d2cfa96795,card_payment_fee_charged,,472,16,card_payment_fee_charged,gpt-5.6-terra | 77 labels,
7786520ee794,card_payment_fee_charged,,507,202,card_payment_fee_charged,gpt-5.6-terra | 77 labels,
5c34551de9cb,card_payment_fee_charged,,470,103,extra_charge_on_statement,gpt-5.6-terra | 77 labels,
1b464852f773,card_payment_fee_charged,,478,38,card_payment_fee_charged,gpt-5.6-terra | 77 labels,
0d3467dc3638,card_payment_fee_charged,,481,16,card_payment_fee_charged,gpt-5.6-terra | 77 labels,
484afb5a86e1,card_payment_fee_charged,,473,16,card_payment_fee_charged,gpt-5.6-terra | 77 labels,
bd7fba6b6718,card_payment_fee_charged,,486,16,card_payment_fee_charged,gpt-5.6-terra | 77 labels,
508342241005,card_payment_fee_charged,,496,16,card_payment_fee_charged,gpt-5.6-terra | 77 labels,
7e0f0aecca2f,card_payment_fee_charged,,476,16,card_payment_fee_charged,gpt-5.6-terra | 77 labels,
73b99556dad1,card_payment_fee_charged,,473,16,card_payment_fee_charged,gpt-5.6-terra | 77 labels,
dae90d928991,card_payment_fee_charged,,470,16,card_payment_fee_charged,gpt-5.6-terra | 77 labels,
4ac61ef59f81,card_payment_fee_charged,,475,16,card_payment_fee_charged,gpt-5.6-terra | 77 labels,
130935f40d7b,card_payment_fee_charged,,503,97,exchange_charge,gpt-5.6-terra | 77 labels,
dcb81697ccba,card_payment_fee_charged,,474,16,card_payment_fee_charged,gpt-5.6-terra | 77 labels,
287d0a57b8ec,card_payment_fee_charged,,475,16,card_payment_fee_charged,gpt-5.6-terra | 77 labels,
6949007f495c,card_payment_fee_charged,,478,16,card_payment_fee_charged,gpt-5.6-terra | 77 labels,
33b1032fea08,card_payment_fee_charged,,473,16,card_payment_fee_charged,gpt-5.6-terra | 77 labels,
93c3ef0c4817,card_payment_fee_charged,,475,16,card_payment_fee_charged,gpt-5.6-terra | 77 labels,
17a527702080,card_payment_fee_charged,,481,16,card_payment_fee_charged,gpt-5.6-terra | 77 labels,
cce28dc7d593,card_payment_fee_charged,,474,16,card_payment_fee_charged,gpt-5.6-terra | 77 labels,
669cc763fcf8,card_payment_fee_charged,,474,16,card_payment_fee_charged,gpt-5.6-terra | 77 labels,
57f8b1259f8d,card_payment_fee_charged,,474,16,card_payment_fee_charged,gpt-5.6-terra | 77 labels,
8921c0c207f6,card_payment_fee_charged,,484,16,card_payment_fee_charged,gpt-5.6-terra | 77 labels,
278a2bbde7aa,card_payment_fee_charged,,482,16,card_payment_fee_charged,gpt-5.6-terra | 77 labels,
43298b9e3efa,card_payment_fee_charged,,477,16,card_payment_fee_charged,gpt-5.6-terra | 77 labels,
a412fc92adb6,card_payment_fee_charged,,476,16,card_payment_fee_charged,gpt-5.6-terra | 77 labels,
a9e75aabe8f1,card_payment_fee_charged,,470,16,card_payment_fee_charged,gpt-5.6-terra | 77 labels,
ba53913d1150,card_payment_fee_charged,,472,16,card_payment_fee_charged,gpt-5.6-terra | 77 labels,
6810834acd1e,card_payment_fee_charged,,486,16,card_payment_fee_charged,gpt-5.6-terra | 77 labels,
d660c4e2c624,card_payment_fee_charged,,472,16,card_payment_fee_charged,gpt-5.6-terra | 77 labels,
79ab4c8029a5,card_payment_fee_charged,,474,16,card_payment_fee_charged,gpt-5.6-terra | 77 labels,
7d2a1cd6d5cc,card_payment_fee_charged,,477,16,card_payment_fee_charged,gpt-5.6-terra | 77 labels,
7792ac0524f4,card_payment_fee_charged,,486,16,card_payment_fee_charged,gpt-5.6-terra | 77 labels,
a114627c7f9d,card_payment_fee_charged,,473,16,card_payment_fee_charged,gpt-5.6-terra | 77 labels,
15b4e5ac7f93,card_payment_fee_charged,,474,16,card_payment_fee_charged,gpt-5.6-terra | 77 labels,
4aa428846016,card_payment_fee_charged,,480,72,extra_charge_on_statement,gpt-5.6-terra | 77 labels,
34c126190f15,card_payment_fee_charged,,477,14,extra_charge_on_statement,gpt-5.6-terra | 77 labels,
0e53bc950287,card_payment_fee_charged,,489,12,exchange_charge,gpt-5.6-terra | 77 labels,
c0ea68022ef9,card_payment_fee_charged,,474,16,card_payment_fee_charged,gpt-5.6-terra | 77 labels,
6a36fe314816,card_payment_fee_charged,,471,16,card_payment_fee_charged,gpt-5.6-terra | 77 labels,
4e92a77b05a7,card_payment_fee_charged,,479,14,extra_charge_on_statement,gpt-5.6-terra | 77 labels,
1d28838909e3,card_payment_fee_charged,,474,16,card_payment_fee_charged,gpt-5.6-terra | 77 labels,
21b49738e57a,card_payment_fee_charged,,483,91,card_payment_fee_charged,gpt-5.6-terra | 77 labels,
e2d00ba2a606,card_payment_fee_charged,,487,14,extra_charge_on_statement,gpt-5.6-terra | 77 labels,
0babeadb24b8,card_payment_fee_charged,,471,16,card_payment_fee_charged,gpt-5.6-terra | 77 labels,
e6d5859cc2ca,card_payment_fee_charged,,484,14,extra_charge_on_statement,gpt-5.6-terra | 77 labels,
7aaa652cd052,card_payment_fee_charged,,475,14,extra_charge_on_statement,gpt-5.6-terra | 77 labels,
a70b8d7407c9,card_payment_fee_charged,,493,183,exchange_charge,gpt-5.6-terra | 77 labels,
960476cb6d39,card_payment_fee_charged,,472,16,card_payment_fee_charged,gpt-5.6-terra | 77 labels,
9bb2a8648768,card_payment_fee_charged,,480,16,card_payment_fee_charged,gpt-5.6-terra | 77 labels,
75604059e4ca,card_payment_fee_charged,,470,16,card_payment_fee_charged,gpt-5.6-terra | 77 labels,
ed7072749114,card_payment_fee_charged,,483,16,card_payment_fee_charged,gpt-5.6-terra | 77 labels,
4b6dad389446,card_payment_fee_charged,,475,16,card_payment_fee_charged,gpt-5.6-terra | 77 labels,
6110b27cf525,card_payment_fee_charged,,498,14,extra_charge_on_statement,gpt-5.6-terra | 77 labels,
44583cd46a7c,card_payment_fee_charged,,472,16,card_payment_fee_charged,gpt-5.6-terra | 77 labels,
23f594dee6c7,card_payment_fee_charged,,471,16,card_payment_fee_charged,gpt-5.6-terra | 77 labels,
6d4f5bba874f,card_payment_fee_charged,,478,16,card_payment_fee_charged,gpt-5.6-terra | 77 labels,
339db78bd8f0,cash_withdrawal_charge,,476,15,cash_withdrawal_charge,gpt-5.6-terra | 77 labels,
d140ca72e293,cash_withdrawal_charge,,471,15,cash_withdrawal_charge,gpt-5.6-terra | 77 labels,
bb241a0b5fa0,cash_withdrawal_charge,,472,15,cash_withdrawal_charge,gpt-5.6-terra | 77 labels,
b2a9c2f1ad05,cash_withdrawal_charge,,472,15,cash_withdrawal_charge,gpt-5.6-terra | 77 labels,
97b51b07e9ef,cash_withdrawal_charge,,475,15,cash_withdrawal_charge,gpt-5.6-terra | 77 labels,
85623395b3d4,cash_withdrawal_charge,,474,15,cash_withdrawal_charge,gpt-5.6-terra | 77 labels,
8d825e4d4ccc,cash_withdrawal_charge,,476,15,cash_withdrawal_charge,gpt-5.6-terra | 77 labels,
f67d81cd129c,cash_withdrawal_charge,,472,15,cash_withdrawal_charge,gpt-5.6-terra | 77 labels,
78991fec5e72,cash_withdrawal_charge,,481,15,cash_withdrawal_charge,gpt-5.6-terra | 77 labels,
95497968ae1b,cash_withdrawal_charge,,472,15,cash_withdrawal_charge,gpt-5.6-terra | 77 labels,
36d35c4e13f0,cash_withdrawal_charge,,472,15,cash_withdrawal_charge,gpt-5.6-terra | 77 labels,
d3a4dad83ec6,cash_withdrawal_charge,,475,45,cash_withdrawal_charge,gpt-5.6-terra | 77 labels,
6198a0c44d66,cash_withdrawal_charge,,475,15,cash_withdrawal_charge,gpt-5.6-terra | 77 labels,
5d239c2ac43b,cash_withdrawal_charge,,499,15,cash_withdrawal_charge,gpt-5.6-terra | 77 labels,
254add460686,cash_withdrawal_charge,,472,15,cash_withdrawal_charge,gpt-5.6-terra | 77 labels,
e13dbbc7d92f,cash_withdrawal_charge,,493,15,cash_withdrawal_charge,gpt-5.6-terra | 77 labels,
9943c702363c,cash_withdrawal_charge,,474,27,cash_withdrawal_charge,gpt-5.6-terra | 77 labels,
ba006e82d9a6,cash_withdrawal_charge,,472,15,cash_withdrawal_charge,gpt-5.6-terra | 77 labels,
6ac49489576f,cash_withdrawal_charge,,503,15,cash_withdrawal_charge,gpt-5.6-terra | 77 labels,
a24c525e3bae,cash_withdrawal_charge,,470,15,cash_withdrawal_charge,gpt-5.6-terra | 77 labels,
2898104223f9,cash_withdrawal_charge,,486,15,cash_withdrawal_charge,gpt-5.6-terra | 77 labels,
ddb65165dc57,cash_withdrawal_charge,,475,15,cash_withdrawal_charge,gpt-5.6-terra | 77 labels,
6aed717b870c,cash_withdrawal_charge,,473,15,cash_withdrawal_charge,gpt-5.6-terra | 77 labels,
5903a0e9419b,cash_withdrawal_charge,,501,15,cash_withdrawal_charge,gpt-5.6-terra | 77 labels,
f9f4180063d3,cash_withdrawal_charge,,472,15,cash_withdrawal_charge,gpt-5.6-terra | 77 labels,
43639ec12730,cash_withdrawal_charge,,494,15,cash_withdrawal_charge,gpt-5.6-terra | 77 labels,
21892dac9434,cash_withdrawal_charge,,471,15,cash_withdrawal_charge,gpt-5.6-terra | 77 labels,
09c866c4beb7,cash_withdrawal_charge,,493,15,cash_withdrawal_charge,gpt-5.6-terra | 77 labels,
60e3b74a8ac3,cash_withdrawal_charge,,496,15,cash_withdrawal_charge,gpt-5.6-terra | 77 labels,
8b4edbcbff35,cash_withdrawal_charge,,489,15,cash_withdrawal_charge,gpt-5.6-terra | 77 labels,
329ea4d82595,cash_withdrawal_charge,,473,15,cash_withdrawal_charge,gpt-5.6-terra | 77 labels,
58559e6423a1,cash_withdrawal_charge,,480,15,cash_withdrawal_charge,gpt-5.6-terra | 77 labels,
2ec69fccc2f0,cash_withdrawal_charge,,482,15,cash_withdrawal_charge,gpt-5.6-terra | 77 labels,
2e6b932f4847,cash_withdrawal_charge,,477,15,cash_withdrawal_charge,gpt-5.6-terra | 77 labels,
49c21c7e4530,cash_withdrawal_charge,,479,15,cash_withdrawal_charge,gpt-5.6-terra | 77 labels,
d5c01023a409,cash_withdrawal_charge,,471,15,cash_withdrawal_charge,gpt-5.6-terra | 77 labels,
46f553a6cab7,cash_withdrawal_charge,,479,15,cash_withdrawal_charge,gpt-5.6-terra | 77 labels,
604c4ed3fb9e,cash_withdrawal_charge,,472,15,cash_withdrawal_charge,gpt-5.6-terra | 77 labels,
a119e463647a,cash_withdrawal_charge,,479,15,cash_withdrawal_charge,gpt-5.6-terra | 77 labels,
4fbb393fd748,cash_withdrawal_charge,,496,15,cash_withdrawal_charge,gpt-5.6-terra | 77 labels,
f95e2a590225,cash_withdrawal_charge,,475,15,cash_withdrawal_charge,gpt-5.6-terra | 77 labels,
97f25053b918,cash_withdrawal_charge,,472,15,cash_withdrawal_charge,gpt-5.6-terra | 77 labels,
7b3a66e651d1,cash_withdrawal_charge,,470,15,cash_withdrawal_charge,gpt-5.6-terra | 77 labels,
235f05b74409,cash_withdrawal_charge,,473,15,cash_withdrawal_charge,gpt-5.6-terra | 77 labels,
2f4838cc355d,cash_withdrawal_charge,,490,53,cash_withdrawal_charge,gpt-5.6-terra | 77 labels,
3dc806b73f47,cash_withdrawal_charge,,479,15,cash_withdrawal_charge,gpt-5.6-terra | 77 labels,
6d4b84ff6c7a,cash_withdrawal_charge,,471,60,extra_charge_on_statement,gpt-5.6-terra | 77 labels,
3e69b2b5884e,cash_withdrawal_charge,,488,15,cash_withdrawal_charge,gpt-5.6-terra | 77 labels,
39e6296e01d1,cash_withdrawal_charge,,503,15,cash_withdrawal_charge,gpt-5.6-terra | 77 labels,
f80af9f903ef,cash_withdrawal_charge,,470,15,cash_withdrawal_charge,gpt-5.6-terra | 77 labels,
3ef553d8f1ff,cash_withdrawal_charge,,472,15,cash_withdrawal_charge,gpt-5.6-terra | 77 labels,
a0e6321929f7,cash_withdrawal_charge,,471,15,cash_withdrawal_charge,gpt-5.6-terra | 77 labels,
bad3a4b5e03e,cash_withdrawal_charge,,472,15,cash_withdrawal_charge,gpt-5.6-terra | 77 labels,
3e774f6caea5,cash_withdrawal_charge,,471,15,cash_withdrawal_charge,gpt-5.6-terra | 77 labels,
0ee1c873f04b,cash_withdrawal_charge,,486,15,cash_withdrawal_charge,gpt-5.6-terra | 77 labels,
2ea91413ca8e,cash_withdrawal_charge,,473,15,cash_withdrawal_charge,gpt-5.6-terra | 77 labels,
a116c6e680f4,cash_withdrawal_charge,,476,15,cash_withdrawal_charge,gpt-5.6-terra | 77 labels,
4fb73639aafe,cash_withdrawal_charge,,493,15,cash_withdrawal_charge,gpt-5.6-terra | 77 labels,
85ff2a751bcd,cash_withdrawal_charge,,475,15,cash_withdrawal_charge,gpt-5.6-terra | 77 labels,
1f193b3613d7,cash_withdrawal_charge,,491,15,cash_withdrawal_charge,gpt-5.6-terra | 77 labels,
c6f6a00e8256,cash_withdrawal_charge,,471,15,cash_withdrawal_charge,gpt-5.6-terra | 77 labels,
0220eeaed9da,cash_withdrawal_charge,,489,15,cash_withdrawal_charge,gpt-5.6-terra | 77 labels,
fa15c4481670,cash_withdrawal_charge,,473,15,cash_withdrawal_charge,gpt-5.6-terra | 77 labels,
409e8c0648d3,cash_withdrawal_charge,,486,15,cash_withdrawal_charge,gpt-5.6-terra | 77 labels,
24c090803fe1,cash_withdrawal_charge,,471,15,cash_withdrawal_charge,gpt-5.6-terra | 77 labels,
2c53ea772379,cash_withdrawal_charge,,511,15,cash_withdrawal_charge,gpt-5.6-terra | 77 labels,
beb81e083fd6,cash_withdrawal_charge,,473,15,cash_withdrawal_charge,gpt-5.6-terra | 77 labels,
cfd41ab0b48a,cash_withdrawal_charge,,478,15,cash_withdrawal_charge,gpt-5.6-terra | 77 labels,
aa6aac80aa2a,cash_withdrawal_charge,,473,15,cash_withdrawal_charge,gpt-5.6-terra | 77 labels,
4eb7a04fa1e3,cash_withdrawal_charge,,474,15,cash_withdrawal_charge,gpt-5.6-terra | 77 labels,
d2d8cf545e44,cash_withdrawal_charge,,481,15,cash_withdrawal_charge,gpt-5.6-terra | 77 labels,
0f02d590d86d,cash_withdrawal_charge,,474,15,cash_withdrawal_charge,gpt-5.6-terra | 77 labels,
5b0cebaabc2b,cash_withdrawal_charge,,502,15,cash_withdrawal_charge,gpt-5.6-terra | 77 labels,
40a092f46f24,cash_withdrawal_charge,,472,15,cash_withdrawal_charge,gpt-5.6-terra | 77 labels,
8ba13b6a977a,cash_withdrawal_charge,,476,15,cash_withdrawal_charge,gpt-5.6-terra | 77 labels,
755c6a10ad1e,cash_withdrawal_charge,,471,15,cash_withdrawal_charge,gpt-5.6-terra | 77 labels,
0bc0dceedee1,cash_withdrawal_charge,,473,15,cash_withdrawal_charge,gpt-5.6-terra | 77 labels,
b386ee306260,cash_withdrawal_charge,,490,101,cash_withdrawal_charge,gpt-5.6-terra | 77 labels,
409446f9ec7a,cash_withdrawal_charge,,473,15,cash_withdrawal_charge,gpt-5.6-terra | 77 labels,
b3bebcfc1669,cash_withdrawal_charge,,471,15,cash_withdrawal_charge,gpt-5.6-terra | 77 labels,
05c7609107ee,cash_withdrawal_charge,,477,15,cash_withdrawal_charge,gpt-5.6-terra | 77 labels,
58bceea953f4,cash_withdrawal_charge,,475,15,cash_withdrawal_charge,gpt-5.6-terra | 77 labels,
a4f13facebcc,cash_withdrawal_charge,,488,15,cash_withdrawal_charge,gpt-5.6-terra | 77 labels,
b84d7a0803ae,cash_withdrawal_charge,,471,15,cash_withdrawal_charge,gpt-5.6-terra | 77 labels,
d69edd94b3f4,cash_withdrawal_charge,,475,15,cash_withdrawal_charge,gpt-5.6-terra | 77 labels,
32bb4c8b6320,cash_withdrawal_charge,,490,15,cash_withdrawal_charge,gpt-5.6-terra | 77 labels,
5927e861f0f2,cash_withdrawal_charge,,486,15,cash_withdrawal_charge,gpt-5.6-terra | 77 labels,
3794d8424681,cash_withdrawal_charge,,473,15,cash_withdrawal_charge,gpt-5.6-terra | 77 labels,
19e891441d07,cash_withdrawal_charge,,472,15,cash_withdrawal_charge,gpt-5.6-terra | 77 labels,
010b154f169b,cash_withdrawal_charge,,480,15,cash_withdrawal_charge,gpt-5.6-terra | 77 labels,
46252827439e,cash_withdrawal_charge,,485,15,cash_withdrawal_charge,gpt-5.6-terra | 77 labels,
d18f74c5609e,cash_withdrawal_charge,,470,15,cash_withdrawal_charge,gpt-5.6-terra | 77 labels,
447f599e345f,cash_withdrawal_charge,,485,15,cash_withdrawal_charge,gpt-5.6-terra | 77 labels,
2407554a6a60,cash_withdrawal_charge,,470,15,cash_withdrawal_charge,gpt-5.6-terra | 77 labels,
4e3fb889c8e0,cash_withdrawal_charge,,481,15,cash_withdrawal_charge,gpt-5.6-terra | 77 labels,
85cb7c6190f2,cash_withdrawal_charge,,472,15,cash_withdrawal_charge,gpt-5.6-terra | 77 labels,
8d2d329ed4bd,cash_withdrawal_charge,,489,15,cash_withdrawal_charge,gpt-5.6-terra | 77 labels,
0395b8aa4fcd,cash_withdrawal_charge,,484,15,cash_withdrawal_charge,gpt-5.6-terra | 77 labels,
7e116daa03fa,cash_withdrawal_charge,,476,15,cash_withdrawal_charge,gpt-5.6-terra | 77 labels,
33a5e764eea2,cash_withdrawal_charge,,471,15,cash_withdrawal_charge,gpt-5.6-terra | 77 labels,
791ccae40b3e,cash_withdrawal_charge,,476,15,cash_withdrawal_charge,gpt-5.6-terra | 77 labels,
a84b00cf702e,cash_withdrawal_charge,,471,15,cash_withdrawal_charge,gpt-5.6-terra | 77 labels,
8e5a9ba87713,cash_withdrawal_charge,,469,15,cash_withdrawal_charge,gpt-5.6-terra | 77 labels,
927f5b3c8183,cash_withdrawal_charge,,476,15,cash_withdrawal_charge,gpt-5.6-terra | 77 labels,
7ba2be511a37,cash_withdrawal_charge,,490,15,cash_withdrawal_charge,gpt-5.6-terra | 77 labels,
ffe7282b752f,cash_withdrawal_charge,,471,15,cash_withdrawal_charge,gpt-5.6-terra | 77 labels,
897a9d82bc9d,cash_withdrawal_charge,,471,15,cash_withdrawal_charge,gpt-5.6-terra | 77 labels,
fd11f197e6c1,cash_withdrawal_charge,,475,15,cash_withdrawal_charge,gpt-5.6-terra | 77 labels,
c3865b14ea54,cash_withdrawal_charge,,473,15,cash_withdrawal_charge,gpt-5.6-terra | 77 labels,
96691587a695,cash_withdrawal_charge,,471,15,cash_withdrawal_charge,gpt-5.6-terra | 77 labels,
c6fdb3328c7f,cash_withdrawal_charge,,474,15,cash_withdrawal_charge,gpt-5.6-terra | 77 labels,
b05bb962a1b0,cash_withdrawal_charge,,474,76,cash_withdrawal_charge,gpt-5.6-terra | 77 labels,
2548bd6b87fc,cash_withdrawal_charge,,474,15,cash_withdrawal_charge,gpt-5.6-terra | 77 labels,
5525bf6d7b5c,cash_withdrawal_charge,,469,15,cash_withdrawal_charge,gpt-5.6-terra | 77 labels,
aed568398ed9,cash_withdrawal_charge,,469,15,cash_withdrawal_charge,gpt-5.6-terra | 77 labels,
e8075ca244ae,cash_withdrawal_charge,,479,15,cash_withdrawal_charge,gpt-5.6-terra | 77 labels,
0f8b231f5e53,cash_withdrawal_charge,,471,15,cash_withdrawal_charge,gpt-5.6-terra | 77 labels,
b51ec606eb3c,cash_withdrawal_charge,,477,15,cash_withdrawal_charge,gpt-5.6-terra | 77 labels,
73e1131fac73,cash_withdrawal_charge,,476,15,cash_withdrawal_charge,gpt-5.6-terra | 77 labels,
1d926c23f0bf,cash_withdrawal_charge,,470,15,cash_withdrawal_charge,gpt-5.6-terra | 77 labels,
f330b151079a,cash_withdrawal_charge,,477,15,cash_withdrawal_charge,gpt-5.6-terra | 77 labels,
96b10a227c4e,cash_withdrawal_charge,,471,15,cash_withdrawal_charge,gpt-5.6-terra | 77 labels,
6aa6dffb089d,cash_withdrawal_charge,,472,15,cash_withdrawal_charge,gpt-5.6-terra | 77 labels,
1132bd891489,cash_withdrawal_charge,,488,15,cash_withdrawal_charge,gpt-5.6-terra | 77 labels,
991941f69549,cash_withdrawal_charge,,472,15,cash_withdrawal_charge,gpt-5.6-terra | 77 labels,
8f02b807c785,cash_withdrawal_charge,,470,15,cash_withdrawal_charge,gpt-5.6-terra | 77 labels,
fba3bc99783f,cash_withdrawal_charge,,477,15,cash_withdrawal_charge,gpt-5.6-terra | 77 labels,
e6df9e8ac64c,cash_withdrawal_charge,,473,15,cash_withdrawal_charge,gpt-5.6-terra | 77 labels,
c345c23aa78c,cash_withdrawal_charge,,476,15,cash_withdrawal_charge,gpt-5.6-terra | 77 labels,
a3f7b0c52025,cash_withdrawal_charge,,490,15,cash_withdrawal_charge,gpt-5.6-terra | 77 labels,
f5abca437fb5,cash_withdrawal_charge,,508,15,cash_withdrawal_charge,gpt-5.6-terra | 77 labels,
87efaa1a1cbe,cash_withdrawal_charge,,504,53,cash_withdrawal_charge,gpt-5.6-terra | 77 labels,
6cff2aa56e02,cash_withdrawal_charge,,472,15,cash_withdrawal_charge,gpt-5.6-terra | 77 labels,
4a99d5602a32,cash_withdrawal_charge,,501,15,cash_withdrawal_charge,gpt-5.6-terra | 77 labels,
a6ebfee05775,cash_withdrawal_charge,,475,15,cash_withdrawal_charge,gpt-5.6-terra | 77 labels,
7d87dc36fd6e,cash_withdrawal_charge,,479,15,cash_withdrawal_charge,gpt-5.6-terra | 77 labels,
fa8a13a1ede9,cash_withdrawal_charge,,471,15,cash_withdrawal_charge,gpt-5.6-terra | 77 labels,
bdcc03f44bd0,cash_withdrawal_charge,,469,75,extra_charge_on_statement,gpt-5.6-terra | 77 labels,
f2de9ee4b514,cash_withdrawal_charge,,472,15,cash_withdrawal_charge,gpt-5.6-terra | 77 labels,
d78c5f9c13d2,cash_withdrawal_charge,,492,15,cash_withdrawal_charge,gpt-5.6-terra | 77 labels,
2d73daa3eb4f,cash_withdrawal_charge,,475,15,cash_withdrawal_charge,gpt-5.6-terra | 77 labels,
c4796017d60e,cash_withdrawal_charge,,532,15,cash_withdrawal_charge,gpt-5.6-terra | 77 labels,
2f4e8201f8a4,cash_withdrawal_charge,,474,15,cash_withdrawal_charge,gpt-5.6-terra | 77 labels,
ffad41b0750a,declined_cash_withdrawal,,489,16,declined_cash_withdrawal,gpt-5.6-terra | 77 labels,
4b26fc9cb13d,declined_cash_withdrawal,,496,16,declined_cash_withdrawal,gpt-5.6-terra | 77 labels,
59a08ffb3b55,declined_cash_withdrawal,,476,16,declined_cash_withdrawal,gpt-5.6-terra | 77 labels,
2a9cff62a134,declined_cash_withdrawal,,470,16,declined_cash_withdrawal,gpt-5.6-terra | 77 labels,
95d915e5c678,declined_cash_withdrawal,,470,16,declined_cash_withdrawal,gpt-5.6-terra | 77 labels,
1241abf13233,declined_cash_withdrawal,,475,16,declined_cash_withdrawal,gpt-5.6-terra | 77 labels,
c12fea7c4565,declined_cash_withdrawal,,471,16,declined_cash_withdrawal,gpt-5.6-terra | 77 labels,
ad8069fbd584,declined_cash_withdrawal,,478,16,declined_cash_withdrawal,gpt-5.6-terra | 77 labels,
0cad140e8d30,declined_cash_withdrawal,,477,16,declined_cash_withdrawal,gpt-5.6-terra | 77 labels,
fa714cb880ab,declined_cash_withdrawal,,491,16,declined_cash_withdrawal,gpt-5.6-terra | 77 labels,
1f6fb1121409,declined_cash_withdrawal,,476,16,declined_cash_withdrawal,gpt-5.6-terra | 77 labels,
cf516391857a,declined_cash_withdrawal,,471,16,declined_cash_withdrawal,gpt-5.6-terra | 77 labels,
b8e96e92cae0,declined_cash_withdrawal,,495,16,declined_cash_withdrawal,gpt-5.6-terra | 77 labels,
e9b6b700f49e,declined_cash_withdrawal,,469,16,declined_cash_withdrawal,gpt-5.6-terra | 77 labels,
75e9900a4695,declined_cash_withdrawal,,470,16,declined_cash_withdrawal,gpt-5.6-terra | 77 labels,
10de3104a3d0,declined_cash_withdrawal,,488,16,declined_cash_withdrawal,gpt-5.6-terra | 77 labels,
a23b2e0f0135,declined_cash_withdrawal,,473,16,declined_cash_withdrawal,gpt-5.6-terra | 77 labels,
74c712d5b358,declined_cash_withdrawal,,477,16,declined_cash_withdrawal,gpt-5.6-terra | 77 labels,
56ae7cfd9c27,declined_cash_withdrawal,,471,16,declined_cash_withdrawal,gpt-5.6-terra | 77 labels,
c36a2add0a2a,declined_cash_withdrawal,,469,16,declined_cash_withdrawal,gpt-5.6-terra | 77 labels,
57bb021a71ca,declined_cash_withdrawal,,496,43,declined_cash_withdrawal,gpt-5.6-terra | 77 labels,
b0363e0439a7,declined_cash_withdrawal,,471,16,declined_cash_withdrawal,gpt-5.6-terra | 77 labels,
7407e7dccd9b,declined_cash_withdrawal,,474,37,declined_cash_withdrawal,gpt-5.6-terra | 77 labels,
82074b616491,declined_cash_withdrawal,,474,16,declined_cash_withdrawal,gpt-5.6-terra | 77 labels,
59331f7ce58f,declined_cash_withdrawal,,469,16,declined_cash_withdrawal,gpt-5.6-terra | 77 labels,
6313e5050406,declined_cash_withdrawal,,470,16,declined_cash_withdrawal,gpt-5.6-terra | 77 labels,
a032c55864e7,declined_cash_withdrawal,,475,16,declined_cash_withdrawal,gpt-5.6-terra | 77 labels,
ebdd964150bd,declined_cash_withdrawal,,473,16,declined_cash_withdrawal,gpt-5.6-terra | 77 labels,
33fd4079de52,declined_cash_withdrawal,,482,16,declined_cash_withdrawal,gpt-5.6-terra | 77 labels,
3229e833a07c,declined_cash_withdrawal,,473,16,declined_cash_withdrawal,gpt-5.6-terra | 77 labels,
ce21fa54ffa8,declined_cash_withdrawal,,471,49,declined_cash_withdrawal,gpt-5.6-terra | 77 labels,
81c44d0a3e06,declined_cash_withdrawal,,489,16,declined_cash_withdrawal,gpt-5.6-terra | 77 labels,
586cf8b0e344,declined_cash_withdrawal,,469,16,declined_cash_withdrawal,gpt-5.6-terra | 77 labels,
3e1da13215c6,declined_cash_withdrawal,,471,16,declined_cash_withdrawal,gpt-5.6-terra | 77 labels,
d4b328aa244f,declined_cash_withdrawal,,489,16,declined_cash_withdrawal,gpt-5.6-terra | 77 labels,
9f65e611100c,declined_cash_withdrawal,,488,16,declined_cash_withdrawal,gpt-5.6-terra | 77 labels,
aebb1ebfe32b,declined_cash_withdrawal,,467,16,declined_cash_withdrawal,gpt-5.6-terra | 77 labels,
63bb58d24e56,declined_cash_withdrawal,,474,16,declined_cash_withdrawal,gpt-5.6-terra | 77 labels,
eb5d2695e883,declined_cash_withdrawal,,494,16,declined_cash_withdrawal,gpt-5.6-terra | 77 labels,
97e1580a2aaf,declined_cash_withdrawal,,492,16,declined_cash_withdrawal,gpt-5.6-terra | 77 labels,
ef9c65e6d3fc,declined_cash_withdrawal,,498,16,declined_cash_withdrawal,gpt-5.6-terra | 77 labels,
e4f593b757f7,declined_cash_withdrawal,,480,16,declined_cash_withdrawal,gpt-5.6-terra | 77 labels,
64155f01ef16,declined_cash_withdrawal,,471,16,declined_cash_withdrawal,gpt-5.6-terra | 77 labels,
aed7bd171beb,declined_cash_withdrawal,,490,16,declined_cash_withdrawal,gpt-5.6-terra | 77 labels,
54b33881e7f2,declined_cash_withdrawal,,469,16,declined_cash_withdrawal,gpt-5.6-terra | 77 labels,
fd84033a30d5,declined_cash_withdrawal,,470,16,declined_cash_withdrawal,gpt-5.6-terra | 77 labels,
b98fa893102c,declined_cash_withdrawal,,469,16,declined_cash_withdrawal,gpt-5.6-terra | 77 labels,
56aadeee16d6,declined_cash_withdrawal,,483,16,declined_cash_withdrawal,gpt-5.6-terra | 77 labels,
6a1296b9e8ec,declined_cash_withdrawal,,471,16,declined_cash_withdrawal,gpt-5.6-terra | 77 labels,
4f8fccdf640d,declined_cash_withdrawal,,492,16,declined_cash_withdrawal,gpt-5.6-terra | 77 labels,
e98902dace2a,declined_cash_withdrawal,,472,16,declined_cash_withdrawal,gpt-5.6-terra | 77 labels,
58baa472c201,declined_cash_withdrawal,,471,16,declined_cash_withdrawal,gpt-5.6-terra | 77 labels,
9f4b3dc4d893,declined_cash_withdrawal,,476,16,declined_cash_withdrawal,gpt-5.6-terra | 77 labels,
f110f6bc2464,declined_cash_withdrawal,,470,16,declined_cash_withdrawal,gpt-5.6-terra | 77 labels,
8ac91316026f,declined_cash_withdrawal,,474,29,declined_cash_withdrawal,gpt-5.6-terra | 77 labels,
a1a5cdabe5d0,declined_cash_withdrawal,,473,16,declined_cash_withdrawal,gpt-5.6-terra | 77 labels,
17605f6b2416,declined_cash_withdrawal,,500,16,declined_cash_withdrawal,gpt-5.6-terra | 77 labels,
6c56085c67da,declined_cash_withdrawal,,468,16,declined_cash_withdrawal,gpt-5.6-terra | 77 labels,
2af30e15d871,declined_cash_withdrawal,,472,16,declined_cash_withdrawal,gpt-5.6-terra | 77 labels,
9902659fbc28,declined_cash_withdrawal,,485,16,declined_cash_withdrawal,gpt-5.6-terra | 77 labels,
88f5dbb1c1ad,declined_cash_withdrawal,,471,48,declined_cash_withdrawal,gpt-5.6-terra | 77 labels,
573a99e4d1c4,declined_cash_withdrawal,,474,16,declined_cash_withdrawal,gpt-5.6-terra | 77 labels,
3204ece07310,declined_cash_withdrawal,,474,16,declined_cash_withdrawal,gpt-5.6-terra | 77 labels,
eb8b7133c6ce,declined_cash_withdrawal,,469,16,declined_cash_withdrawal,gpt-5.6-terra | 77 labels,
e367e2b7a3a6,declined_cash_withdrawal,,473,16,declined_cash_withdrawal,gpt-5.6-terra | 77 labels,
84e0feabbcc1,declined_cash_withdrawal,,471,16,declined_cash_withdrawal,gpt-5.6-terra | 77 labels,
587e3aedca85,declined_cash_withdrawal,,472,16,declined_cash_withdrawal,gpt-5.6-terra | 77 labels,
82ce57412d1c,declined_cash_withdrawal,,469,16,declined_cash_withdrawal,gpt-5.6-terra | 77 labels,
24b7058a7953,declined_cash_withdrawal,,478,49,declined_cash_withdrawal,gpt-5.6-terra | 77 labels,
2e85dd5a0a1e,declined_cash_withdrawal,,495,16,declined_cash_withdrawal,gpt-5.6-terra | 77 labels,
af54e7ed10c7,declined_cash_withdrawal,,469,16,declined_cash_withdrawal,gpt-5.6-terra | 77 labels,
caca0b466c37,declined_cash_withdrawal,,468,16,declined_cash_withdrawal,gpt-5.6-terra | 77 labels,
1dbbd5d7cbec,declined_cash_withdrawal,,475,16,declined_cash_withdrawal,gpt-5.6-terra | 77 labels,
1a35d292a768,declined_cash_withdrawal,,467,47,declined_cash_withdrawal,gpt-5.6-terra | 77 labels,
c01b046ed4ec,declined_cash_withdrawal,,489,16,declined_cash_withdrawal,gpt-5.6-terra | 77 labels,
4904c1e956be,declined_cash_withdrawal,,468,16,declined_cash_withdrawal,gpt-5.6-terra | 77 labels,
b5d175fb2952,declined_cash_withdrawal,,471,16,declined_cash_withdrawal,gpt-5.6-terra | 77 labels,
be1be26721f3,declined_cash_withdrawal,,468,16,declined_cash_withdrawal,gpt-5.6-terra | 77 labels,
546d3ed9da9e,declined_cash_withdrawal,,502,16,declined_cash_withdrawal,gpt-5.6-terra | 77 labels,
22f0b6dbe6c5,declined_cash_withdrawal,,499,16,declined_cash_withdrawal,gpt-5.6-terra | 77 labels,
30e96bf1f8f7,declined_cash_withdrawal,,472,16,declined_cash_withdrawal,gpt-5.6-terra | 77 labels,
f7d7c080bc78,declined_cash_withdrawal,,470,16,declined_cash_withdrawal,gpt-5.6-terra | 77 labels,
808e6e39a5af,declined_cash_withdrawal,,470,16,declined_cash_withdrawal,gpt-5.6-terra | 77 labels,
a4890bd46d01,declined_cash_withdrawal,,475,16,declined_cash_withdrawal,gpt-5.6-terra | 77 labels,
9da1542ff89e,declined_cash_withdrawal,,470,16,declined_cash_withdrawal,gpt-5.6-terra | 77 labels,
56234621113c,declined_cash_withdrawal,,490,16,declined_cash_withdrawal,gpt-5.6-terra | 77 labels,
e7c9a40a2727,declined_cash_withdrawal,,477,16,declined_cash_withdrawal,gpt-5.6-terra | 77 labels,
72ef4b77522a,declined_cash_withdrawal,,469,16,declined_cash_withdrawal,gpt-5.6-terra | 77 labels,
05ef3acff6ec,declined_cash_withdrawal,,473,16,declined_cash_withdrawal,gpt-5.6-terra | 77 labels,
22dc1f79528e,declined_cash_withdrawal,,490,16,declined_cash_withdrawal,gpt-5.6-terra | 77 labels,
20c0699f17a9,declined_cash_withdrawal,,475,16,declined_cash_withdrawal,gpt-5.6-terra | 77 labels,
330f98e547a1,declined_cash_withdrawal,,473,16,declined_cash_withdrawal,gpt-5.6-terra | 77 labels,
385742f75dea,declined_cash_withdrawal,,475,16,declined_cash_withdrawal,gpt-5.6-terra | 77 labels,
67ade56a0c4f,declined_cash_withdrawal,,470,16,declined_cash_withdrawal,gpt-5.6-terra | 77 labels,
4b8bed441b7c,declined_cash_withdrawal,,501,16,declined_cash_withdrawal,gpt-5.6-terra | 77 labels,
2efc87fba257,declined_cash_withdrawal,,470,16,declined_cash_withdrawal,gpt-5.6-terra | 77 labels,
3ac939d238d3,declined_cash_withdrawal,,495,16,declined_cash_withdrawal,gpt-5.6-terra | 77 labels,
a97136980dd9,declined_cash_withdrawal,,471,16,declined_cash_withdrawal,gpt-5.6-terra | 77 labels,
cfccfc0c6b2a,declined_cash_withdrawal,,470,16,declined_cash_withdrawal,gpt-5.6-terra | 77 labels,
58e19741612d,declined_cash_withdrawal,,468,16,declined_cash_withdrawal,gpt-5.6-terra | 77 labels,
b5bc04b0bb13,declined_cash_withdrawal,,499,16,declined_cash_withdrawal,gpt-5.6-terra | 77 labels,
6e28739f7644,declined_cash_withdrawal,,502,16,declined_cash_withdrawal,gpt-5.6-terra | 77 labels,
68bb47f2ce46,declined_cash_withdrawal,,489,16,declined_cash_withdrawal,gpt-5.6-terra | 77 labels,
8c8bd75d0c84,declined_cash_withdrawal,,485,16,declined_cash_withdrawal,gpt-5.6-terra | 77 labels,
285332230ced,declined_cash_withdrawal,,470,16,declined_cash_withdrawal,gpt-5.6-terra | 77 labels,
3083503f1621,declined_cash_withdrawal,,475,63,declined_cash_withdrawal,gpt-5.6-terra | 77 labels,
49e1efab204c,declined_cash_withdrawal,,474,43,declined_cash_withdrawal,gpt-5.6-terra | 77 labels,
2a67c576c539,declined_cash_withdrawal,,472,16,declined_cash_withdrawal,gpt-5.6-terra | 77 labels,
25920238a3b3,declined_cash_withdrawal,,483,16,declined_cash_withdrawal,gpt-5.6-terra | 77 labels,
a2558eaeb571,declined_cash_withdrawal,,474,16,declined_cash_withdrawal,gpt-5.6-terra | 77 labels,
db92b25a0926,declined_cash_withdrawal,,497,16,declined_cash_withdrawal,gpt-5.6-terra | 77 labels,
de33995c4fb0,declined_cash_withdrawal,,475,42,declined_card_payment,gpt-5.6-terra | 77 labels,
9616647de607,declined_cash_withdrawal,,482,67,declined_cash_withdrawal,gpt-5.6-terra | 77 labels,
656bfc4dbfe1,declined_cash_withdrawal,,489,18,cash_withdrawal_not_recognised,gpt-5.6-terra | 77 labels,
60e613ed8eb5,declined_cash_withdrawal,,469,16,declined_cash_withdrawal,gpt-5.6-terra | 77 labels,
6d629e9ac187,declined_cash_withdrawal,,491,16,declined_cash_withdrawal,gpt-5.6-terra | 77 labels,
acb01ae9aff6,declined_cash_withdrawal,,472,16,declined_cash_withdrawal,gpt-5.6-terra | 77 labels,
05fc58c61541,declined_cash_withdrawal,,471,16,declined_cash_withdrawal,gpt-5.6-terra | 77 labels,
44ecce3b3dad,declined_cash_withdrawal,,479,13,pin_blocked,gpt-5.6-terra | 77 labels,
4d5508df562c,declined_cash_withdrawal,,475,16,declined_cash_withdrawal,gpt-5.6-terra | 77 labels,
abc1db756bd5,declined_cash_withdrawal,,474,16,declined_cash_withdrawal,gpt-5.6-terra | 77 labels,
d8d198aec0d4,declined_cash_withdrawal,,472,16,declined_cash_withdrawal,gpt-5.6-terra | 77 labels,
4a462c820164,declined_cash_withdrawal,,478,16,declined_cash_withdrawal,gpt-5.6-terra | 77 labels,
538714fdf2d0,declined_cash_withdrawal,,498,16,declined_cash_withdrawal,gpt-5.6-terra | 77 labels,
cd3eaeeddadd,declined_cash_withdrawal,,502,49,declined_cash_withdrawal,gpt-5.6-terra | 77 labels,
0d065460408d,declined_cash_withdrawal,,483,13,pin_blocked,gpt-5.6-terra | 77 labels,
7c6616df843b,declined_cash_withdrawal,,501,16,declined_cash_withdrawal,gpt-5.6-terra | 77 labels,
02684d197e1e,declined_cash_withdrawal,,496,16,declined_cash_withdrawal,gpt-5.6-terra | 77 labels,
c9d242514182,declined_cash_withdrawal,,496,47,declined_cash_withdrawal,gpt-5.6-terra | 77 labels,
8fc0317efe3d,declined_cash_withdrawal,,467,16,declined_cash_withdrawal,gpt-5.6-terra | 77 labels,
0e8e2a81d045,declined_cash_withdrawal,,490,16,declined_cash_withdrawal,gpt-5.6-terra | 77 labels,
7a755e05ae3e,declined_cash_withdrawal,,469,16,declined_cash_withdrawal,gpt-5.6-terra | 77 labels,
a46345c1616e,declined_cash_withdrawal,,472,18,cash_withdrawal_not_recognised,gpt-5.6-terra | 77 labels,
bc456381faf0,declined_cash_withdrawal,,467,41,declined_card_payment,gpt-5.6-terra | 77 labels,
fd376202416f,declined_cash_withdrawal,,488,16,declined_cash_withdrawal,gpt-5.6-terra | 77 labels,
092a22e2ca40,declined_cash_withdrawal,,471,16,declined_cash_withdrawal,gpt-5.6-terra | 77 labels,
acfd17884c7b,declined_cash_withdrawal,,475,16,declined_cash_withdrawal,gpt-5.6-terra | 77 labels,
d3ef043fc593,declined_cash_withdrawal,,470,16,declined_cash_withdrawal,gpt-5.6-terra | 77 labels,
f792726a53de,declined_cash_withdrawal,,472,16,declined_cash_withdrawal,gpt-5.6-terra | 77 labels,
3dde84ff9062,declined_cash_withdrawal,,470,16,declined_cash_withdrawal,gpt-5.6-terra | 77 labels,
22bbe87f6b3d,declined_cash_withdrawal,,468,16,declined_cash_withdrawal,gpt-5.6-terra | 77 labels,
d5472a53d5af,declined_cash_withdrawal,,479,57,declined_cash_withdrawal,gpt-5.6-terra | 77 labels,
56454457e5fd,declined_cash_withdrawal,,471,40,declined_cash_withdrawal,gpt-5.6-terra | 77 labels,
ec2f092b90e5,direct_debit_payment_not_recognised,,473,18,direct_debit_payment_not_recognised,gpt-5.6-terra | 77 labels,
d4b6145b7085,direct_debit_payment_not_recognised,,470,18,direct_debit_payment_not_recognised,gpt-5.6-terra | 77 labels,
32022a40ef83,direct_debit_payment_not_recognised,,466,112,card_payment_not_recognised,gpt-5.6-terra | 77 labels,
28d1e480b591,direct_debit_payment_not_recognised,,470,18,direct_debit_payment_not_recognised,gpt-5.6-terra | 77 labels,
ac277ecff260,direct_debit_payment_not_recognised,,474,18,direct_debit_payment_not_recognised,gpt-5.6-terra | 77 labels,
c576bdd963be,direct_debit_payment_not_recognised,,472,18,direct_debit_payment_not_recognised,gpt-5.6-terra | 77 labels,
0f2766a40d76,direct_debit_payment_not_recognised,,474,18,direct_debit_payment_not_recognised,gpt-5.6-terra | 77 labels,
da66d5b3c147,direct_debit_payment_not_recognised,,474,18,direct_debit_payment_not_recognised,gpt-5.6-terra | 77 labels,
ba66e5e5d083,direct_debit_payment_not_recognised,,471,14,compromised_card,gpt-5.6-terra | 77 labels,
63f79538134c,direct_debit_payment_not_recognised,,475,18,direct_debit_payment_not_recognised,gpt-5.6-terra | 77 labels,
1439fc285bee,direct_debit_payment_not_recognised,,472,18,direct_debit_payment_not_recognised,gpt-5.6-terra | 77 labels,
81bebc76c00b,direct_debit_payment_not_recognised,,479,18,direct_debit_payment_not_recognised,gpt-5.6-terra | 77 labels,
032ede55cbe0,direct_debit_payment_not_recognised,,474,18,direct_debit_payment_not_recognised,gpt-5.6-terra | 77 labels,
54d2c351bc75,direct_debit_payment_not_recognised,,473,18,direct_debit_payment_not_recognised,gpt-5.6-terra | 77 labels,
5511ec087f6e,direct_debit_payment_not_recognised,,472,18,direct_debit_payment_not_recognised,gpt-5.6-terra | 77 labels,
c51414b409e3,direct_debit_payment_not_recognised,,475,18,direct_debit_payment_not_recognised,gpt-5.6-terra | 77 labels,
c2fc7e698d6b,direct_debit_payment_not_recognised,,476,18,direct_debit_payment_not_recognised,gpt-5.6-terra | 77 labels,
f6fc49e5023e,direct_debit_payment_not_recognised,,483,18,direct_debit_payment_not_recognised,gpt-5.6-terra | 77 labels,
e25961c63216,direct_debit_payment_not_recognised,,469,18,direct_debit_payment_not_recognised,gpt-5.6-terra | 77 labels,
8da5fd2a0fbd,direct_debit_payment_not_recognised,,471,18,direct_debit_payment_not_recognised,gpt-5.6-terra | 77 labels,
d3c717ebe66b,direct_debit_payment_not_recognised,,474,16,card_payment_not_recognised,gpt-5.6-terra | 77 labels,
29c91108f1cd,direct_debit_payment_not_recognised,,492,16,card_payment_not_recognised,gpt-5.6-terra | 77 labels,
6170ca25ccc0,direct_debit_payment_not_recognised,,474,45,card_payment_not_recognised,gpt-5.6-terra | 77 labels,
77493789df3f,direct_debit_payment_not_recognised,,475,16,card_payment_not_recognised,gpt-5.6-terra | 77 labels,
1bf2ab54fc95,direct_debit_payment_not_recognised,,477,18,direct_debit_payment_not_recognised,gpt-5.6-terra | 77 labels,
43c13e598ffd,direct_debit_payment_not_recognised,,501,16,card_payment_not_recognised,gpt-5.6-terra | 77 labels,
024ed8a1ec2b,direct_debit_payment_not_recognised,,471,18,direct_debit_payment_not_recognised,gpt-5.6-terra | 77 labels,
e843bd0357e4,direct_debit_payment_not_recognised,,477,18,direct_debit_payment_not_recognised,gpt-5.6-terra | 77 labels,
a6f15cebf9f4,direct_debit_payment_not_recognised,,473,18,direct_debit_payment_not_recognised,gpt-5.6-terra | 77 labels,
b7e2760df1b2,direct_debit_payment_not_recognised,,476,18,direct_debit_payment_not_recognised,gpt-5.6-terra | 77 labels,
a34201df24ea,direct_debit_payment_not_recognised,,473,18,direct_debit_payment_not_recognised,gpt-5.6-terra | 77 labels,
38e0b43ae46c,direct_debit_payment_not_recognised,,506,16,card_payment_not_recognised,gpt-5.6-terra | 77 labels,
b7a32523c67b,direct_debit_payment_not_recognised,,473,18,direct_debit_payment_not_recognised,gpt-5.6-terra | 77 labels,
e24d4966a876,direct_debit_payment_not_recognised,,478,18,direct_debit_payment_not_recognised,gpt-5.6-terra | 77 labels,
89cad4a251ec,direct_debit_payment_not_recognised,,525,16,card_payment_not_recognised,gpt-5.6-terra | 77 labels,
1fec62c87951,direct_debit_payment_not_recognised,,505,43,card_payment_not_recognised,gpt-5.6-terra | 77 labels,
649fbd390698,direct_debit_payment_not_recognised,,473,18,direct_debit_payment_not_recognised,gpt-5.6-terra | 77 labels,
c3da8c468751,direct_debit_payment_not_recognised,,467,53,passcode_forgotten,gpt-5.6-terra | 77 labels,
bacd2b686042,direct_debit_payment_not_recognised,,504,16,card_payment_not_recognised,gpt-5.6-terra | 77 labels,
810696767975,direct_debit_payment_not_recognised,,475,18,direct_debit_payment_not_recognised,gpt-5.6-terra | 77 labels,
d9238f29154a,direct_debit_payment_not_recognised,,478,18,direct_debit_payment_not_recognised,gpt-5.6-terra | 77 labels,
139c150f249f,direct_debit_payment_not_recognised,,472,18,direct_debit_payment_not_recognised,gpt-5.6-terra | 77 labels,
6e77c5f48b49,direct_debit_payment_not_recognised,,473,18,direct_debit_payment_not_recognised,gpt-5.6-terra | 77 labels,
ccb84c14ed2e,direct_debit_payment_not_recognised,,471,18,direct_debit_payment_not_recognised,gpt-5.6-terra | 77 labels,
7f748ab80fd6,direct_debit_payment_not_recognised,,480,18,direct_debit_payment_not_recognised,gpt-5.6-terra | 77 labels,
25062f5c9a69,direct_debit_payment_not_recognised,,472,18,direct_debit_payment_not_recognised,gpt-5.6-terra | 77 labels,
0a3f6dfaf002,direct_debit_payment_not_recognised,,491,39,card_payment_not_recognised,gpt-5.6-terra | 77 labels,
c3fda975fe66,direct_debit_payment_not_recognised,,482,18,direct_debit_payment_not_recognised,gpt-5.6-terra | 77 labels,
40197f1e9157,direct_debit_payment_not_recognised,,478,18,direct_debit_payment_not_recognised,gpt-5.6-terra | 77 labels,
14c5259345d9,direct_debit_payment_not_recognised,,476,18,direct_debit_payment_not_recognised,gpt-5.6-terra | 77 labels,
bd5fbc6481f3,direct_debit_payment_not_recognised,,475,54,direct_debit_payment_not_recognised,gpt-5.6-terra | 77 labels,
1203bc6b1f15,direct_debit_payment_not_recognised,,502,43,card_payment_not_recognised,gpt-5.6-terra | 77 labels,
eb56103fd2c7,direct_debit_payment_not_recognised,,472,18,direct_debit_payment_not_recognised,gpt-5.6-terra | 77 labels,
0d2e08cfb5ad,direct_debit_payment_not_recognised,,483,18,direct_debit_payment_not_recognised,gpt-5.6-terra | 77 labels,
5378423cf187,direct_debit_payment_not_recognised,,472,18,direct_debit_payment_not_recognised,gpt-5.6-terra | 77 labels,
8693d3291a26,direct_debit_payment_not_recognised,,473,18,direct_debit_payment_not_recognised,gpt-5.6-terra | 77 labels,
d4ddbac1199d,direct_debit_payment_not_recognised,,504,16,card_payment_not_recognised,gpt-5.6-terra | 77 labels,
21725a1be943,direct_debit_payment_not_recognised,,471,16,card_payment_not_recognised,gpt-5.6-terra | 77 labels,
fcf57ee06399,direct_debit_payment_not_recognised,,471,18,direct_debit_payment_not_recognised,gpt-5.6-terra | 77 labels,
32bffbdb4aa2,direct_debit_payment_not_recognised,,477,18,direct_debit_payment_not_recognised,gpt-5.6-terra | 77 labels,
54c9cc66e6c2,direct_debit_payment_not_recognised,,473,122,card_payment_not_recognised,gpt-5.6-terra | 77 labels,
f8493a908cba,direct_debit_payment_not_recognised,,476,18,direct_debit_payment_not_recognised,gpt-5.6-terra | 77 labels,
dae7069b7a09,direct_debit_payment_not_recognised,,473,18,direct_debit_payment_not_recognised,gpt-5.6-terra | 77 labels,
58ddf30a6e8d,direct_debit_payment_not_recognised,,476,18,direct_debit_payment_not_recognised,gpt-5.6-terra | 77 labels,
19dbbbd222c3,direct_debit_payment_not_recognised,,476,18,direct_debit_payment_not_recognised,gpt-5.6-terra | 77 labels,
f4232082bc7f,direct_debit_payment_not_recognised,,486,53,card_payment_not_recognised,gpt-5.6-terra | 77 labels,
cdb9322a6496,direct_debit_payment_not_recognised,,495,16,card_payment_not_recognised,gpt-5.6-terra | 77 labels,
7d9fdfd3b652,direct_debit_payment_not_recognised,,475,16,card_payment_not_recognised,gpt-5.6-terra | 77 labels,
d8581b0de08d,direct_debit_payment_not_recognised,,503,42,card_payment_not_recognised,gpt-5.6-terra | 77 labels,
376bae167286,direct_debit_payment_not_recognised,,473,16,card_payment_not_recognised,gpt-5.6-terra | 77 labels,
f0e1ea12dd32,direct_debit_payment_not_recognised,,466,152,direct_debit_payment_not_recognised,gpt-5.6-terra | 77 labels,
8c5b1c4143a3,direct_debit_payment_not_recognised,,471,18,direct_debit_payment_not_recognised,gpt-5.6-terra | 77 labels,
09423a7fea66,direct_debit_payment_not_recognised,,478,18,direct_debit_payment_not_recognised,gpt-5.6-terra | 77 labels,
cf686493980a,direct_debit_payment_not_recognised,,477,58,direct_debit_payment_not_recognised,gpt-5.6-terra | 77 labels,
4a770c22e8c4,direct_debit_payment_not_recognised,,471,18,direct_debit_payment_not_recognised,gpt-5.6-terra | 77 labels,
f6fd29a48ffe,direct_debit_payment_not_recognised,,474,16,card_payment_not_recognised,gpt-5.6-terra | 77 labels,
a4dfbbe9d9f0,direct_debit_payment_not_recognised,,499,16,card_payment_not_recognised,gpt-5.6-terra | 77 labels,
f6d9a0b4f2fa,direct_debit_payment_not_recognised,,492,16,card_payment_not_recognised,gpt-5.6-terra | 77 labels,
471f09f9243d,direct_debit_payment_not_recognised,,473,18,direct_debit_payment_not_recognised,gpt-5.6-terra | 77 labels,
9a7106d1903a,direct_debit_payment_not_recognised,,516,52,card_payment_not_recognised,gpt-5.6-terra | 77 labels,
15feca82dac1,direct_debit_payment_not_recognised,,472,18,direct_debit_payment_not_recognised,gpt-5.6-terra | 77 labels,
46f9a88867f8,direct_debit_payment_not_recognised,,477,18,direct_debit_payment_not_recognised,gpt-5.6-terra | 77 labels,
c1c06eb0078c,direct_debit_payment_not_recognised,,479,16,card_payment_not_recognised,gpt-5.6-terra | 77 labels,
f7874ef73810,direct_debit_payment_not_recognised,,494,16,card_payment_not_recognised,gpt-5.6-terra | 77 labels,
e13a468715a5,direct_debit_payment_not_recognised,,506,16,card_payment_not_recognised,gpt-5.6-terra | 77 labels,
57431e9e9c2e,direct_debit_payment_not_recognised,,465,147,direct_debit_payment_not_recognised,gpt-5.6-terra | 77 labels,
81fcc76b536a,direct_debit_payment_not_recognised,,467,18,direct_debit_payment_not_recognised,gpt-5.6-terra | 77 labels,
86bb00bd18d7,direct_debit_payment_not_recognised,,474,18,direct_debit_payment_not_recognised,gpt-5.6-terra | 77 labels,
11e85fc3d550,direct_debit_payment_not_recognised,,509,49,card_payment_not_recognised,gpt-5.6-terra | 77 labels,
4121db87c1e2,direct_debit_payment_not_recognised,,471,18,direct_debit_payment_not_recognised,gpt-5.6-terra | 77 labels,
e317cd75a6aa,direct_debit_payment_not_recognised,,506,16,card_payment_not_recognised,gpt-5.6-terra | 77 labels,
6bb19d75d9b6,direct_debit_payment_not_recognised,,472,16,card_payment_not_recognised,gpt-5.6-terra | 77 labels,
06359beb75e2,direct_debit_payment_not_recognised,,473,18,direct_debit_payment_not_recognised,gpt-5.6-terra | 77 labels,
2707d1e7a15f,direct_debit_payment_not_recognised,,488,44,card_payment_not_recognised,gpt-5.6-terra | 77 labels,
135fb884a9c3,direct_debit_payment_not_recognised,,480,18,direct_debit_payment_not_recognised,gpt-5.6-terra | 77 labels,
87593955c6ce,direct_debit_payment_not_recognised,,476,16,card_payment_not_recognised,gpt-5.6-terra | 77 labels,
e772e7940c7b,direct_debit_payment_not_recognised,,472,18,direct_debit_payment_not_recognised,gpt-5.6-terra | 77 labels,
d2b546354130,direct_debit_payment_not_recognised,,477,16,card_payment_not_recognised,gpt-5.6-terra | 77 labels,
ac748d95e7b7,direct_debit_payment_not_recognised,,491,16,card_payment_not_recognised,gpt-5.6-terra | 77 labels,
a9bd1e0c4153,direct_debit_payment_not_recognised,,468,44,card_payment_not_recognised,gpt-5.6-terra | 77 labels,
543e7ef22a23,direct_debit_payment_not_recognised,,471,18,direct_debit_payment_not_recognised,gpt-5.6-terra | 77 labels,
8cb22a656121,direct_debit_payment_not_recognised,,490,16,card_payment_not_recognised,gpt-5.6-terra | 77 labels,
8e0e4eba2b28,direct_debit_payment_not_recognised,,474,18,direct_debit_payment_not_recognised,gpt-5.6-terra | 77 labels,
95b9f8601504,direct_debit_payment_not_recognised,,472,18,direct_debit_payment_not_recognised,gpt-5.6-terra | 77 labels,
79eb85c16f7a,direct_debit_payment_not_recognised,,468,16,card_payment_not_recognised,gpt-5.6-terra | 77 labels,
168c7a50066b,direct_debit_payment_not_recognised,,485,16,card_payment_not_recognised,gpt-5.6-terra | 77 labels,
06008995081c,direct_debit_payment_not_recognised,,474,14,extra_charge_on_statement,gpt-5.6-terra | 77 labels,
1551f09e9880,direct_debit_payment_not_recognised,,473,13,request_refund,gpt-5.6-terra | 77 labels,
e83af689b13f,direct_debit_payment_not_recognised,,473,18,direct_debit_payment_not_recognised,gpt-5.6-terra | 77 labels,
7b4a7c0c4bd2,direct_debit_payment_not_recognised,,476,18,direct_debit_payment_not_recognised,gpt-5.6-terra | 77 labels,
f0f4e224e979,direct_debit_payment_not_recognised,,470,18,direct_debit_payment_not_recognised,gpt-5.6-terra | 77 labels,
e075b58645e9,direct_debit_payment_not_recognised,,470,18,direct_debit_payment_not_recognised,gpt-5.6-terra | 77 labels,
982086ce9e97,direct_debit_payment_not_recognised,,475,18,direct_debit_payment_not_recognised,gpt-5.6-terra | 77 labels,
67102952670e,direct_debit_payment_not_recognised,,471,18,direct_debit_payment_not_recognised,gpt-5.6-terra | 77 labels,
bb2476ad6519,direct_debit_payment_not_recognised,,496,16,card_payment_not_recognised,gpt-5.6-terra | 77 labels,
c952fc83f48a,direct_debit_payment_not_recognised,,471,18,direct_debit_payment_not_recognised,gpt-5.6-terra | 77 labels,
513ca2a24232,direct_debit_payment_not_recognised,,476,18,direct_debit_payment_not_recognised,gpt-5.6-terra | 77 labels,
3a47e857297a,direct_debit_payment_not_recognised,,473,18,direct_debit_payment_not_recognised,gpt-5.6-terra | 77 labels,
e61fe6f773b2,direct_debit_payment_not_recognised,,479,100,compromised_card,gpt-5.6-terra | 77 labels,
0bbc00830ab8,direct_debit_payment_not_recognised,,467,85,card_not_working,gpt-5.6-terra | 77 labels,
f0babea3a641,direct_debit_payment_not_recognised,,478,18,direct_debit_payment_not_recognised,gpt-5.6-terra | 77 labels,
41c1d6f080e7,direct_debit_payment_not_recognised,,476,18,direct_debit_payment_not_recognised,gpt-5.6-terra | 77 labels,
60317b30e714,direct_debit_payment_not_recognised,,477,18,direct_debit_payment_not_recognised,gpt-5.6-terra | 77 labels,
e5d9033da2d5,direct_debit_payment_not_recognised,,470,18,direct_debit_payment_not_recognised,gpt-5.6-terra | 77 labels,
2d28ed2edbc1,direct_debit_payment_not_recognised,,505,47,card_payment_not_recognised,gpt-5.6-terra | 77 labels,
b2e4a3d33699,direct_debit_payment_not_recognised,,499,16,card_payment_not_recognised,gpt-5.6-terra | 77 labels,
b4344abd92f0,direct_debit_payment_not_recognised,,477,18,direct_debit_payment_not_recognised,gpt-5.6-terra | 77 labels,
76b31de227f5,direct_debit_payment_not_recognised,,479,18,direct_debit_payment_not_recognised,gpt-5.6-terra | 77 labels,
9967cce2d99e,direct_debit_payment_not_recognised,,474,18,direct_debit_payment_not_recognised,gpt-5.6-terra | 77 labels,
aa5ee7397da9,direct_debit_payment_not_recognised,,481,18,direct_debit_payment_not_recognised,gpt-5.6-terra | 77 labels,
fe40e69281c2,direct_debit_payment_not_recognised,,472,18,direct_debit_payment_not_recognised,gpt-5.6-terra | 77 labels,
dd877d05f8de,direct_debit_payment_not_recognised,,474,18,direct_debit_payment_not_recognised,gpt-5.6-terra | 77 labels,
3c1f3a6004ec,direct_debit_payment_not_recognised,,477,18,direct_debit_payment_not_recognised,gpt-5.6-terra | 77 labels,
d456893a0c45,direct_debit_payment_not_recognised,,470,16,card_payment_not_recognised,gpt-5.6-terra | 77 labels,
79ed9aec79db,direct_debit_payment_not_recognised,,478,18,direct_debit_payment_not_recognised,gpt-5.6-terra | 77 labels,
8a6fbb2a2c9b,direct_debit_payment_not_recognised,,504,18,cash_withdrawal_not_recognised,gpt-5.6-terra | 77 labels,
3cec15e7effe,direct_debit_payment_not_recognised,,503,29,card_payment_not_recognised,gpt-5.6-terra | 77 labels,
1d34612cf1e3,direct_debit_payment_not_recognised,,472,51,card_payment_not_recognised,gpt-5.6-terra | 77 labels,
60105032ba4b,direct_debit_payment_not_recognised,,473,18,direct_debit_payment_not_recognised,gpt-5.6-terra | 77 labels,
a04267874efa,direct_debit_payment_not_recognised,,473,18,direct_debit_payment_not_recognised,gpt-5.6-terra | 77 labels,
cf16b00a0cef,direct_debit_payment_not_recognised,,473,16,card_payment_not_recognised,gpt-5.6-terra | 77 labels,
594f17419691,direct_debit_payment_not_recognised,,476,18,direct_debit_payment_not_recognised,gpt-5.6-terra | 77 labels,
688853f8f005,direct_debit_payment_not_recognised,,506,34,card_payment_not_recognised,gpt-5.6-terra | 77 labels,
1d0826ea8b9e,transaction_charged_twice,,467,16,transaction_charged_twice,gpt-5.6-terra | 77 labels,
f4085aae5cc1,transaction_charged_twice,,526,16,transaction_charged_twice,gpt-5.6-terra | 77 labels,
2afc8717563f,transaction_charged_twice,,472,16,transaction_charged_twice,gpt-5.6-terra | 77 labels,
fff940ff90d0,transaction_charged_twice,,518,16,transaction_charged_twice,gpt-5.6-terra | 77 labels,
23276acb7111,transaction_charged_twice,,467,16,transaction_charged_twice,gpt-5.6-terra | 77 labels,
1274575f950f,transaction_charged_twice,,491,16,transaction_charged_twice,gpt-5.6-terra | 77 labels,
beb082e3614f,transaction_charged_twice,,472,16,transaction_charged_twice,gpt-5.6-terra | 77 labels,
1bf819023c2f,transaction_charged_twice,,472,16,transaction_charged_twice,gpt-5.6-terra | 77 labels,
b1beb0196b21,transaction_charged_twice,,470,16,transaction_charged_twice,gpt-5.6-terra | 77 labels,
15422f6050b6,transaction_charged_twice,,471,16,transaction_charged_twice,gpt-5.6-terra | 77 labels,
6f70acf1b493,transaction_charged_twice,,477,16,transaction_charged_twice,gpt-5.6-terra | 77 labels,
7f3618a61268,transaction_charged_twice,,471,16,transaction_charged_twice,gpt-5.6-terra | 77 labels,
fb0b6a8720fb,transaction_charged_twice,,489,16,transaction_charged_twice,gpt-5.6-terra | 77 labels,
11b5e86d3ba9,transaction_charged_twice,,470,16,transaction_charged_twice,gpt-5.6-terra | 77 labels,
3c0b7414cb1d,transaction_charged_twice,,473,16,transaction_charged_twice,gpt-5.6-terra | 77 labels,
9b73565cc07b,transaction_charged_twice,,484,16,transaction_charged_twice,gpt-5.6-terra | 77 labels,
0f8845689682,transaction_charged_twice,,532,16,transaction_charged_twice,gpt-5.6-terra | 77 labels,
91541ec20cd0,transaction_charged_twice,,521,16,transaction_charged_twice,gpt-5.6-terra | 77 labels,
1f09664bf76c,transaction_charged_twice,,477,16,transaction_charged_twice,gpt-5.6-terra | 77 labels,
82021ce9b574,transaction_charged_twice,,468,16,transaction_charged_twice,gpt-5.6-terra | 77 labels,
4caee5466567,transaction_charged_twice,,472,16,transaction_charged_twice,gpt-5.6-terra | 77 labels,
04a322769b11,transaction_charged_twice,,467,33,transaction_charged_twice,gpt-5.6-terra | 77 labels,
9d908c20c8d8,transaction_charged_twice,,471,16,transaction_charged_twice,gpt-5.6-terra | 77 labels,
3fbf3b20b7e9,transaction_charged_twice,,470,16,transaction_charged_twice,gpt-5.6-terra | 77 labels,
1a3669654831,transaction_charged_twice,,489,16,transaction_charged_twice,gpt-5.6-terra | 77 labels,
daa9a995d318,transaction_charged_twice,,473,93,transaction_charged_twice,gpt-5.6-terra | 77 labels,
bedc8189d0b1,transaction_charged_twice,,472,16,transaction_charged_twice,gpt-5.6-terra | 77 labels,
2bae027ca4eb,transaction_charged_twice,,514,59,transaction_charged_twice,gpt-5.6-terra | 77 labels,
a38cfd59aff2,transaction_charged_twice,,491,16,transaction_charged_twice,gpt-5.6-terra | 77 labels,
a51f81d90f96,transaction_charged_twice,,467,16,transaction_charged_twice,gpt-5.6-terra | 77 labels,
26239aeedb0a,transaction_charged_twice,,468,16,transaction_charged_twice,gpt-5.6-terra | 77 labels,
e8ce8ead29ce,transaction_charged_twice,,470,16,transaction_charged_twice,gpt-5.6-terra | 77 labels,
2835a9960ba7,transaction_charged_twice,,485,16,transaction_charged_twice,gpt-5.6-terra | 77 labels,
ce74d3ac872a,transaction_charged_twice,,479,16,transaction_charged_twice,gpt-5.6-terra | 77 labels,
1ad377240bff,transaction_charged_twice,,472,16,transaction_charged_twice,gpt-5.6-terra | 77 labels,
86bdb0ce3fae,transaction_charged_twice,,471,16,transaction_charged_twice,gpt-5.6-terra | 77 labels,
9430dd7cecbc,transaction_charged_twice,,473,96,card_payment_not_recognised,gpt-5.6-terra | 77 labels,
f1ab3f190389,transaction_charged_twice,,469,16,transaction_charged_twice,gpt-5.6-terra | 77 labels,
3006b57b9630,transaction_charged_twice,,485,16,transaction_charged_twice,gpt-5.6-terra | 77 labels,
605a7661f88a,transaction_charged_twice,,526,13,pending_card_payment,gpt-5.6-terra | 77 labels,
8baddbea2229,transaction_charged_twice,,496,16,transaction_charged_twice,gpt-5.6-terra | 77 labels,
92c55840d29b,transaction_charged_twice,,484,16,transaction_charged_twice,gpt-5.6-terra | 77 labels,
61d8ddcbf398,transaction_charged_twice,,491,16,transaction_charged_twice,gpt-5.6-terra | 77 labels,
ee3b0f2af040,transaction_charged_twice,,470,16,transaction_charged_twice,gpt-5.6-terra | 77 labels,
cb1849b7997f,transaction_charged_twice,,519,16,transaction_charged_twice,gpt-5.6-terra | 77 labels,
d01fac97501e,transaction_charged_twice,,510,102,pending_card_payment,gpt-5.6-terra | 77 labels,
dc31c189d9dc,transaction_charged_twice,,473,16,transaction_charged_twice,gpt-5.6-terra | 77 labels,
3bbcce4ad9d1,transaction_charged_twice,,473,16,transaction_charged_twice,gpt-5.6-terra | 77 labels,
29d1daf91e7f,transaction_charged_twice,,473,16,transaction_charged_twice,gpt-5.6-terra | 77 labels,
54177c75ba20,transaction_charged_twice,,478,16,transaction_charged_twice,gpt-5.6-terra | 77 labels,
8cb19751c8a6,transaction_charged_twice,,470,16,transaction_charged_twice,gpt-5.6-terra | 77 labels,
2b592f0a137b,transaction_charged_twice,,476,16,transaction_charged_twice,gpt-5.6-terra | 77 labels,
f9618f002874,transaction_charged_twice,,503,16,transaction_charged_twice,gpt-5.6-terra | 77 labels,
967703c8766b,transaction_charged_twice,,475,16,transaction_charged_twice,gpt-5.6-terra | 77 labels,
40bec3e990b9,transaction_charged_twice,,473,16,transaction_charged_twice,gpt-5.6-terra | 77 labels,
23159f4ebead,transaction_charged_twice,,515,43,transaction_charged_twice,gpt-5.6-terra | 77 labels,
32b7c7fe1d0f,transaction_charged_twice,,477,16,transaction_charged_twice,gpt-5.6-terra | 77 labels,
d54d529baf10,transaction_charged_twice,,474,16,transaction_charged_twice,gpt-5.6-terra | 77 labels,
c62ba1aeff68,transaction_charged_twice,,515,16,transaction_charged_twice,gpt-5.6-terra | 77 labels,
7b5b08e58f6d,transaction_charged_twice,,472,16,transaction_charged_twice,gpt-5.6-terra | 77 labels,
7681578322df,transaction_charged_twice,,470,44,transaction_charged_twice,gpt-5.6-terra | 77 labels,
f9988e49f71c,transaction_charged_twice,,471,16,transaction_charged_twice,gpt-5.6-terra | 77 labels,
d3c5a46adcff,transaction_charged_twice,,469,16,transaction_charged_twice,gpt-5.6-terra | 77 labels,
8efcb379c9ae,transaction_charged_twice,,468,16,transaction_charged_twice,gpt-5.6-terra | 77 labels,
b33275476893,transaction_charged_twice,,469,29,transaction_charged_twice,gpt-5.6-terra | 77 labels,
9b50c9752d66,transaction_charged_twice,,480,16,transaction_charged_twice,gpt-5.6-terra | 77 labels,
665ddc89a338,transaction_charged_twice,,469,36,transaction_charged_twice,gpt-5.6-terra | 77 labels,
408f395f922e,transaction_charged_twice,,475,16,transaction_charged_twice,gpt-5.6-terra | 77 labels,
47ec745328fb,transaction_charged_twice,,470,16,transaction_charged_twice,gpt-5.6-terra | 77 labels,
be2955af1dba,transaction_charged_twice,,473,16,transaction_charged_twice,gpt-5.6-terra | 77 labels,
b832d6500dd6,transaction_charged_twice,,472,16,transaction_charged_twice,gpt-5.6-terra | 77 labels,
5b4b5ae96c9f,transaction_charged_twice,,488,16,transaction_charged_twice,gpt-5.6-terra | 77 labels,
1dea2370b4ab,transaction_charged_twice,,503,16,transaction_charged_twice,gpt-5.6-terra | 77 labels,
ef8dffcf7c2d,transaction_charged_twice,,475,16,transaction_charged_twice,gpt-5.6-terra | 77 labels,
351524f6a69f,transaction_charged_twice,,470,16,transaction_charged_twice,gpt-5.6-terra | 77 labels,
d588ce306aa8,transaction_charged_twice,,467,16,transaction_charged_twice,gpt-5.6-terra | 77 labels,
15b8da0203e5,transaction_charged_twice,,475,16,transaction_charged_twice,gpt-5.6-terra | 77 labels,
8933845e1218,transaction_charged_twice,,476,16,transaction_charged_twice,gpt-5.6-terra | 77 labels,
45fc13288bfc,transaction_charged_twice,,478,16,transaction_charged_twice,gpt-5.6-terra | 77 labels,
95fb6437254d,transaction_charged_twice,,487,16,transaction_charged_twice,gpt-5.6-terra | 77 labels,
1ff2842a1c54,transaction_charged_twice,,466,16,transaction_charged_twice,gpt-5.6-terra | 77 labels,
71c9171f37ad,transaction_charged_twice,,474,16,transaction_charged_twice,gpt-5.6-terra | 77 labels,
ae0423cf89f4,transaction_charged_twice,,476,16,transaction_charged_twice,gpt-5.6-terra | 77 labels,
ffb258440dce,transaction_charged_twice,,471,16,transaction_charged_twice,gpt-5.6-terra | 77 labels,
bfbd2056099f,transaction_charged_twice,,469,16,transaction_charged_twice,gpt-5.6-terra | 77 labels,
9a252d1d2d4b,transaction_charged_twice,,490,16,transaction_charged_twice,gpt-5.6-terra | 77 labels,
f8e7ba2c9e6f,transaction_charged_twice,,475,34,transaction_charged_twice,gpt-5.6-terra | 77 labels,
566bd226d02b,transaction_charged_twice,,469,16,transaction_charged_twice,gpt-5.6-terra | 77 labels,
169c316de35f,transaction_charged_twice,,472,16,transaction_charged_twice,gpt-5.6-terra | 77 labels,
0d7b02a3d252,transaction_charged_twice,,471,16,transaction_charged_twice,gpt-5.6-terra | 77 labels,
65a838b14016,transaction_charged_twice,,475,16,transaction_charged_twice,gpt-5.6-terra | 77 labels,
2772bd4fc0ec,transaction_charged_twice,,482,16,transaction_charged_twice,gpt-5.6-terra | 77 labels,
c0ac46c48688,transaction_charged_twice,,475,16,transaction_charged_twice,gpt-5.6-terra | 77 labels,
279181aa4f82,transaction_charged_twice,,513,16,transaction_charged_twice,gpt-5.6-terra | 77 labels,
4368b143bd86,transaction_charged_twice,,474,16,transaction_charged_twice,gpt-5.6-terra | 77 labels,
b16329e4b413,transaction_charged_twice,,473,16,transaction_charged_twice,gpt-5.6-terra | 77 labels,
c114d12b362b,transaction_charged_twice,,472,16,transaction_charged_twice,gpt-5.6-terra | 77 labels,
8d3b3e5ee766,transaction_charged_twice,,469,16,transaction_charged_twice,gpt-5.6-terra | 77 labels,
38f8da6505c3,transaction_charged_twice,,529,52,transaction_charged_twice,gpt-5.6-terra | 77 labels,
5a64841ed60e,transaction_charged_twice,,500,16,transaction_charged_twice,gpt-5.6-terra | 77 labels,
b1600863b0b5,transaction_charged_twice,,470,16,transaction_charged_twice,gpt-5.6-terra | 77 labels,
3703e00dc787,transaction_charged_twice,,476,16,transaction_charged_twice,gpt-5.6-terra | 77 labels,
f769f31da0fc,transaction_charged_twice,,537,16,transaction_charged_twice,gpt-5.6-terra | 77 labels,
1753b9355483,transaction_charged_twice,,471,16,transaction_charged_twice,gpt-5.6-terra | 77 labels,
79816516e46d,transaction_charged_twice,,471,16,transaction_charged_twice,gpt-5.6-terra | 77 labels,
7617bea3ab5e,transaction_charged_twice,,474,39,transaction_charged_twice,gpt-5.6-terra | 77 labels,
11ad08d961b0,transaction_charged_twice,,475,16,transaction_charged_twice,gpt-5.6-terra | 77 labels,
1b6f8a789aca,transaction_charged_twice,,476,16,transaction_charged_twice,gpt-5.6-terra | 77 labels,
217149c14508,transaction_charged_twice,,473,16,transaction_charged_twice,gpt-5.6-terra | 77 labels,
2f4709ee90c5,transaction_charged_twice,,478,16,transaction_charged_twice,gpt-5.6-terra | 77 labels,
25ee8144ff7e,transaction_charged_twice,,498,16,transaction_charged_twice,gpt-5.6-terra | 77 labels,
d397aa8695c7,transaction_charged_twice,,472,16,transaction_charged_twice,gpt-5.6-terra | 77 labels,
da09f14ccb3d,transaction_charged_twice,,466,16,transaction_charged_twice,gpt-5.6-terra | 77 labels,
f23d7a42ffb2,transaction_charged_twice,,477,16,transaction_charged_twice,gpt-5.6-terra | 77 labels,
3c44e6ce7311,transaction_charged_twice,,472,16,transaction_charged_twice,gpt-5.6-terra | 77 labels,
09b3a2054c04,transaction_charged_twice,,472,16,transaction_charged_twice,gpt-5.6-terra | 77 labels,
ef1c9a9e5c49,transaction_charged_twice,,487,16,transaction_charged_twice,gpt-5.6-terra | 77 labels,
feaa06c5d908,transaction_charged_twice,,478,16,transaction_charged_twice,gpt-5.6-terra | 77 labels,
f1ca7ba17522,transaction_charged_twice,,474,13,transfer_timing,gpt-5.6-terra | 77 labels,
b76d667871e3,transaction_charged_twice,,471,16,transaction_charged_twice,gpt-5.6-terra | 77 labels,
6de803e82146,transaction_charged_twice,,523,16,transaction_charged_twice,gpt-5.6-terra | 77 labels,
a95b373908be,transaction_charged_twice,,474,16,transaction_charged_twice,gpt-5.6-terra | 77 labels,
9fb186df4a30,transaction_charged_twice,,480,16,transaction_charged_twice,gpt-5.6-terra | 77 labels,
3b51e037e9c8,transaction_charged_twice,,470,16,transaction_charged_twice,gpt-5.6-terra | 77 labels,
5e13ccc9d24e,transaction_charged_twice,,470,16,transaction_charged_twice,gpt-5.6-terra | 77 labels,
3b2bf406dbde,transaction_charged_twice,,474,16,transaction_charged_twice,gpt-5.6-terra | 77 labels,
76d2ce1bcac7,transaction_charged_twice,,473,16,transaction_charged_twice,gpt-5.6-terra | 77 labels,
6ca9ad4e7570,transaction_charged_twice,,503,89,transaction_charged_twice,gpt-5.6-terra | 77 labels,
77d0a3857946,transaction_charged_twice,,474,16,transaction_charged_twice,gpt-5.6-terra | 77 labels,
aea34c484547,transaction_charged_twice,,471,139,extra_charge_on_statement,gpt-5.6-terra | 77 labels,
93884c202278,transaction_charged_twice,,470,16,transaction_charged_twice,gpt-5.6-terra | 77 labels,
d87138dd9852,transaction_charged_twice,,472,16,transaction_charged_twice,gpt-5.6-terra | 77 labels,
5652f218b2fd,transaction_charged_twice,,469,16,transaction_charged_twice,gpt-5.6-terra | 77 labels,
0ce578b31f24,transaction_charged_twice,,471,16,transaction_charged_twice,gpt-5.6-terra | 77 labels,
15d01183f8af,transaction_charged_twice,,497,16,transaction_charged_twice,gpt-5.6-terra | 77 labels,
1aae462a9347,transaction_charged_twice,,473,16,transaction_charged_twice,gpt-5.6-terra | 77 labels,
310a1886b8fb,transaction_charged_twice,,468,16,transaction_charged_twice,gpt-5.6-terra | 77 labels,
9dd93c1eb5e5,transaction_charged_twice,,471,16,transaction_charged_twice,gpt-5.6-terra | 77 labels,
003c8a63d5f0,transaction_charged_twice,,467,16,transaction_charged_twice,gpt-5.6-terra | 77 labels,
6a1d3780cf31,transaction_charged_twice,,471,16,transaction_charged_twice,gpt-5.6-terra | 77 labels,
24f5655fff9a,transaction_charged_twice,,471,16,transaction_charged_twice,gpt-5.6-terra | 77 labels,
e819c0499bd5,transaction_charged_twice,,492,16,transaction_charged_twice,gpt-5.6-terra | 77 labels,
42fbe20582a5,transaction_charged_twice,,483,16,transaction_charged_twice,gpt-5.6-terra | 77 labels,
c64a2d465bd9,wrong_amount_of_cash_received,,477,49,wrong_amount_of_cash_received,gpt-5.6-terra | 77 labels,
987656312a55,wrong_amount_of_cash_received,,475,55,wrong_amount_of_cash_received,gpt-5.6-terra | 77 labels,
2f9cda63ffc0,wrong_amount_of_cash_received,,489,15,wrong_amount_of_cash_received,gpt-5.6-terra | 77 labels,
8f82c22df9c0,wrong_amount_of_cash_received,,473,228,declined_cash_withdrawal,gpt-5.6-terra | 77 labels,
331281f6e45a,wrong_amount_of_cash_received,,487,15,wrong_amount_of_cash_received,gpt-5.6-terra | 77 labels,
451038750fbc,wrong_amount_of_cash_received,,475,15,wrong_amount_of_cash_received,gpt-5.6-terra | 77 labels,
7e58331d19ad,wrong_amount_of_cash_received,,476,15,wrong_amount_of_cash_received,gpt-5.6-terra | 77 labels,
585c2d9724df,wrong_amount_of_cash_received,,485,46,wrong_amount_of_cash_received,gpt-5.6-terra | 77 labels,
901d688a2523,wrong_amount_of_cash_received,,476,15,wrong_amount_of_cash_received,gpt-5.6-terra | 77 labels,
a90a8c3930c2,wrong_amount_of_cash_received,,492,15,wrong_amount_of_cash_received,gpt-5.6-terra | 77 labels,
bc0d91385b10,wrong_amount_of_cash_received,,475,15,wrong_amount_of_cash_received,gpt-5.6-terra | 77 labels,
beefc952a84a,wrong_amount_of_cash_received,,474,15,wrong_amount_of_cash_received,gpt-5.6-terra | 77 labels,
36cb1285d041,wrong_amount_of_cash_received,,470,15,wrong_amount_of_cash_received,gpt-5.6-terra | 77 labels,
58fe4f6d9804,wrong_amount_of_cash_received,,468,75,declined_cash_withdrawal,gpt-5.6-terra | 77 labels,
d9be846b0fe8,wrong_amount_of_cash_received,,468,15,wrong_amount_of_cash_received,gpt-5.6-terra | 77 labels,
4a18bd21f043,wrong_amount_of_cash_received,,472,15,wrong_amount_of_cash_received,gpt-5.6-terra | 77 labels,
5ecca15eee9d,wrong_amount_of_cash_received,,472,34,wrong_amount_of_cash_received,gpt-5.6-terra | 77 labels,
e78b25fe5576,wrong_amount_of_cash_received,,483,15,wrong_amount_of_cash_received,gpt-5.6-terra | 77 labels,
a00cd1151c5e,wrong_amount_of_cash_received,,475,15,wrong_amount_of_cash_received,gpt-5.6-terra | 77 labels,
2fffbf526ee6,wrong_amount_of_cash_received,,489,15,wrong_amount_of_cash_received,gpt-5.6-terra | 77 labels,
fdd70ee51bee,wrong_amount_of_cash_received,,479,15,wrong_amount_of_cash_received,gpt-5.6-terra | 77 labels,
8fb809cef766,wrong_amount_of_cash_received,,469,84,declined_cash_withdrawal,gpt-5.6-terra | 77 labels,
bcf8d57bd6a5,wrong_amount_of_cash_received,,471,63,wrong_amount_of_cash_received,gpt-5.6-terra | 77 labels,
4efc3d6c1f4d,wrong_amount_of_cash_received,,473,28,wrong_amount_of_cash_received,gpt-5.6-terra | 77 labels,
df88f64a362c,wrong_amount_of_cash_received,,471,15,wrong_amount_of_cash_received,gpt-5.6-terra | 77 labels,
822e4fe31cb1,wrong_amount_of_cash_received,,469,15,wrong_amount_of_cash_received,gpt-5.6-terra | 77 labels,
611c094e92ce,wrong_amount_of_cash_received,,470,15,wrong_amount_of_cash_received,gpt-5.6-terra | 77 labels,
96f7a5176867,wrong_amount_of_cash_received,,474,15,wrong_amount_of_cash_received,gpt-5.6-terra | 77 labels,
32aa8559ca8a,wrong_amount_of_cash_received,,496,15,wrong_amount_of_cash_received,gpt-5.6-terra | 77 labels,
047f5234db0e,wrong_amount_of_cash_received,,467,43,wrong_amount_of_cash_received,gpt-5.6-terra | 77 labels,
4478ea567bd9,wrong_amount_of_cash_received,,473,15,wrong_amount_of_cash_received,gpt-5.6-terra | 77 labels,
8d2b6965a9df,wrong_amount_of_cash_received,,488,15,wrong_amount_of_cash_received,gpt-5.6-terra | 77 labels,
45de71f0272e,wrong_amount_of_cash_received,,483,15,wrong_amount_of_cash_received,gpt-5.6-terra | 77 labels,
137b66fd6ea4,wrong_amount_of_cash_received,,466,280,balance_not_updated_after_cheque_or_cash_deposit,gpt-5.6-terra | 77 labels,
83abcd49808b,wrong_amount_of_cash_received,,470,15,wrong_amount_of_cash_received,gpt-5.6-terra | 77 labels,
0ef18cff1ce4,wrong_amount_of_cash_received,,479,15,wrong_amount_of_cash_received,gpt-5.6-terra | 77 labels,
0a852f83b379,wrong_amount_of_cash_received,,480,202,declined_cash_withdrawal,gpt-5.6-terra | 77 labels,
7267d4aa26b9,wrong_amount_of_cash_received,,469,159,pending_cash_withdrawal,gpt-5.6-terra | 77 labels,
edfeb0bdfb19,wrong_amount_of_cash_received,,496,15,wrong_amount_of_cash_received,gpt-5.6-terra | 77 labels,
07b993baf5fc,wrong_amount_of_cash_received,,475,15,wrong_amount_of_cash_received,gpt-5.6-terra | 77 labels,
36cf5420c0fc,wrong_amount_of_cash_received,,474,15,wrong_amount_of_cash_received,gpt-5.6-terra | 77 labels,
4e0c75392563,wrong_amount_of_cash_received,,478,15,wrong_amount_of_cash_received,gpt-5.6-terra | 77 labels,
e9593a600005,wrong_amount_of_cash_received,,476,124,declined_cash_withdrawal,gpt-5.6-terra | 77 labels,
6896baca7b92,wrong_amount_of_cash_received,,471,49,wrong_amount_of_cash_received,gpt-5.6-terra | 77 labels,
fabbb33b2c27,wrong_amount_of_cash_received,,474,15,wrong_amount_of_cash_received,gpt-5.6-terra | 77 labels,
1ad5e13b6641,wrong_amount_of_cash_received,,482,15,wrong_amount_of_cash_received,gpt-5.6-terra | 77 labels,
99f7a7e66206,wrong_amount_of_cash_received,,511,15,wrong_amount_of_cash_received,gpt-5.6-terra | 77 labels,
cacd98bac87a,wrong_amount_of_cash_received,,479,15,wrong_amount_of_cash_received,gpt-5.6-terra | 77 labels,
19bb55a2cd9c,wrong_amount_of_cash_received,,472,15,wrong_amount_of_cash_received,gpt-5.6-terra | 77 labels,
ce0dc7907003,wrong_amount_of_cash_received,,472,15,wrong_amount_of_cash_received,gpt-5.6-terra | 77 labels,
0ab6f8de51d6,wrong_amount_of_cash_received,,475,15,wrong_amount_of_cash_received,gpt-5.6-terra | 77 labels,
e11976dcb653,wrong_amount_of_cash_received,,481,15,wrong_amount_of_cash_received,gpt-5.6-terra | 77 labels,
c4eddbd814a0,wrong_amount_of_cash_received,,477,15,wrong_amount_of_cash_received,gpt-5.6-terra | 77 labels,
cdae523d1359,wrong_amount_of_cash_received,,477,15,wrong_amount_of_cash_received,gpt-5.6-terra | 77 labels,
72ba574b41d6,wrong_amount_of_cash_received,,499,15,wrong_amount_of_cash_received,gpt-5.6-terra | 77 labels,
22ddf3b81901,wrong_amount_of_cash_received,,498,15,wrong_amount_of_cash_received,gpt-5.6-terra | 77 labels,
b38a242fc969,wrong_amount_of_cash_received,,475,15,wrong_amount_of_cash_received,gpt-5.6-terra | 77 labels,
ddf118136d7b,wrong_amount_of_cash_received,,506,15,wrong_amount_of_cash_received,gpt-5.6-terra | 77 labels,
6c4655a7c29d,wrong_amount_of_cash_received,,474,15,wrong_amount_of_cash_received,gpt-5.6-terra | 77 labels,
85b674865f8f,wrong_amount_of_cash_received,,474,15,wrong_amount_of_cash_received,gpt-5.6-terra | 77 labels,
920ab57388eb,wrong_amount_of_cash_received,,471,15,wrong_amount_of_cash_received,gpt-5.6-terra | 77 labels,
947f5e98b3b7,wrong_amount_of_cash_received,,506,15,wrong_amount_of_cash_received,gpt-5.6-terra | 77 labels,
d97458d81f40,wrong_amount_of_cash_received,,517,15,wrong_amount_of_cash_received,gpt-5.6-terra | 77 labels,
6cdd52c310d0,wrong_amount_of_cash_received,,471,18,cash_withdrawal_not_recognised,gpt-5.6-terra | 77 labels,
7f7ac8d33fb7,wrong_amount_of_cash_received,,473,15,wrong_amount_of_cash_received,gpt-5.6-terra | 77 labels,
effac420a501,wrong_amount_of_cash_received,,475,67,wrong_amount_of_cash_received,gpt-5.6-terra | 77 labels,
17e71508f13e,wrong_amount_of_cash_received,,476,15,wrong_amount_of_cash_received,gpt-5.6-terra | 77 labels,
e987a63d9110,wrong_amount_of_cash_received,,494,15,wrong_amount_of_cash_received,gpt-5.6-terra | 77 labels,
636d76173536,wrong_amount_of_cash_received,,474,15,wrong_amount_of_cash_received,gpt-5.6-terra | 77 labels,
d72396a3b8a5,wrong_amount_of_cash_received,,470,45,declined_cash_withdrawal,gpt-5.6-terra | 77 labels,
2d02dfc4a1c1,wrong_amount_of_cash_received,,475,15,wrong_amount_of_cash_received,gpt-5.6-terra | 77 labels,
641b73f92424,wrong_amount_of_cash_received,,470,15,wrong_amount_of_cash_received,gpt-5.6-terra | 77 labels,
5339f9577723,wrong_amount_of_cash_received,,473,15,wrong_amount_of_cash_received,gpt-5.6-terra | 77 labels,
79371e175396,wrong_amount_of_cash_received,,470,15,wrong_amount_of_cash_received,gpt-5.6-terra | 77 labels,
51ad326e37c3,wrong_amount_of_cash_received,,474,15,wrong_amount_of_cash_received,gpt-5.6-terra | 77 labels,
7868fb832740,wrong_amount_of_cash_received,,482,15,wrong_amount_of_cash_received,gpt-5.6-terra | 77 labels,
5d0b1ab69f54,wrong_amount_of_cash_received,,473,15,wrong_amount_of_cash_received,gpt-5.6-terra | 77 labels,
e4aa102f7248,wrong_amount_of_cash_received,,472,15,wrong_amount_of_cash_received,gpt-5.6-terra | 77 labels,
bbf4dbf243a7,wrong_amount_of_cash_received,,480,79,wrong_amount_of_cash_received,gpt-5.6-terra | 77 labels,
6551bc84a4e3,wrong_amount_of_cash_received,,505,15,wrong_amount_of_cash_received,gpt-5.6-terra | 77 labels,
6f50f86db7bf,wrong_amount_of_cash_received,,475,15,wrong_amount_of_cash_received,gpt-5.6-terra | 77 labels,
8edc5d7cfc17,wrong_amount_of_cash_received,,485,15,wrong_amount_of_cash_received,gpt-5.6-terra | 77 labels,
9b7b1958cb5b,wrong_amount_of_cash_received,,474,28,wrong_amount_of_cash_received,gpt-5.6-terra | 77 labels,
fd1b68b32987,wrong_amount_of_cash_received,,469,28,wrong_amount_of_cash_received,gpt-5.6-terra | 77 labels,
dfe5fe2ab0fa,wrong_amount_of_cash_received,,471,15,wrong_amount_of_cash_received,gpt-5.6-terra | 77 labels,
a44ab0a44236,wrong_amount_of_cash_received,,483,44,wrong_amount_of_cash_received,gpt-5.6-terra | 77 labels,
e16046eb58b8,wrong_amount_of_cash_received,,474,15,wrong_amount_of_cash_received,gpt-5.6-terra | 77 labels,
f9cb03e0fc92,wrong_amount_of_cash_received,,477,15,wrong_amount_of_cash_received,gpt-5.6-terra | 77 labels,
9b9391b3c63d,wrong_amount_of_cash_received,,474,16,declined_cash_withdrawal,gpt-5.6-terra | 77 labels,
590ca01bb55f,wrong_amount_of_cash_received,,474,15,wrong_amount_of_cash_received,gpt-5.6-terra | 77 labels,
9d4d0424a014,wrong_amount_of_cash_received,,471,15,wrong_amount_of_cash_received,gpt-5.6-terra | 77 labels,
3528bdb33b8a,wrong_amount_of_cash_received,,470,15,wrong_amount_of_cash_received,gpt-5.6-terra | 77 labels,
b9d8fb2b084f,wrong_amount_of_cash_received,,472,15,wrong_amount_of_cash_received,gpt-5.6-terra | 77 labels,
da6eec5e7eb7,wrong_amount_of_cash_received,,499,15,wrong_amount_of_cash_received,gpt-5.6-terra | 77 labels,
d7057972298e,wrong_amount_of_cash_received,,468,200,declined_cash_withdrawal,gpt-5.6-terra | 77 labels,
f3aa2635a9df,wrong_amount_of_cash_received,,471,44,wrong_amount_of_cash_received,gpt-5.6-terra | 77 labels,
c17dd429d206,wrong_amount_of_cash_received,,475,15,wrong_amount_of_cash_received,gpt-5.6-terra | 77 labels,
a8c46db5cf56,wrong_amount_of_cash_received,,482,51,wrong_amount_of_cash_received,gpt-5.6-terra | 77 labels,
be5bd7c7ed55,wrong_amount_of_cash_received,,471,15,wrong_amount_of_cash_received,gpt-5.6-terra | 77 labels,
0edd39af21fe,wrong_amount_of_cash_received,,473,86,wrong_amount_of_cash_received,gpt-5.6-terra | 77 labels,
985b84b1c431,wrong_amount_of_cash_received,,520,15,wrong_amount_of_cash_received,gpt-5.6-terra | 77 labels,
66738f3a8f4f,wrong_amount_of_cash_received,,505,15,wrong_amount_of_cash_received,gpt-5.6-terra | 77 labels,
219e5d6e1b23,wrong_amount_of_cash_received,,484,15,wrong_amount_of_cash_received,gpt-5.6-terra | 77 labels,
0bb0f42103a7,wrong_amount_of_cash_received,,477,15,wrong_amount_of_cash_received,gpt-5.6-terra | 77 labels,
00a4e5b73a0b,wrong_amount_of_cash_received,,472,15,wrong_amount_of_cash_received,gpt-5.6-terra | 77 labels,
a4681c5f79f8,wrong_amount_of_cash_received,,479,15,wrong_amount_of_cash_received,gpt-5.6-terra | 77 labels,
2ac8ae1d0b15,wrong_amount_of_cash_received,,484,15,wrong_amount_of_cash_received,gpt-5.6-terra | 77 labels,
00e58c5bf526,wrong_amount_of_cash_received,,501,15,wrong_amount_of_cash_received,gpt-5.6-terra | 77 labels,
f12e1d220925,wrong_amount_of_cash_received,,471,15,wrong_amount_of_cash_received,gpt-5.6-terra | 77 labels,
094704873dbc,wrong_amount_of_cash_received,,484,34,wrong_amount_of_cash_received,gpt-5.6-terra | 77 labels,
0be8597ee257,wrong_amount_of_cash_received,,475,75,wrong_amount_of_cash_received,gpt-5.6-terra | 77 labels,
6f38093e656f,wrong_amount_of_cash_received,,470,29,wrong_amount_of_cash_received,gpt-5.6-terra | 77 labels,
452d86303e75,wrong_amount_of_cash_received,,471,15,wrong_amount_of_cash_received,gpt-5.6-terra | 77 labels,
a636a648a7d7,wrong_amount_of_cash_received,,477,15,wrong_amount_of_cash_received,gpt-5.6-terra | 77 labels,
5f915a8ff595,wrong_amount_of_cash_received,,476,15,wrong_amount_of_cash_received,gpt-5.6-terra | 77 labels,
dba2c6481283,wrong_amount_of_cash_received,,471,49,wrong_amount_of_cash_received,gpt-5.6-terra | 77 labels,
44942d5baaed,wrong_amount_of_cash_received,,475,15,wrong_amount_of_cash_received,gpt-5.6-terra | 77 labels,
a2dc64c1f11e,wrong_amount_of_cash_received,,471,15,wrong_amount_of_cash_received,gpt-5.6-terra | 77 labels,
6d39a47030a1,wrong_amount_of_cash_received,,468,15,wrong_amount_of_cash_received,gpt-5.6-terra | 77 labels,
0c32116ee667,wrong_amount_of_cash_received,,471,15,wrong_amount_of_cash_received,gpt-5.6-terra | 77 labels,
b5af041d1faa,wrong_amount_of_cash_received,,487,15,wrong_amount_of_cash_received,gpt-5.6-terra | 77 labels,
175625fb86e1,wrong_amount_of_cash_received,,479,50,wrong_amount_of_cash_received,gpt-5.6-terra | 77 labels,
ffb0c7c6f4f1,wrong_amount_of_cash_received,,469,15,wrong_amount_of_cash_received,gpt-5.6-terra | 77 labels,
4552cd92cf6e,wrong_amount_of_cash_received,,470,15,wrong_amount_of_cash_received,gpt-5.6-terra | 77 labels,
cf69b16c1563,wrong_amount_of_cash_received,,479,15,wrong_amount_of_cash_received,gpt-5.6-terra | 77 labels,
85a124547b94,wrong_amount_of_cash_received,,475,15,wrong_amount_of_cash_received,gpt-5.6-terra | 77 labels,
12e3b9ca3c1c,wrong_amount_of_cash_received,,476,15,wrong_amount_of_cash_received,gpt-5.6-terra | 77 labels,
3f8328c6491b,wrong_amount_of_cash_received,,475,15,wrong_amount_of_cash_received,gpt-5.6-terra | 77 labels,
96d60841b9fa,wrong_amount_of_cash_received,,481,15,wrong_amount_of_cash_received,gpt-5.6-terra | 77 labels,
f19ea4a82826,wrong_amount_of_cash_received,,495,15,wrong_amount_of_cash_received,gpt-5.6-terra | 77 labels,
b0ecafe33b1c,wrong_amount_of_cash_received,,495,15,wrong_amount_of_cash_received,gpt-5.6-terra | 77 labels,
23cf8eab664f,wrong_amount_of_cash_received,,469,40,wrong_amount_of_cash_received,gpt-5.6-terra | 77 labels,
b5de7cdc0ebd,wrong_amount_of_cash_received,,476,15,wrong_amount_of_cash_received,gpt-5.6-terra | 77 labels,
40c62c53b27f,wrong_amount_of_cash_received,,485,15,wrong_amount_of_cash_received,gpt-5.6-terra | 77 labels,
4574c84bfee7,wrong_amount_of_cash_received,,480,15,wrong_amount_of_cash_received,gpt-5.6-terra | 77 labels,
c752bc1d8c76,wrong_amount_of_cash_received,,496,15,wrong_amount_of_cash_received,gpt-5.6-terra | 77 labels,
dd70ba431f7d,wrong_amount_of_cash_received,,485,35,wrong_amount_of_cash_received,gpt-5.6-terra | 77 labels,
c06b9a804f97,wrong_amount_of_cash_received,,474,15,wrong_amount_of_cash_received,gpt-5.6-terra | 77 labels,
cb2a622bdcbf,wrong_amount_of_cash_received,,487,15,wrong_amount_of_cash_received,gpt-5.6-terra | 77 labels,
8b711d8aaaab,wrong_amount_of_cash_received,,477,15,wrong_amount_of_cash_received,gpt-5.6-terra | 77 labels,
b01d23ff8e36,wrong_amount_of_cash_received,,474,15,wrong_amount_of_cash_received,gpt-5.6-terra | 77 labels,
327423ead4e4,wrong_amount_of_cash_received,,511,15,wrong_amount_of_cash_received,gpt-5.6-terra | 77 labels,
256fea75bb5d,wrong_amount_of_cash_received,,514,18,cash_withdrawal_not_recognised,gpt-5.6-terra | 77 labels,
95be65c8effd,balance_not_updated_after_cheque_or_cash_deposit,1.0,396,118,balance_not_updated_after_cheque_or_cash_deposit,jev-latest | 7 labels,
67450afabf21,balance_not_updated_after_cheque_or_cash_deposit,1.0,409,118,balance_not_updated_after_cheque_or_cash_deposit,jev-latest | 7 labels,
fed9b568ae52,balance_not_updated_after_cheque_or_cash_deposit,1.0,391,118,balance_not_updated_after_cheque_or_cash_deposit,jev-latest | 7 labels,
e4b57397a236,balance_not_updated_after_cheque_or_cash_deposit,1.0,393,118,balance_not_updated_after_cheque_or_cash_deposit,jev-latest | 7 labels,
bd77634c8269,balance_not_updated_after_cheque_or_cash_deposit,1.0,394,118,balance_not_updated_after_cheque_or_cash_deposit,jev-latest | 7 labels,
c855eeb9c8ff,balance_not_updated_after_cheque_or_cash_deposit,1.0,402,118,balance_not_updated_after_cheque_or_cash_deposit,jev-latest | 7 labels,
c954629d0423,balance_not_updated_after_cheque_or_cash_deposit,1.0,397,118,balance_not_updated_after_cheque_or_cash_deposit,jev-latest | 7 labels,
aef1a86db550,balance_not_updated_after_cheque_or_cash_deposit,1.0,399,118,balance_not_updated_after_cheque_or_cash_deposit,jev-latest | 7 labels,
6f1e9c419377,balance_not_updated_after_cheque_or_cash_deposit,1.0,401,118,balance_not_updated_after_cheque_or_cash_deposit,jev-latest | 7 labels,
a5b9850912e7,balance_not_updated_after_cheque_or_cash_deposit,1.0,403,118,balance_not_updated_after_cheque_or_cash_deposit,jev-latest | 7 labels,
418382fb0b17,balance_not_updated_after_cheque_or_cash_deposit,1.0,398,118,balance_not_updated_after_cheque_or_cash_deposit,jev-latest | 7 labels,
9ea091f8fddb,balance_not_updated_after_cheque_or_cash_deposit,1.0,388,118,balance_not_updated_after_cheque_or_cash_deposit,jev-latest | 7 labels,
39dd2750a515,balance_not_updated_after_cheque_or_cash_deposit,1.0,392,118,balance_not_updated_after_cheque_or_cash_deposit,jev-latest | 7 labels,
77ead8e49b39,balance_not_updated_after_cheque_or_cash_deposit,1.0,401,118,balance_not_updated_after_cheque_or_cash_deposit,jev-latest | 7 labels,
f5e6a45159a0,balance_not_updated_after_cheque_or_cash_deposit,1.0,399,118,balance_not_updated_after_cheque_or_cash_deposit,jev-latest | 7 labels,
f5326572c7fb,balance_not_updated_after_cheque_or_cash_deposit,1.0,395,118,balance_not_updated_after_cheque_or_cash_deposit,jev-latest | 7 labels,
dfe54a7795f9,balance_not_updated_after_cheque_or_cash_deposit,1.0,404,118,balance_not_updated_after_cheque_or_cash_deposit,jev-latest | 7 labels,
5a156e22dca0,balance_not_updated_after_cheque_or_cash_deposit,1.0,405,118,balance_not_updated_after_cheque_or_cash_deposit,jev-latest | 7 labels,
e69ff0d2d89b,balance_not_updated_after_cheque_or_cash_deposit,1.0,396,118,balance_not_updated_after_cheque_or_cash_deposit,jev-latest | 7 labels,
fa38c3c9922e,balance_not_updated_after_cheque_or_cash_deposit,1.0,393,118,balance_not_updated_after_cheque_or_cash_deposit,jev-latest | 7 labels,
c1dc9c3d2f71,balance_not_updated_after_cheque_or_cash_deposit,1.0,388,118,balance_not_updated_after_cheque_or_cash_deposit,jev-latest | 7 labels,
e0ef032b24dd,balance_not_updated_after_cheque_or_cash_deposit,1.0,397,118,balance_not_updated_after_cheque_or_cash_deposit,jev-latest | 7 labels,
c80e960f9e6a,balance_not_updated_after_cheque_or_cash_deposit,1.0,397,118,balance_not_updated_after_cheque_or_cash_deposit,jev-latest | 7 labels,
251ebd12f09d,balance_not_updated_after_cheque_or_cash_deposit,1.0,393,118,balance_not_updated_after_cheque_or_cash_deposit,jev-latest | 7 labels,
002090f3d34e,balance_not_updated_after_cheque_or_cash_deposit,1.0,395,118,balance_not_updated_after_cheque_or_cash_deposit,jev-latest | 7 labels,
4584ee3536fc,balance_not_updated_after_cheque_or_cash_deposit,1.0,386,118,balance_not_updated_after_cheque_or_cash_deposit,jev-latest | 7 labels,
df6484a787da,balance_not_updated_after_cheque_or_cash_deposit,1.0,395,118,balance_not_updated_after_cheque_or_cash_deposit,jev-latest | 7 labels,
e1316813d938,balance_not_updated_after_cheque_or_cash_deposit,1.0,399,118,balance_not_updated_after_cheque_or_cash_deposit,jev-latest | 7 labels,
22a30739c509,balance_not_updated_after_cheque_or_cash_deposit,1.0,391,118,balance_not_updated_after_cheque_or_cash_deposit,jev-latest | 7 labels,
52a6c1f8650c,balance_not_updated_after_cheque_or_cash_deposit,1.0,387,118,balance_not_updated_after_cheque_or_cash_deposit,jev-latest | 7 labels,
cb129bbcb34e,balance_not_updated_after_cheque_or_cash_deposit,1.0,393,118,balance_not_updated_after_cheque_or_cash_deposit,jev-latest | 7 labels,
17096ec0f07a,balance_not_updated_after_cheque_or_cash_deposit,1.0,408,118,balance_not_updated_after_cheque_or_cash_deposit,jev-latest | 7 labels,
d210e8b47074,balance_not_updated_after_cheque_or_cash_deposit,1.0,400,118,balance_not_updated_after_cheque_or_cash_deposit,jev-latest | 7 labels,
4f2616e2616d,balance_not_updated_after_cheque_or_cash_deposit,1.0,396,118,balance_not_updated_after_cheque_or_cash_deposit,jev-latest | 7 labels,
eecba28975eb,balance_not_updated_after_cheque_or_cash_deposit,1.0,395,118,balance_not_updated_after_cheque_or_cash_deposit,jev-latest | 7 labels,
3e0fe7ecaf8d,balance_not_updated_after_cheque_or_cash_deposit,1.0,395,118,balance_not_updated_after_cheque_or_cash_deposit,jev-latest | 7 labels,
14c97e22aeea,balance_not_updated_after_cheque_or_cash_deposit,1.0,392,118,balance_not_updated_after_cheque_or_cash_deposit,jev-latest | 7 labels,
d4fb63f440ff,balance_not_updated_after_cheque_or_cash_deposit,1.0,394,118,balance_not_updated_after_cheque_or_cash_deposit,jev-latest | 7 labels,
9a9af8d91e86,balance_not_updated_after_cheque_or_cash_deposit,1.0,393,118,balance_not_updated_after_cheque_or_cash_deposit,jev-latest | 7 labels,
8fdf6ebba0c5,balance_not_updated_after_cheque_or_cash_deposit,1.0,387,118,balance_not_updated_after_cheque_or_cash_deposit,jev-latest | 7 labels,
47cd85ef7b7e,balance_not_updated_after_cheque_or_cash_deposit,1.0,417,118,balance_not_updated_after_cheque_or_cash_deposit,jev-latest | 7 labels,
ece79bf2c2b2,balance_not_updated_after_cheque_or_cash_deposit,1.0,393,118,balance_not_updated_after_cheque_or_cash_deposit,jev-latest | 7 labels,
82cd01deb6a3,balance_not_updated_after_cheque_or_cash_deposit,1.0,391,118,balance_not_updated_after_cheque_or_cash_deposit,jev-latest | 7 labels,
26fe6473dada,balance_not_updated_after_cheque_or_cash_deposit,1.0,399,118,balance_not_updated_after_cheque_or_cash_deposit,jev-latest | 7 labels,
55e80032c2b0,balance_not_updated_after_cheque_or_cash_deposit,1.0,390,118,balance_not_updated_after_cheque_or_cash_deposit,jev-latest | 7 labels,
952740e1e707,balance_not_updated_after_cheque_or_cash_deposit,1.0,392,118,balance_not_updated_after_cheque_or_cash_deposit,jev-latest | 7 labels,
7d26f507a249,balance_not_updated_after_cheque_or_cash_deposit,1.0,406,118,balance_not_updated_after_cheque_or_cash_deposit,jev-latest | 7 labels,
4368c0b86354,balance_not_updated_after_cheque_or_cash_deposit,1.0,397,118,balance_not_updated_after_cheque_or_cash_deposit,jev-latest | 7 labels,
8f22a794c2c4,balance_not_updated_after_cheque_or_cash_deposit,0.98,398,118,balance_not_updated_after_cheque_or_cash_deposit,jev-latest | 7 labels,
85105f7f693e,balance_not_updated_after_cheque_or_cash_deposit,1.0,394,118,balance_not_updated_after_cheque_or_cash_deposit,jev-latest | 7 labels,
65e51ce17e55,balance_not_updated_after_cheque_or_cash_deposit,1.0,422,118,balance_not_updated_after_cheque_or_cash_deposit,jev-latest | 7 labels,
301df4b21b46,balance_not_updated_after_cheque_or_cash_deposit,1.0,393,118,balance_not_updated_after_cheque_or_cash_deposit,jev-latest | 7 labels,
b3844f008d61,balance_not_updated_after_cheque_or_cash_deposit,1.0,388,118,balance_not_updated_after_cheque_or_cash_deposit,jev-latest | 7 labels,
9f6c1cb940f4,balance_not_updated_after_cheque_or_cash_deposit,1.0,406,118,balance_not_updated_after_cheque_or_cash_deposit,jev-latest | 7 labels,
5acc6434f067,balance_not_updated_after_cheque_or_cash_deposit,1.0,394,118,balance_not_updated_after_cheque_or_cash_deposit,jev-latest | 7 labels,
af6fb65fea38,balance_not_updated_after_cheque_or_cash_deposit,1.0,411,118,balance_not_updated_after_cheque_or_cash_deposit,jev-latest | 7 labels,
d124d3ef2071,balance_not_updated_after_cheque_or_cash_deposit,1.0,395,118,balance_not_updated_after_cheque_or_cash_deposit,jev-latest | 7 labels,
cb0efdeb51a4,balance_not_updated_after_cheque_or_cash_deposit,1.0,393,118,balance_not_updated_after_cheque_or_cash_deposit,jev-latest | 7 labels,
399d4960f50e,balance_not_updated_after_cheque_or_cash_deposit,1.0,393,118,balance_not_updated_after_cheque_or_cash_deposit,jev-latest | 7 labels,
49bac980ba6e,balance_not_updated_after_cheque_or_cash_deposit,1.0,390,118,balance_not_updated_after_cheque_or_cash_deposit,jev-latest | 7 labels,
49a8d0ae183b,balance_not_updated_after_cheque_or_cash_deposit,1.0,396,118,balance_not_updated_after_cheque_or_cash_deposit,jev-latest | 7 labels,
28147bb831de,balance_not_updated_after_cheque_or_cash_deposit,1.0,390,118,balance_not_updated_after_cheque_or_cash_deposit,jev-latest | 7 labels,
65a122f8d9b0,balance_not_updated_after_cheque_or_cash_deposit,1.0,397,118,balance_not_updated_after_cheque_or_cash_deposit,jev-latest | 7 labels,
b782a8ea70f9,balance_not_updated_after_cheque_or_cash_deposit,1.0,396,118,balance_not_updated_after_cheque_or_cash_deposit,jev-latest | 7 labels,
db0947fae072,balance_not_updated_after_cheque_or_cash_deposit,1.0,395,118,balance_not_updated_after_cheque_or_cash_deposit,jev-latest | 7 labels,
3930dd20c654,balance_not_updated_after_cheque_or_cash_deposit,1.0,396,118,balance_not_updated_after_cheque_or_cash_deposit,jev-latest | 7 labels,
a0d30db8850d,balance_not_updated_after_cheque_or_cash_deposit,1.0,394,118,balance_not_updated_after_cheque_or_cash_deposit,jev-latest | 7 labels,
d8cea0687560,balance_not_updated_after_cheque_or_cash_deposit,1.0,388,118,balance_not_updated_after_cheque_or_cash_deposit,jev-latest | 7 labels,
7f998f812f9c,balance_not_updated_after_cheque_or_cash_deposit,1.0,421,118,balance_not_updated_after_cheque_or_cash_deposit,jev-latest | 7 labels,
636695beb551,balance_not_updated_after_cheque_or_cash_deposit,1.0,387,118,balance_not_updated_after_cheque_or_cash_deposit,jev-latest | 7 labels,
ce3b26adcfa9,balance_not_updated_after_cheque_or_cash_deposit,1.0,401,118,balance_not_updated_after_cheque_or_cash_deposit,jev-latest | 7 labels,
894b8924558d,balance_not_updated_after_cheque_or_cash_deposit,0.82,390,118,balance_not_updated_after_cheque_or_cash_deposit,jev-latest | 7 labels,
a27cd3fb0ad3,balance_not_updated_after_cheque_or_cash_deposit,1.0,390,118,balance_not_updated_after_cheque_or_cash_deposit,jev-latest | 7 labels,
814051844108,balance_not_updated_after_cheque_or_cash_deposit,1.0,389,118,balance_not_updated_after_cheque_or_cash_deposit,jev-latest | 7 labels,
2887a3440881,balance_not_updated_after_cheque_or_cash_deposit,1.0,397,118,balance_not_updated_after_cheque_or_cash_deposit,jev-latest | 7 labels,
0572e89016e5,balance_not_updated_after_cheque_or_cash_deposit,1.0,392,118,balance_not_updated_after_cheque_or_cash_deposit,jev-latest | 7 labels,
74ecc573011c,balance_not_updated_after_cheque_or_cash_deposit,1.0,398,118,balance_not_updated_after_cheque_or_cash_deposit,jev-latest | 7 labels,
d0e5ae4f44d3,balance_not_updated_after_cheque_or_cash_deposit,1.0,394,118,balance_not_updated_after_cheque_or_cash_deposit,jev-latest | 7 labels,
fdb50a0760c8,balance_not_updated_after_cheque_or_cash_deposit,1.0,399,118,balance_not_updated_after_cheque_or_cash_deposit,jev-latest | 7 labels,
072f069025ee,balance_not_updated_after_cheque_or_cash_deposit,1.0,390,118,balance_not_updated_after_cheque_or_cash_deposit,jev-latest | 7 labels,
40127bd0e356,balance_not_updated_after_cheque_or_cash_deposit,1.0,398,118,balance_not_updated_after_cheque_or_cash_deposit,jev-latest | 7 labels,
78085a590232,balance_not_updated_after_cheque_or_cash_deposit,1.0,389,118,balance_not_updated_after_cheque_or_cash_deposit,jev-latest | 7 labels,
bd814c1b9aec,balance_not_updated_after_cheque_or_cash_deposit,1.0,395,118,balance_not_updated_after_cheque_or_cash_deposit,jev-latest | 7 labels,
ebba406bc5f7,balance_not_updated_after_cheque_or_cash_deposit,1.0,401,118,balance_not_updated_after_cheque_or_cash_deposit,jev-latest | 7 labels,
f3375be04def,balance_not_updated_after_cheque_or_cash_deposit,1.0,393,118,balance_not_updated_after_cheque_or_cash_deposit,jev-latest | 7 labels,
1bb1f2343edf,balance_not_updated_after_cheque_or_cash_deposit,1.0,391,118,balance_not_updated_after_cheque_or_cash_deposit,jev-latest | 7 labels,
95b23ce414e8,balance_not_updated_after_cheque_or_cash_deposit,1.0,394,118,balance_not_updated_after_cheque_or_cash_deposit,jev-latest | 7 labels,
d4a6ed135062,balance_not_updated_after_cheque_or_cash_deposit,1.0,400,118,balance_not_updated_after_cheque_or_cash_deposit,jev-latest | 7 labels,
2e55e3349671,balance_not_updated_after_cheque_or_cash_deposit,1.0,402,118,balance_not_updated_after_cheque_or_cash_deposit,jev-latest | 7 labels,
ebacef22877a,balance_not_updated_after_cheque_or_cash_deposit,1.0,397,118,balance_not_updated_after_cheque_or_cash_deposit,jev-latest | 7 labels,
5b6066d965f9,balance_not_updated_after_cheque_or_cash_deposit,1.0,398,118,balance_not_updated_after_cheque_or_cash_deposit,jev-latest | 7 labels,
4387cc717e6e,balance_not_updated_after_cheque_or_cash_deposit,1.0,391,118,balance_not_updated_after_cheque_or_cash_deposit,jev-latest | 7 labels,
bdd72b26e415,balance_not_updated_after_cheque_or_cash_deposit,1.0,401,118,balance_not_updated_after_cheque_or_cash_deposit,jev-latest | 7 labels,
9c2576fd9eeb,balance_not_updated_after_cheque_or_cash_deposit,1.0,413,118,balance_not_updated_after_cheque_or_cash_deposit,jev-latest | 7 labels,
ed87c4508666,balance_not_updated_after_cheque_or_cash_deposit,1.0,407,118,balance_not_updated_after_cheque_or_cash_deposit,jev-latest | 7 labels,
3c7c4669529f,balance_not_updated_after_cheque_or_cash_deposit,0.99,394,118,balance_not_updated_after_cheque_or_cash_deposit,jev-latest | 7 labels,
987f9f67f333,balance_not_updated_after_cheque_or_cash_deposit,1.0,395,118,balance_not_updated_after_cheque_or_cash_deposit,jev-latest | 7 labels,
f051ca99d8f4,balance_not_updated_after_cheque_or_cash_deposit,1.0,407,118,balance_not_updated_after_cheque_or_cash_deposit,jev-latest | 7 labels,
51d1318b7dd4,balance_not_updated_after_cheque_or_cash_deposit,1.0,395,118,balance_not_updated_after_cheque_or_cash_deposit,jev-latest | 7 labels,
04e1aca26658,balance_not_updated_after_cheque_or_cash_deposit,1.0,396,118,balance_not_updated_after_cheque_or_cash_deposit,jev-latest | 7 labels,
d96d7310c0be,balance_not_updated_after_cheque_or_cash_deposit,1.0,412,118,balance_not_updated_after_cheque_or_cash_deposit,jev-latest | 7 labels,
d8952e0ce426,balance_not_updated_after_cheque_or_cash_deposit,1.0,389,118,balance_not_updated_after_cheque_or_cash_deposit,jev-latest | 7 labels,
093d52dea9ec,balance_not_updated_after_cheque_or_cash_deposit,1.0,403,118,balance_not_updated_after_cheque_or_cash_deposit,jev-latest | 7 labels,
b19996c46e62,balance_not_updated_after_cheque_or_cash_deposit,0.89,406,118,balance_not_updated_after_cheque_or_cash_deposit,jev-latest | 7 labels,
f8daf182d849,balance_not_updated_after_cheque_or_cash_deposit,1.0,389,118,balance_not_updated_after_cheque_or_cash_deposit,jev-latest | 7 labels,
1bc9a34ff066,balance_not_updated_after_cheque_or_cash_deposit,1.0,395,118,balance_not_updated_after_cheque_or_cash_deposit,jev-latest | 7 labels,
b587fec2d656,balance_not_updated_after_cheque_or_cash_deposit,1.0,404,118,balance_not_updated_after_cheque_or_cash_deposit,jev-latest | 7 labels,
ecf8648dea9b,balance_not_updated_after_cheque_or_cash_deposit,1.0,391,118,balance_not_updated_after_cheque_or_cash_deposit,jev-latest | 7 labels,
166c4a2d3d52,balance_not_updated_after_cheque_or_cash_deposit,1.0,393,118,balance_not_updated_after_cheque_or_cash_deposit,jev-latest | 7 labels,
b3c76e9119f3,balance_not_updated_after_cheque_or_cash_deposit,1.0,391,118,balance_not_updated_after_cheque_or_cash_deposit,jev-latest | 7 labels,
7c062606f053,balance_not_updated_after_cheque_or_cash_deposit,1.0,402,118,balance_not_updated_after_cheque_or_cash_deposit,jev-latest | 7 labels,
4be79e4b17b1,balance_not_updated_after_cheque_or_cash_deposit,1.0,402,118,balance_not_updated_after_cheque_or_cash_deposit,jev-latest | 7 labels,
51af004e71e3,balance_not_updated_after_cheque_or_cash_deposit,1.0,394,118,balance_not_updated_after_cheque_or_cash_deposit,jev-latest | 7 labels,
1f73391bc5c0,balance_not_updated_after_cheque_or_cash_deposit,1.0,393,118,balance_not_updated_after_cheque_or_cash_deposit,jev-latest | 7 labels,
8a98076cc875,balance_not_updated_after_cheque_or_cash_deposit,1.0,396,118,balance_not_updated_after_cheque_or_cash_deposit,jev-latest | 7 labels,
496864e7a215,balance_not_updated_after_cheque_or_cash_deposit,1.0,406,118,balance_not_updated_after_cheque_or_cash_deposit,jev-latest | 7 labels,
481f02d8681e,balance_not_updated_after_cheque_or_cash_deposit,1.0,398,118,balance_not_updated_after_cheque_or_cash_deposit,jev-latest | 7 labels,
bd79ff64526a,balance_not_updated_after_cheque_or_cash_deposit,1.0,410,118,balance_not_updated_after_cheque_or_cash_deposit,jev-latest | 7 labels,
8a61586157c8,balance_not_updated_after_cheque_or_cash_deposit,1.0,396,118,balance_not_updated_after_cheque_or_cash_deposit,jev-latest | 7 labels,
bb167937a5c0,balance_not_updated_after_cheque_or_cash_deposit,1.0,410,118,balance_not_updated_after_cheque_or_cash_deposit,jev-latest | 7 labels,
26cb273bad33,balance_not_updated_after_cheque_or_cash_deposit,0.99,399,118,balance_not_updated_after_cheque_or_cash_deposit,jev-latest | 7 labels,
cbc63b69fd72,balance_not_updated_after_cheque_or_cash_deposit,1.0,395,118,balance_not_updated_after_cheque_or_cash_deposit,jev-latest | 7 labels,
b9e70d777e2b,balance_not_updated_after_cheque_or_cash_deposit,1.0,398,118,balance_not_updated_after_cheque_or_cash_deposit,jev-latest | 7 labels,
50d0a4b4d7cd,balance_not_updated_after_cheque_or_cash_deposit,1.0,389,118,balance_not_updated_after_cheque_or_cash_deposit,jev-latest | 7 labels,
bc290ec1cc19,balance_not_updated_after_cheque_or_cash_deposit,1.0,406,118,balance_not_updated_after_cheque_or_cash_deposit,jev-latest | 7 labels,
1f566e446fa3,balance_not_updated_after_cheque_or_cash_deposit,1.0,395,118,balance_not_updated_after_cheque_or_cash_deposit,jev-latest | 7 labels,
7bc7a64c6d23,balance_not_updated_after_cheque_or_cash_deposit,0.98,392,118,balance_not_updated_after_cheque_or_cash_deposit,jev-latest | 7 labels,
d1376f431d08,balance_not_updated_after_cheque_or_cash_deposit,1.0,425,118,balance_not_updated_after_cheque_or_cash_deposit,jev-latest | 7 labels,
28d914fa0743,balance_not_updated_after_cheque_or_cash_deposit,1.0,400,118,balance_not_updated_after_cheque_or_cash_deposit,jev-latest | 7 labels,
7f634253c083,balance_not_updated_after_cheque_or_cash_deposit,1.0,393,118,balance_not_updated_after_cheque_or_cash_deposit,jev-latest | 7 labels,
ec59c7348f1c,balance_not_updated_after_cheque_or_cash_deposit,1.0,393,118,balance_not_updated_after_cheque_or_cash_deposit,jev-latest | 7 labels,
af1361efc404,balance_not_updated_after_cheque_or_cash_deposit,1.0,403,118,balance_not_updated_after_cheque_or_cash_deposit,jev-latest | 7 labels,
e927202e889a,balance_not_updated_after_cheque_or_cash_deposit,1.0,400,118,balance_not_updated_after_cheque_or_cash_deposit,jev-latest | 7 labels,
4cd7476b0cbc,balance_not_updated_after_cheque_or_cash_deposit,1.0,395,118,balance_not_updated_after_cheque_or_cash_deposit,jev-latest | 7 labels,
40434d31ea22,balance_not_updated_after_cheque_or_cash_deposit,1.0,398,118,balance_not_updated_after_cheque_or_cash_deposit,jev-latest | 7 labels,
1d24f5be922f,balance_not_updated_after_cheque_or_cash_deposit,1.0,388,118,balance_not_updated_after_cheque_or_cash_deposit,jev-latest | 7 labels,
0e0119a7c2b5,balance_not_updated_after_cheque_or_cash_deposit,1.0,393,118,balance_not_updated_after_cheque_or_cash_deposit,jev-latest | 7 labels,
59a0b4f528b7,balance_not_updated_after_cheque_or_cash_deposit,1.0,406,118,balance_not_updated_after_cheque_or_cash_deposit,jev-latest | 7 labels,
dc5242dcd122,balance_not_updated_after_cheque_or_cash_deposit,0.99,404,118,balance_not_updated_after_cheque_or_cash_deposit,jev-latest | 7 labels,
2cf613302b11,balance_not_updated_after_cheque_or_cash_deposit,1.0,418,118,balance_not_updated_after_cheque_or_cash_deposit,jev-latest | 7 labels,
ae783710b476,balance_not_updated_after_cheque_or_cash_deposit,1.0,403,118,balance_not_updated_after_cheque_or_cash_deposit,jev-latest | 7 labels,
0161f32a3406,balance_not_updated_after_cheque_or_cash_deposit,1.0,396,118,balance_not_updated_after_cheque_or_cash_deposit,jev-latest | 7 labels,
54310e68d9d1,balance_not_updated_after_cheque_or_cash_deposit,1.0,396,118,balance_not_updated_after_cheque_or_cash_deposit,jev-latest | 7 labels,
65cf2b101eab,card_payment_fee_charged,1.0,417,113,card_payment_fee_charged,jev-latest | 7 labels,
65c97862d61e,card_payment_fee_charged,1.0,410,113,card_payment_fee_charged,jev-latest | 7 labels,
94b11ebb486d,card_payment_fee_charged,0.96,416,113,card_payment_fee_charged,jev-latest | 7 labels,
763ac196217b,card_payment_fee_charged,0.98,426,113,card_payment_fee_charged,jev-latest | 7 labels,
710c22b8da59,card_payment_fee_charged,0.99,393,113,card_payment_fee_charged,jev-latest | 7 labels,
c8792e26f794,card_payment_fee_charged,1.0,394,113,card_payment_fee_charged,jev-latest | 7 labels,
d7a0033fefe5,card_payment_fee_charged,1.0,406,113,card_payment_fee_charged,jev-latest | 7 labels,
b2449bd3a2bc,card_payment_fee_charged,0.96,392,113,card_payment_fee_charged,jev-latest | 7 labels,
03b07ff07bd4,card_payment_fee_charged,1.0,405,113,card_payment_fee_charged,jev-latest | 7 labels,
5eb7c3bd0389,card_payment_fee_charged,1.0,393,113,card_payment_fee_charged,jev-latest | 7 labels,
9bafcbe8de84,card_payment_fee_charged,0.79,387,113,card_payment_fee_charged,jev-latest | 7 labels,
88aeddf68f38,card_payment_fee_charged,0.61,391,113,cash_withdrawal_charge,jev-latest | 7 labels,
e5a4236fab1c,card_payment_fee_charged,0.57,392,113,card_payment_fee_charged,jev-latest | 7 labels,
9f52f9c9e888,card_payment_fee_charged,0.99,395,113,card_payment_fee_charged,jev-latest | 7 labels,
7cdcfae7e45b,card_payment_fee_charged,1.0,397,113,card_payment_fee_charged,jev-latest | 7 labels,
3fc55a877756,card_payment_fee_charged,1.0,421,113,card_payment_fee_charged,jev-latest | 7 labels,
27a435d9f263,card_payment_fee_charged,1.0,393,113,card_payment_fee_charged,jev-latest | 7 labels,
35411c84f4c9,card_payment_fee_charged,0.98,390,113,card_payment_fee_charged,jev-latest | 7 labels,
e831ac0c5a32,card_payment_fee_charged,1.0,392,113,card_payment_fee_charged,jev-latest | 7 labels,
61562dcf9fba,card_payment_fee_charged,1.0,398,113,card_payment_fee_charged,jev-latest | 7 labels,
9254e5c2a7f2,card_payment_fee_charged,1.0,395,113,card_payment_fee_charged,jev-latest | 7 labels,
10e455f288c0,card_payment_fee_charged,1.0,394,113,card_payment_fee_charged,jev-latest | 7 labels,
e3bb37a33dc7,card_payment_fee_charged,0.99,392,113,card_payment_fee_charged,jev-latest | 7 labels,
3820e0f4606f,card_payment_fee_charged,0.79,388,113,card_payment_fee_charged,jev-latest | 7 labels,
777c8e200fe7,card_payment_fee_charged,1.0,390,113,card_payment_fee_charged,jev-latest | 7 labels,
57f20aa4ef78,card_payment_fee_charged,0.93,389,113,card_payment_fee_charged,jev-latest | 7 labels,
043010aa0e41,card_payment_fee_charged,1.0,393,113,card_payment_fee_charged,jev-latest | 7 labels,
d9a1cebae71e,card_payment_fee_charged,0.72,389,113,card_payment_fee_charged,jev-latest | 7 labels,
3a1e540463dd,card_payment_fee_charged,1.0,394,113,card_payment_fee_charged,jev-latest | 7 labels,
565b1fb9b38c,card_payment_fee_charged,1.0,394,113,card_payment_fee_charged,jev-latest | 7 labels,
2599a59693b5,card_payment_fee_charged,1.0,425,113,card_payment_fee_charged,jev-latest | 7 labels,
00b4e435457f,card_payment_fee_charged,1.0,394,113,card_payment_fee_charged,jev-latest | 7 labels,
51103ed7c5ad,card_payment_fee_charged,1.0,399,113,card_payment_fee_charged,jev-latest | 7 labels,
0524a0ffd3ca,card_payment_fee_charged,1.0,397,113,card_payment_fee_charged,jev-latest | 7 labels,
43e04ce30290,card_payment_fee_charged,1.0,391,113,card_payment_fee_charged,jev-latest | 7 labels,
b315778843d5,card_payment_fee_charged,0.68,389,113,card_payment_fee_charged,jev-latest | 7 labels,
b3645f7acb96,card_payment_fee_charged,0.97,389,113,card_payment_fee_charged,jev-latest | 7 labels,
b3b8de347c8d,card_payment_fee_charged,0.99,395,113,card_payment_fee_charged,jev-latest | 7 labels,
5ae930a34c0c,card_payment_fee_charged,0.99,390,113,card_payment_fee_charged,jev-latest | 7 labels,
95804d8227d8,card_payment_fee_charged,1.0,395,113,card_payment_fee_charged,jev-latest | 7 labels,
dc01017d0238,card_payment_fee_charged,1.0,395,113,card_payment_fee_charged,jev-latest | 7 labels,
687db3f9e72a,card_payment_fee_charged,0.42,397,113,transaction_charged_twice,jev-latest | 7 labels,
1a31eb175530,card_payment_fee_charged,1.0,411,113,card_payment_fee_charged,jev-latest | 7 labels,
9cef224c73af,card_payment_fee_charged,1.0,395,113,card_payment_fee_charged,jev-latest | 7 labels,
11b048a5fd1c,card_payment_fee_charged,1.0,392,113,card_payment_fee_charged,jev-latest | 7 labels,
c538f8717736,card_payment_fee_charged,1.0,420,113,card_payment_fee_charged,jev-latest | 7 labels,
469eab5c582c,card_payment_fee_charged,1.0,396,113,card_payment_fee_charged,jev-latest | 7 labels,
12536c4239a5,card_payment_fee_charged,1.0,395,113,card_payment_fee_charged,jev-latest | 7 labels,
d2b9e7f9cf49,card_payment_fee_charged,1.0,389,113,card_payment_fee_charged,jev-latest | 7 labels,
0b0f4644a417,card_payment_fee_charged,0.85,391,113,card_payment_fee_charged,jev-latest | 7 labels,
04cffa9dbed1,card_payment_fee_charged,0.91,413,113,card_payment_fee_charged,jev-latest | 7 labels,
b8373d71e3f5,card_payment_fee_charged,0.99,393,113,card_payment_fee_charged,jev-latest | 7 labels,
35ff2b11bd0d,card_payment_fee_charged,1.0,393,113,card_payment_fee_charged,jev-latest | 7 labels,
be5cbb2a9124,card_payment_fee_charged,1.0,394,113,card_payment_fee_charged,jev-latest | 7 labels,
8e7c8ff74f34,card_payment_fee_charged,1.0,391,113,card_payment_fee_charged,jev-latest | 7 labels,
fe6115f05caa,card_payment_fee_charged,1.0,395,113,card_payment_fee_charged,jev-latest | 7 labels,
e0e71cc11fe9,card_payment_fee_charged,0.96,390,113,card_payment_fee_charged,jev-latest | 7 labels,
e295a923a082,card_payment_fee_charged,0.89,438,113,cash_withdrawal_charge,jev-latest | 7 labels,
04bb45de17e8,card_payment_fee_charged,1.0,396,113,card_payment_fee_charged,jev-latest | 7 labels,
284d18c53eee,card_payment_fee_charged,0.98,392,113,card_payment_fee_charged,jev-latest | 7 labels,
920ab62a538b,card_payment_fee_charged,1.0,399,113,card_payment_fee_charged,jev-latest | 7 labels,
46d7a17ec160,card_payment_fee_charged,1.0,393,113,card_payment_fee_charged,jev-latest | 7 labels,
288ff9d71f05,card_payment_fee_charged,0.98,391,113,card_payment_fee_charged,jev-latest | 7 labels,
43446c51adbc,card_payment_fee_charged,0.89,393,113,card_payment_fee_charged,jev-latest | 7 labels,
5d8d11d61fbb,card_payment_fee_charged,1.0,390,113,card_payment_fee_charged,jev-latest | 7 labels,
1b3860352a64,card_payment_fee_charged,1.0,397,113,card_payment_fee_charged,jev-latest | 7 labels,
6f0ccdf86ada,card_payment_fee_charged,0.68,396,113,transaction_charged_twice,jev-latest | 7 labels,
242f22eeaf88,card_payment_fee_charged,1.0,392,113,card_payment_fee_charged,jev-latest | 7 labels,
abd2878820fb,card_payment_fee_charged,1.0,392,113,card_payment_fee_charged,jev-latest | 7 labels,
0ca8386ddb27,card_payment_fee_charged,1.0,393,113,card_payment_fee_charged,jev-latest | 7 labels,
591f3739307b,card_payment_fee_charged,1.0,394,113,card_payment_fee_charged,jev-latest | 7 labels,
f5da9fb8577d,card_payment_fee_charged,1.0,397,113,card_payment_fee_charged,jev-latest | 7 labels,
89b8507c2350,card_payment_fee_charged,0.99,393,113,card_payment_fee_charged,jev-latest | 7 labels,
b8d8491edd12,card_payment_fee_charged,1.0,393,113,card_payment_fee_charged,jev-latest | 7 labels,
e1679e329977,card_payment_fee_charged,1.0,394,113,card_payment_fee_charged,jev-latest | 7 labels,
503f62ca627b,card_payment_fee_charged,0.92,410,113,card_payment_fee_charged,jev-latest | 7 labels,
5dd22d72d88a,card_payment_fee_charged,1.0,396,113,card_payment_fee_charged,jev-latest | 7 labels,
b1d51218991d,card_payment_fee_charged,1.0,395,113,card_payment_fee_charged,jev-latest | 7 labels,
3c690abe2ece,card_payment_fee_charged,1.0,393,113,card_payment_fee_charged,jev-latest | 7 labels,
8a83261e5fc6,card_payment_fee_charged,1.0,393,113,card_payment_fee_charged,jev-latest | 7 labels,
003b03712ccf,card_payment_fee_charged,1.0,394,113,card_payment_fee_charged,jev-latest | 7 labels,
ff415561344f,card_payment_fee_charged,1.0,391,113,card_payment_fee_charged,jev-latest | 7 labels,
ae7cbc977771,card_payment_fee_charged,1.0,397,113,card_payment_fee_charged,jev-latest | 7 labels,
50d38aba9c7e,card_payment_fee_charged,1.0,392,113,card_payment_fee_charged,jev-latest | 7 labels,
2740cfb47783,card_payment_fee_charged,1.0,397,113,card_payment_fee_charged,jev-latest | 7 labels,
a0cb8ce7a3be,card_payment_fee_charged,1.0,397,113,card_payment_fee_charged,jev-latest | 7 labels,
08d2cfa96795,card_payment_fee_charged,1.0,391,113,card_payment_fee_charged,jev-latest | 7 labels,
7786520ee794,card_payment_fee_charged,0.95,427,113,card_payment_fee_charged,jev-latest | 7 labels,
5c34551de9cb,card_payment_fee_charged,0.77,389,113,card_payment_fee_charged,jev-latest | 7 labels,
1b464852f773,card_payment_fee_charged,0.94,398,113,card_payment_fee_charged,jev-latest | 7 labels,
0d3467dc3638,card_payment_fee_charged,1.0,400,113,card_payment_fee_charged,jev-latest | 7 labels,
484afb5a86e1,card_payment_fee_charged,0.99,392,113,card_payment_fee_charged,jev-latest | 7 labels,
bd7fba6b6718,card_payment_fee_charged,1.0,406,113,card_payment_fee_charged,jev-latest | 7 labels,
508342241005,card_payment_fee_charged,0.99,416,113,card_payment_fee_charged,jev-latest | 7 labels,
7e0f0aecca2f,card_payment_fee_charged,1.0,395,113,card_payment_fee_charged,jev-latest | 7 labels,
73b99556dad1,card_payment_fee_charged,1.0,392,113,card_payment_fee_charged,jev-latest | 7 labels,
dae90d928991,card_payment_fee_charged,0.97,390,113,card_payment_fee_charged,jev-latest | 7 labels,
4ac61ef59f81,card_payment_fee_charged,0.81,395,113,card_payment_fee_charged,jev-latest | 7 labels,
130935f40d7b,card_payment_fee_charged,0.83,422,113,cash_withdrawal_charge,jev-latest | 7 labels,
dcb81697ccba,card_payment_fee_charged,0.95,393,113,card_payment_fee_charged,jev-latest | 7 labels,
287d0a57b8ec,card_payment_fee_charged,1.0,394,113,card_payment_fee_charged,jev-latest | 7 labels,
6949007f495c,card_payment_fee_charged,1.0,397,113,card_payment_fee_charged,jev-latest | 7 labels,
33b1032fea08,card_payment_fee_charged,1.0,392,113,card_payment_fee_charged,jev-latest | 7 labels,
93c3ef0c4817,card_payment_fee_charged,0.97,394,113,card_payment_fee_charged,jev-latest | 7 labels,
17a527702080,card_payment_fee_charged,1.0,400,113,card_payment_fee_charged,jev-latest | 7 labels,
cce28dc7d593,card_payment_fee_charged,1.0,393,113,card_payment_fee_charged,jev-latest | 7 labels,
669cc763fcf8,card_payment_fee_charged,1.0,393,113,card_payment_fee_charged,jev-latest | 7 labels,
57f8b1259f8d,card_payment_fee_charged,1.0,393,113,card_payment_fee_charged,jev-latest | 7 labels,
8921c0c207f6,card_payment_fee_charged,1.0,404,113,card_payment_fee_charged,jev-latest | 7 labels,
278a2bbde7aa,card_payment_fee_charged,1.0,401,113,card_payment_fee_charged,jev-latest | 7 labels,
43298b9e3efa,card_payment_fee_charged,1.0,396,113,card_payment_fee_charged,jev-latest | 7 labels,
a412fc92adb6,card_payment_fee_charged,0.84,395,113,card_payment_fee_charged,jev-latest | 7 labels,
a9e75aabe8f1,card_payment_fee_charged,1.0,389,113,card_payment_fee_charged,jev-latest | 7 labels,
ba53913d1150,card_payment_fee_charged,1.0,391,113,card_payment_fee_charged,jev-latest | 7 labels,
6810834acd1e,card_payment_fee_charged,1.0,406,113,card_payment_fee_charged,jev-latest | 7 labels,
d660c4e2c624,card_payment_fee_charged,1.0,391,113,card_payment_fee_charged,jev-latest | 7 labels,
79ab4c8029a5,card_payment_fee_charged,1.0,393,113,card_payment_fee_charged,jev-latest | 7 labels,
7d2a1cd6d5cc,card_payment_fee_charged,1.0,396,113,card_payment_fee_charged,jev-latest | 7 labels,
7792ac0524f4,card_payment_fee_charged,1.0,406,113,card_payment_fee_charged,jev-latest | 7 labels,
a114627c7f9d,card_payment_fee_charged,1.0,392,113,card_payment_fee_charged,jev-latest | 7 labels,
15b4e5ac7f93,card_payment_fee_charged,1.0,393,113,card_payment_fee_charged,jev-latest | 7 labels,
4aa428846016,card_payment_fee_charged,0.87,400,113,card_payment_fee_charged,jev-latest | 7 labels,
34c126190f15,card_payment_fee_charged,0.89,396,113,card_payment_fee_charged,jev-latest | 7 labels,
0e53bc950287,card_payment_fee_charged,0.82,409,113,card_payment_fee_charged,jev-latest | 7 labels,
c0ea68022ef9,card_payment_fee_charged,1.0,393,113,card_payment_fee_charged,jev-latest | 7 labels,
6a36fe314816,card_payment_fee_charged,1.0,390,113,card_payment_fee_charged,jev-latest | 7 labels,
4e92a77b05a7,card_payment_fee_charged,0.93,398,113,card_payment_fee_charged,jev-latest | 7 labels,
1d28838909e3,card_payment_fee_charged,0.99,393,113,card_payment_fee_charged,jev-latest | 7 labels,
21b49738e57a,card_payment_fee_charged,1.0,402,113,card_payment_fee_charged,jev-latest | 7 labels,
e2d00ba2a606,card_payment_fee_charged,1.0,407,113,card_payment_fee_charged,jev-latest | 7 labels,
0babeadb24b8,card_payment_fee_charged,1.0,390,113,card_payment_fee_charged,jev-latest | 7 labels,
e6d5859cc2ca,card_payment_fee_charged,0.84,404,113,card_payment_fee_charged,jev-latest | 7 labels,
7aaa652cd052,card_payment_fee_charged,1.0,394,113,card_payment_fee_charged,jev-latest | 7 labels,
a70b8d7407c9,card_payment_fee_charged,0.75,412,118,balance_not_updated_after_cheque_or_cash_deposit,jev-latest | 7 labels,
960476cb6d39,card_payment_fee_charged,1.0,391,113,card_payment_fee_charged,jev-latest | 7 labels,
9bb2a8648768,card_payment_fee_charged,1.0,399,113,card_payment_fee_charged,jev-latest | 7 labels,
75604059e4ca,card_payment_fee_charged,0.42,389,113,cash_withdrawal_charge,jev-latest | 7 labels,
ed7072749114,card_payment_fee_charged,1.0,402,113,card_payment_fee_charged,jev-latest | 7 labels,
4b6dad389446,card_payment_fee_charged,0.98,394,113,card_payment_fee_charged,jev-latest | 7 labels,
6110b27cf525,card_payment_fee_charged,0.87,418,113,card_payment_fee_charged,jev-latest | 7 labels,
44583cd46a7c,card_payment_fee_charged,1.0,391,113,card_payment_fee_charged,jev-latest | 7 labels,
23f594dee6c7,card_payment_fee_charged,0.99,390,113,card_payment_fee_charged,jev-latest | 7 labels,
6d4f5bba874f,card_payment_fee_charged,1.0,397,113,card_payment_fee_charged,jev-latest | 7 labels,
339db78bd8f0,cash_withdrawal_charge,1.0,395,113,cash_withdrawal_charge,jev-latest | 7 labels,
d140ca72e293,cash_withdrawal_charge,1.0,390,113,cash_withdrawal_charge,jev-latest | 7 labels,
bb241a0b5fa0,cash_withdrawal_charge,0.98,391,113,cash_withdrawal_charge,jev-latest | 7 labels,
b2a9c2f1ad05,cash_withdrawal_charge,1.0,391,113,cash_withdrawal_charge,jev-latest | 7 labels,
97b51b07e9ef,cash_withdrawal_charge,1.0,395,113,cash_withdrawal_charge,jev-latest | 7 labels,
85623395b3d4,cash_withdrawal_charge,1.0,393,113,cash_withdrawal_charge,jev-latest | 7 labels,
8d825e4d4ccc,cash_withdrawal_charge,1.0,395,113,cash_withdrawal_charge,jev-latest | 7 labels,
f67d81cd129c,cash_withdrawal_charge,1.0,391,113,cash_withdrawal_charge,jev-latest | 7 labels,
78991fec5e72,cash_withdrawal_charge,1.0,400,113,cash_withdrawal_charge,jev-latest | 7 labels,
95497968ae1b,cash_withdrawal_charge,1.0,391,113,cash_withdrawal_charge,jev-latest | 7 labels,
36d35c4e13f0,cash_withdrawal_charge,1.0,391,113,cash_withdrawal_charge,jev-latest | 7 labels,
d3a4dad83ec6,cash_withdrawal_charge,0.97,394,113,cash_withdrawal_charge,jev-latest | 7 labels,
6198a0c44d66,cash_withdrawal_charge,1.0,395,113,cash_withdrawal_charge,jev-latest | 7 labels,
5d239c2ac43b,cash_withdrawal_charge,1.0,421,113,cash_withdrawal_charge,jev-latest | 7 labels,
254add460686,cash_withdrawal_charge,1.0,391,113,cash_withdrawal_charge,jev-latest | 7 labels,
e13dbbc7d92f,cash_withdrawal_charge,1.0,414,113,cash_withdrawal_charge,jev-latest | 7 labels,
9943c702363c,cash_withdrawal_charge,0.99,394,113,cash_withdrawal_charge,jev-latest | 7 labels,
ba006e82d9a6,cash_withdrawal_charge,1.0,391,113,cash_withdrawal_charge,jev-latest | 7 labels,
6ac49489576f,cash_withdrawal_charge,1.0,422,113,cash_withdrawal_charge,jev-latest | 7 labels,
a24c525e3bae,cash_withdrawal_charge,1.0,389,113,cash_withdrawal_charge,jev-latest | 7 labels,
2898104223f9,cash_withdrawal_charge,1.0,405,113,cash_withdrawal_charge,jev-latest | 7 labels,
ddb65165dc57,cash_withdrawal_charge,1.0,395,113,cash_withdrawal_charge,jev-latest | 7 labels,
6aed717b870c,cash_withdrawal_charge,1.0,392,113,cash_withdrawal_charge,jev-latest | 7 labels,
5903a0e9419b,cash_withdrawal_charge,1.0,421,113,cash_withdrawal_charge,jev-latest | 7 labels,
f9f4180063d3,cash_withdrawal_charge,1.0,391,113,cash_withdrawal_charge,jev-latest | 7 labels,
43639ec12730,cash_withdrawal_charge,1.0,414,113,cash_withdrawal_charge,jev-latest | 7 labels,
21892dac9434,cash_withdrawal_charge,1.0,390,113,cash_withdrawal_charge,jev-latest | 7 labels,
09c866c4beb7,cash_withdrawal_charge,1.0,412,113,cash_withdrawal_charge,jev-latest | 7 labels,
60e3b74a8ac3,cash_withdrawal_charge,1.0,417,113,cash_withdrawal_charge,jev-latest | 7 labels,
8b4edbcbff35,cash_withdrawal_charge,1.0,408,113,cash_withdrawal_charge,jev-latest | 7 labels,
329ea4d82595,cash_withdrawal_charge,1.0,392,113,cash_withdrawal_charge,jev-latest | 7 labels,
58559e6423a1,cash_withdrawal_charge,1.0,399,113,cash_withdrawal_charge,jev-latest | 7 labels,
2ec69fccc2f0,cash_withdrawal_charge,0.97,402,113,cash_withdrawal_charge,jev-latest | 7 labels,
2e6b932f4847,cash_withdrawal_charge,1.0,396,113,cash_withdrawal_charge,jev-latest | 7 labels,
49c21c7e4530,cash_withdrawal_charge,1.0,398,113,cash_withdrawal_charge,jev-latest | 7 labels,
d5c01023a409,cash_withdrawal_charge,1.0,390,113,cash_withdrawal_charge,jev-latest | 7 labels,
46f553a6cab7,cash_withdrawal_charge,1.0,398,113,cash_withdrawal_charge,jev-latest | 7 labels,
604c4ed3fb9e,cash_withdrawal_charge,1.0,391,113,cash_withdrawal_charge,jev-latest | 7 labels,
a119e463647a,cash_withdrawal_charge,1.0,398,113,cash_withdrawal_charge,jev-latest | 7 labels,
4fbb393fd748,cash_withdrawal_charge,1.0,416,113,cash_withdrawal_charge,jev-latest | 7 labels,
f95e2a590225,cash_withdrawal_charge,1.0,394,113,cash_withdrawal_charge,jev-latest | 7 labels,
97f25053b918,cash_withdrawal_charge,1.0,391,113,cash_withdrawal_charge,jev-latest | 7 labels,
7b3a66e651d1,cash_withdrawal_charge,1.0,389,113,cash_withdrawal_charge,jev-latest | 7 labels,
235f05b74409,cash_withdrawal_charge,1.0,392,113,cash_withdrawal_charge,jev-latest | 7 labels,
2f4838cc355d,cash_withdrawal_charge,0.99,409,113,cash_withdrawal_charge,jev-latest | 7 labels,
3dc806b73f47,cash_withdrawal_charge,1.0,399,113,cash_withdrawal_charge,jev-latest | 7 labels,
6d4b84ff6c7a,cash_withdrawal_charge,0.86,391,113,card_payment_fee_charged,jev-latest | 7 labels,
3e69b2b5884e,cash_withdrawal_charge,1.0,408,113,cash_withdrawal_charge,jev-latest | 7 labels,
39e6296e01d1,cash_withdrawal_charge,1.0,423,113,cash_withdrawal_charge,jev-latest | 7 labels,
f80af9f903ef,cash_withdrawal_charge,1.0,389,113,cash_withdrawal_charge,jev-latest | 7 labels,
3ef553d8f1ff,cash_withdrawal_charge,1.0,391,113,cash_withdrawal_charge,jev-latest | 7 labels,
a0e6321929f7,cash_withdrawal_charge,1.0,390,113,cash_withdrawal_charge,jev-latest | 7 labels,
bad3a4b5e03e,cash_withdrawal_charge,1.0,391,113,cash_withdrawal_charge,jev-latest | 7 labels,
3e774f6caea5,cash_withdrawal_charge,1.0,390,113,cash_withdrawal_charge,jev-latest | 7 labels,
0ee1c873f04b,cash_withdrawal_charge,1.0,405,113,cash_withdrawal_charge,jev-latest | 7 labels,
2ea91413ca8e,cash_withdrawal_charge,1.0,392,113,cash_withdrawal_charge,jev-latest | 7 labels,
a116c6e680f4,cash_withdrawal_charge,1.0,395,113,cash_withdrawal_charge,jev-latest | 7 labels,
4fb73639aafe,cash_withdrawal_charge,1.0,414,113,cash_withdrawal_charge,jev-latest | 7 labels,
85ff2a751bcd,cash_withdrawal_charge,1.0,394,113,cash_withdrawal_charge,jev-latest | 7 labels,
1f193b3613d7,cash_withdrawal_charge,1.0,411,113,cash_withdrawal_charge,jev-latest | 7 labels,
c6f6a00e8256,cash_withdrawal_charge,1.0,390,113,cash_withdrawal_charge,jev-latest | 7 labels,
0220eeaed9da,cash_withdrawal_charge,1.0,410,113,cash_withdrawal_charge,jev-latest | 7 labels,
fa15c4481670,cash_withdrawal_charge,1.0,392,113,cash_withdrawal_charge,jev-latest | 7 labels,
409e8c0648d3,cash_withdrawal_charge,1.0,406,113,cash_withdrawal_charge,jev-latest | 7 labels,
24c090803fe1,cash_withdrawal_charge,1.0,390,113,cash_withdrawal_charge,jev-latest | 7 labels,
2c53ea772379,cash_withdrawal_charge,1.0,430,113,cash_withdrawal_charge,jev-latest | 7 labels,
beb81e083fd6,cash_withdrawal_charge,1.0,392,113,cash_withdrawal_charge,jev-latest | 7 labels,
cfd41ab0b48a,cash_withdrawal_charge,1.0,398,113,cash_withdrawal_charge,jev-latest | 7 labels,
aa6aac80aa2a,cash_withdrawal_charge,1.0,392,113,cash_withdrawal_charge,jev-latest | 7 labels,
4eb7a04fa1e3,cash_withdrawal_charge,1.0,393,113,cash_withdrawal_charge,jev-latest | 7 labels,
d2d8cf545e44,cash_withdrawal_charge,1.0,400,113,cash_withdrawal_charge,jev-latest | 7 labels,
0f02d590d86d,cash_withdrawal_charge,1.0,393,113,cash_withdrawal_charge,jev-latest | 7 labels,
5b0cebaabc2b,cash_withdrawal_charge,1.0,421,113,cash_withdrawal_charge,jev-latest | 7 labels,
40a092f46f24,cash_withdrawal_charge,1.0,391,113,cash_withdrawal_charge,jev-latest | 7 labels,
8ba13b6a977a,cash_withdrawal_charge,1.0,395,113,cash_withdrawal_charge,jev-latest | 7 labels,
755c6a10ad1e,cash_withdrawal_charge,1.0,390,113,cash_withdrawal_charge,jev-latest | 7 labels,
0bc0dceedee1,cash_withdrawal_charge,1.0,392,113,cash_withdrawal_charge,jev-latest | 7 labels,
b386ee306260,cash_withdrawal_charge,0.95,410,113,cash_withdrawal_charge,jev-latest | 7 labels,
409446f9ec7a,cash_withdrawal_charge,1.0,392,113,cash_withdrawal_charge,jev-latest | 7 labels,
b3bebcfc1669,cash_withdrawal_charge,1.0,390,113,cash_withdrawal_charge,jev-latest | 7 labels,
05c7609107ee,cash_withdrawal_charge,1.0,396,113,cash_withdrawal_charge,jev-latest | 7 labels,
58bceea953f4,cash_withdrawal_charge,1.0,394,113,cash_withdrawal_charge,jev-latest | 7 labels,
a4f13facebcc,cash_withdrawal_charge,1.0,407,113,cash_withdrawal_charge,jev-latest | 7 labels,
b84d7a0803ae,cash_withdrawal_charge,1.0,390,113,cash_withdrawal_charge,jev-latest | 7 labels,
d69edd94b3f4,cash_withdrawal_charge,1.0,394,113,cash_withdrawal_charge,jev-latest | 7 labels,
32bb4c8b6320,cash_withdrawal_charge,1.0,409,113,cash_withdrawal_charge,jev-latest | 7 labels,
5927e861f0f2,cash_withdrawal_charge,1.0,406,113,cash_withdrawal_charge,jev-latest | 7 labels,
3794d8424681,cash_withdrawal_charge,1.0,392,113,cash_withdrawal_charge,jev-latest | 7 labels,
19e891441d07,cash_withdrawal_charge,1.0,391,113,cash_withdrawal_charge,jev-latest | 7 labels,
010b154f169b,cash_withdrawal_charge,1.0,399,113,cash_withdrawal_charge,jev-latest | 7 labels,
46252827439e,cash_withdrawal_charge,1.0,404,113,cash_withdrawal_charge,jev-latest | 7 labels,
d18f74c5609e,cash_withdrawal_charge,1.0,389,113,cash_withdrawal_charge,jev-latest | 7 labels,
447f599e345f,cash_withdrawal_charge,1.0,404,113,cash_withdrawal_charge,jev-latest | 7 labels,
2407554a6a60,cash_withdrawal_charge,1.0,390,113,cash_withdrawal_charge,jev-latest | 7 labels,
4e3fb889c8e0,cash_withdrawal_charge,0.99,400,113,cash_withdrawal_charge,jev-latest | 7 labels,
85cb7c6190f2,cash_withdrawal_charge,1.0,391,113,cash_withdrawal_charge,jev-latest | 7 labels,
8d2d329ed4bd,cash_withdrawal_charge,1.0,409,113,cash_withdrawal_charge,jev-latest | 7 labels,
0395b8aa4fcd,cash_withdrawal_charge,1.0,404,113,cash_withdrawal_charge,jev-latest | 7 labels,
7e116daa03fa,cash_withdrawal_charge,1.0,395,113,cash_withdrawal_charge,jev-latest | 7 labels,
33a5e764eea2,cash_withdrawal_charge,1.0,390,113,cash_withdrawal_charge,jev-latest | 7 labels,
791ccae40b3e,cash_withdrawal_charge,0.99,395,113,cash_withdrawal_charge,jev-latest | 7 labels,
a84b00cf702e,cash_withdrawal_charge,1.0,390,113,cash_withdrawal_charge,jev-latest | 7 labels,
8e5a9ba87713,cash_withdrawal_charge,1.0,388,113,cash_withdrawal_charge,jev-latest | 7 labels,
927f5b3c8183,cash_withdrawal_charge,0.95,395,113,cash_withdrawal_charge,jev-latest | 7 labels,
7ba2be511a37,cash_withdrawal_charge,1.0,410,113,cash_withdrawal_charge,jev-latest | 7 labels,
ffe7282b752f,cash_withdrawal_charge,1.0,390,113,cash_withdrawal_charge,jev-latest | 7 labels,
897a9d82bc9d,cash_withdrawal_charge,1.0,391,113,cash_withdrawal_charge,jev-latest | 7 labels,
fd11f197e6c1,cash_withdrawal_charge,1.0,394,113,cash_withdrawal_charge,jev-latest | 7 labels,
c3865b14ea54,cash_withdrawal_charge,1.0,392,113,cash_withdrawal_charge,jev-latest | 7 labels,
96691587a695,cash_withdrawal_charge,1.0,390,113,cash_withdrawal_charge,jev-latest | 7 labels,
c6fdb3328c7f,cash_withdrawal_charge,1.0,393,113,cash_withdrawal_charge,jev-latest | 7 labels,
b05bb962a1b0,cash_withdrawal_charge,0.47,394,113,cash_withdrawal_charge,jev-latest | 7 labels,
2548bd6b87fc,cash_withdrawal_charge,1.0,393,113,cash_withdrawal_charge,jev-latest | 7 labels,
5525bf6d7b5c,cash_withdrawal_charge,1.0,388,113,cash_withdrawal_charge,jev-latest | 7 labels,
aed568398ed9,cash_withdrawal_charge,1.0,388,113,cash_withdrawal_charge,jev-latest | 7 labels,
e8075ca244ae,cash_withdrawal_charge,0.99,398,113,cash_withdrawal_charge,jev-latest | 7 labels,
0f8b231f5e53,cash_withdrawal_charge,1.0,390,113,cash_withdrawal_charge,jev-latest | 7 labels,
b51ec606eb3c,cash_withdrawal_charge,1.0,396,113,cash_withdrawal_charge,jev-latest | 7 labels,
73e1131fac73,cash_withdrawal_charge,1.0,395,113,cash_withdrawal_charge,jev-latest | 7 labels,
1d926c23f0bf,cash_withdrawal_charge,1.0,389,113,cash_withdrawal_charge,jev-latest | 7 labels,
f330b151079a,cash_withdrawal_charge,1.0,396,113,cash_withdrawal_charge,jev-latest | 7 labels,
96b10a227c4e,cash_withdrawal_charge,1.0,390,113,cash_withdrawal_charge,jev-latest | 7 labels,
6aa6dffb089d,cash_withdrawal_charge,0.95,391,113,cash_withdrawal_charge,jev-latest | 7 labels,
1132bd891489,cash_withdrawal_charge,1.0,408,113,cash_withdrawal_charge,jev-latest | 7 labels,
991941f69549,cash_withdrawal_charge,1.0,391,113,cash_withdrawal_charge,jev-latest | 7 labels,
8f02b807c785,cash_withdrawal_charge,1.0,389,113,cash_withdrawal_charge,jev-latest | 7 labels,
fba3bc99783f,cash_withdrawal_charge,1.0,396,113,cash_withdrawal_charge,jev-latest | 7 labels,
e6df9e8ac64c,cash_withdrawal_charge,1.0,392,113,cash_withdrawal_charge,jev-latest | 7 labels,
c345c23aa78c,cash_withdrawal_charge,1.0,395,113,cash_withdrawal_charge,jev-latest | 7 labels,
a3f7b0c52025,cash_withdrawal_charge,1.0,409,113,cash_withdrawal_charge,jev-latest | 7 labels,
f5abca437fb5,cash_withdrawal_charge,1.0,428,113,cash_withdrawal_charge,jev-latest | 7 labels,
87efaa1a1cbe,cash_withdrawal_charge,1.0,423,113,cash_withdrawal_charge,jev-latest | 7 labels,
6cff2aa56e02,cash_withdrawal_charge,1.0,391,113,cash_withdrawal_charge,jev-latest | 7 labels,
4a99d5602a32,cash_withdrawal_charge,1.0,420,113,cash_withdrawal_charge,jev-latest | 7 labels,
a6ebfee05775,cash_withdrawal_charge,1.0,394,113,cash_withdrawal_charge,jev-latest | 7 labels,
7d87dc36fd6e,cash_withdrawal_charge,0.57,400,113,cash_withdrawal_charge,jev-latest | 7 labels,
fa8a13a1ede9,cash_withdrawal_charge,1.0,390,113,cash_withdrawal_charge,jev-latest | 7 labels,
bdcc03f44bd0,cash_withdrawal_charge,0.8,388,113,card_payment_fee_charged,jev-latest | 7 labels,
f2de9ee4b514,cash_withdrawal_charge,1.0,391,113,cash_withdrawal_charge,jev-latest | 7 labels,
d78c5f9c13d2,cash_withdrawal_charge,1.0,412,113,cash_withdrawal_charge,jev-latest | 7 labels,
2d73daa3eb4f,cash_withdrawal_charge,1.0,394,113,cash_withdrawal_charge,jev-latest | 7 labels,
c4796017d60e,cash_withdrawal_charge,1.0,452,113,cash_withdrawal_charge,jev-latest | 7 labels,
2f4e8201f8a4,cash_withdrawal_charge,1.0,393,113,cash_withdrawal_charge,jev-latest | 7 labels,
ffad41b0750a,declined_cash_withdrawal,1.0,409,114,declined_cash_withdrawal,jev-latest | 7 labels,
4b26fc9cb13d,declined_cash_withdrawal,1.0,417,114,declined_cash_withdrawal,jev-latest | 7 labels,
59a08ffb3b55,declined_cash_withdrawal,1.0,395,114,declined_cash_withdrawal,jev-latest | 7 labels,
2a9cff62a134,declined_cash_withdrawal,1.0,390,114,declined_cash_withdrawal,jev-latest | 7 labels,
95d915e5c678,declined_cash_withdrawal,1.0,389,114,declined_cash_withdrawal,jev-latest | 7 labels,
1241abf13233,declined_cash_withdrawal,1.0,394,114,declined_cash_withdrawal,jev-latest | 7 labels,
c12fea7c4565,declined_cash_withdrawal,1.0,391,114,declined_cash_withdrawal,jev-latest | 7 labels,
ad8069fbd584,declined_cash_withdrawal,1.0,398,114,declined_cash_withdrawal,jev-latest | 7 labels,
0cad140e8d30,declined_cash_withdrawal,1.0,396,114,declined_cash_withdrawal,jev-latest | 7 labels,
fa714cb880ab,declined_cash_withdrawal,1.0,413,114,declined_cash_withdrawal,jev-latest | 7 labels,
1f6fb1121409,declined_cash_withdrawal,1.0,396,114,declined_cash_withdrawal,jev-latest | 7 labels,
cf516391857a,declined_cash_withdrawal,1.0,391,114,declined_cash_withdrawal,jev-latest | 7 labels,
b8e96e92cae0,declined_cash_withdrawal,1.0,416,114,declined_cash_withdrawal,jev-latest | 7 labels,
e9b6b700f49e,declined_cash_withdrawal,1.0,388,114,declined_cash_withdrawal,jev-latest | 7 labels,
75e9900a4695,declined_cash_withdrawal,1.0,390,114,declined_cash_withdrawal,jev-latest | 7 labels,
10de3104a3d0,declined_cash_withdrawal,1.0,407,114,declined_cash_withdrawal,jev-latest | 7 labels,
a23b2e0f0135,declined_cash_withdrawal,1.0,392,114,declined_cash_withdrawal,jev-latest | 7 labels,
74c712d5b358,declined_cash_withdrawal,1.0,396,114,declined_cash_withdrawal,jev-latest | 7 labels,
56ae7cfd9c27,declined_cash_withdrawal,0.95,391,114,declined_cash_withdrawal,jev-latest | 7 labels,
c36a2add0a2a,declined_cash_withdrawal,1.0,388,114,declined_cash_withdrawal,jev-latest | 7 labels,
57bb021a71ca,declined_cash_withdrawal,1.0,417,114,declined_cash_withdrawal,jev-latest | 7 labels,
b0363e0439a7,declined_cash_withdrawal,1.0,391,114,declined_cash_withdrawal,jev-latest | 7 labels,
7407e7dccd9b,declined_cash_withdrawal,1.0,393,114,declined_cash_withdrawal,jev-latest | 7 labels,
82074b616491,declined_cash_withdrawal,1.0,393,114,declined_cash_withdrawal,jev-latest | 7 labels,
59331f7ce58f,declined_cash_withdrawal,1.0,388,114,declined_cash_withdrawal,jev-latest | 7 labels,
6313e5050406,declined_cash_withdrawal,0.99,389,114,declined_cash_withdrawal,jev-latest | 7 labels,
a032c55864e7,declined_cash_withdrawal,1.0,395,114,declined_cash_withdrawal,jev-latest | 7 labels,
ebdd964150bd,declined_cash_withdrawal,1.0,392,114,declined_cash_withdrawal,jev-latest | 7 labels,
33fd4079de52,declined_cash_withdrawal,1.0,401,114,declined_cash_withdrawal,jev-latest | 7 labels,
3229e833a07c,declined_cash_withdrawal,1.0,392,114,declined_cash_withdrawal,jev-latest | 7 labels,
ce21fa54ffa8,declined_cash_withdrawal,1.0,391,114,declined_cash_withdrawal,jev-latest | 7 labels,
81c44d0a3e06,declined_cash_withdrawal,1.0,409,114,declined_cash_withdrawal,jev-latest | 7 labels,
586cf8b0e344,declined_cash_withdrawal,1.0,390,114,declined_cash_withdrawal,jev-latest | 7 labels,
3e1da13215c6,declined_cash_withdrawal,1.0,391,114,declined_cash_withdrawal,jev-latest | 7 labels,
d4b328aa244f,declined_cash_withdrawal,1.0,411,114,declined_cash_withdrawal,jev-latest | 7 labels,
9f65e611100c,declined_cash_withdrawal,1.0,407,114,declined_cash_withdrawal,jev-latest | 7 labels,
aebb1ebfe32b,declined_cash_withdrawal,1.0,386,114,declined_cash_withdrawal,jev-latest | 7 labels,
63bb58d24e56,declined_cash_withdrawal,1.0,393,114,declined_cash_withdrawal,jev-latest | 7 labels,
eb5d2695e883,declined_cash_withdrawal,1.0,415,114,declined_cash_withdrawal,jev-latest | 7 labels,
97e1580a2aaf,declined_cash_withdrawal,1.0,411,114,declined_cash_withdrawal,jev-latest | 7 labels,
ef9c65e6d3fc,declined_cash_withdrawal,1.0,419,114,declined_cash_withdrawal,jev-latest | 7 labels,
e4f593b757f7,declined_cash_withdrawal,1.0,400,114,declined_cash_withdrawal,jev-latest | 7 labels,
64155f01ef16,declined_cash_withdrawal,1.0,391,114,declined_cash_withdrawal,jev-latest | 7 labels,
aed7bd171beb,declined_cash_withdrawal,1.0,410,114,declined_cash_withdrawal,jev-latest | 7 labels,
54b33881e7f2,declined_cash_withdrawal,1.0,389,114,declined_cash_withdrawal,jev-latest | 7 labels,
fd84033a30d5,declined_cash_withdrawal,1.0,390,114,declined_cash_withdrawal,jev-latest | 7 labels,
b98fa893102c,declined_cash_withdrawal,1.0,389,114,declined_cash_withdrawal,jev-latest | 7 labels,
56aadeee16d6,declined_cash_withdrawal,1.0,402,114,declined_cash_withdrawal,jev-latest | 7 labels,
6a1296b9e8ec,declined_cash_withdrawal,1.0,390,114,declined_cash_withdrawal,jev-latest | 7 labels,
4f8fccdf640d,declined_cash_withdrawal,1.0,412,114,declined_cash_withdrawal,jev-latest | 7 labels,
e98902dace2a,declined_cash_withdrawal,1.0,391,114,declined_cash_withdrawal,jev-latest | 7 labels,
58baa472c201,declined_cash_withdrawal,1.0,391,114,declined_cash_withdrawal,jev-latest | 7 labels,
9f4b3dc4d893,declined_cash_withdrawal,1.0,395,114,declined_cash_withdrawal,jev-latest | 7 labels,
f110f6bc2464,declined_cash_withdrawal,1.0,390,114,declined_cash_withdrawal,jev-latest | 7 labels,
8ac91316026f,declined_cash_withdrawal,1.0,394,114,declined_cash_withdrawal,jev-latest | 7 labels,
a1a5cdabe5d0,declined_cash_withdrawal,1.0,393,114,declined_cash_withdrawal,jev-latest | 7 labels,
17605f6b2416,declined_cash_withdrawal,1.0,421,114,declined_cash_withdrawal,jev-latest | 7 labels,
6c56085c67da,declined_cash_withdrawal,1.0,388,114,declined_cash_withdrawal,jev-latest | 7 labels,
2af30e15d871,declined_cash_withdrawal,1.0,391,114,declined_cash_withdrawal,jev-latest | 7 labels,
9902659fbc28,declined_cash_withdrawal,1.0,406,114,declined_cash_withdrawal,jev-latest | 7 labels,
88f5dbb1c1ad,declined_cash_withdrawal,1.0,391,114,declined_cash_withdrawal,jev-latest | 7 labels,
573a99e4d1c4,declined_cash_withdrawal,1.0,394,114,declined_cash_withdrawal,jev-latest | 7 labels,
3204ece07310,declined_cash_withdrawal,1.0,394,114,declined_cash_withdrawal,jev-latest | 7 labels,
eb8b7133c6ce,declined_cash_withdrawal,1.0,390,114,declined_cash_withdrawal,jev-latest | 7 labels,
e367e2b7a3a6,declined_cash_withdrawal,1.0,392,114,declined_cash_withdrawal,jev-latest | 7 labels,
84e0feabbcc1,declined_cash_withdrawal,0.98,391,114,declined_cash_withdrawal,jev-latest | 7 labels,
587e3aedca85,declined_cash_withdrawal,1.0,391,114,declined_cash_withdrawal,jev-latest | 7 labels,
82ce57412d1c,declined_cash_withdrawal,1.0,388,114,declined_cash_withdrawal,jev-latest | 7 labels,
24b7058a7953,declined_cash_withdrawal,1.0,398,114,declined_cash_withdrawal,jev-latest | 7 labels,
2e85dd5a0a1e,declined_cash_withdrawal,1.0,414,114,declined_cash_withdrawal,jev-latest | 7 labels,
af54e7ed10c7,declined_cash_withdrawal,1.0,388,114,declined_cash_withdrawal,jev-latest | 7 labels,
caca0b466c37,declined_cash_withdrawal,1.0,387,114,declined_cash_withdrawal,jev-latest | 7 labels,
1dbbd5d7cbec,declined_cash_withdrawal,1.0,394,114,declined_cash_withdrawal,jev-latest | 7 labels,
1a35d292a768,declined_cash_withdrawal,0.89,386,114,declined_cash_withdrawal,jev-latest | 7 labels,
c01b046ed4ec,declined_cash_withdrawal,1.0,409,114,declined_cash_withdrawal,jev-latest | 7 labels,
4904c1e956be,declined_cash_withdrawal,1.0,387,114,declined_cash_withdrawal,jev-latest | 7 labels,
b5d175fb2952,declined_cash_withdrawal,1.0,391,114,declined_cash_withdrawal,jev-latest | 7 labels,
be1be26721f3,declined_cash_withdrawal,1.0,388,114,declined_cash_withdrawal,jev-latest | 7 labels,
546d3ed9da9e,declined_cash_withdrawal,1.0,422,114,declined_cash_withdrawal,jev-latest | 7 labels,
22f0b6dbe6c5,declined_cash_withdrawal,1.0,419,114,declined_cash_withdrawal,jev-latest | 7 labels,
30e96bf1f8f7,declined_cash_withdrawal,1.0,391,114,declined_cash_withdrawal,jev-latest | 7 labels,
f7d7c080bc78,declined_cash_withdrawal,1.0,389,114,declined_cash_withdrawal,jev-latest | 7 labels,
808e6e39a5af,declined_cash_withdrawal,1.0,389,114,declined_cash_withdrawal,jev-latest | 7 labels,
a4890bd46d01,declined_cash_withdrawal,1.0,394,114,declined_cash_withdrawal,jev-latest | 7 labels,
9da1542ff89e,declined_cash_withdrawal,0.99,390,114,declined_cash_withdrawal,jev-latest | 7 labels,
56234621113c,declined_cash_withdrawal,1.0,410,114,declined_cash_withdrawal,jev-latest | 7 labels,
e7c9a40a2727,declined_cash_withdrawal,1.0,396,114,declined_cash_withdrawal,jev-latest | 7 labels,
72ef4b77522a,declined_cash_withdrawal,1.0,389,114,declined_cash_withdrawal,jev-latest | 7 labels,
05ef3acff6ec,declined_cash_withdrawal,1.0,392,114,declined_cash_withdrawal,jev-latest | 7 labels,
22dc1f79528e,declined_cash_withdrawal,1.0,409,114,declined_cash_withdrawal,jev-latest | 7 labels,
20c0699f17a9,declined_cash_withdrawal,1.0,394,114,declined_cash_withdrawal,jev-latest | 7 labels,
330f98e547a1,declined_cash_withdrawal,1.0,392,114,declined_cash_withdrawal,jev-latest | 7 labels,
385742f75dea,declined_cash_withdrawal,1.0,396,114,declined_cash_withdrawal,jev-latest | 7 labels,
67ade56a0c4f,declined_cash_withdrawal,1.0,390,114,declined_cash_withdrawal,jev-latest | 7 labels,
4b8bed441b7c,declined_cash_withdrawal,1.0,422,114,declined_cash_withdrawal,jev-latest | 7 labels,
2efc87fba257,declined_cash_withdrawal,1.0,389,114,declined_cash_withdrawal,jev-latest | 7 labels,
3ac939d238d3,declined_cash_withdrawal,1.0,414,114,declined_cash_withdrawal,jev-latest | 7 labels,
a97136980dd9,declined_cash_withdrawal,1.0,390,114,declined_cash_withdrawal,jev-latest | 7 labels,
cfccfc0c6b2a,declined_cash_withdrawal,1.0,390,114,declined_cash_withdrawal,jev-latest | 7 labels,
58e19741612d,declined_cash_withdrawal,1.0,387,114,declined_cash_withdrawal,jev-latest | 7 labels,
b5bc04b0bb13,declined_cash_withdrawal,1.0,419,114,declined_cash_withdrawal,jev-latest | 7 labels,
6e28739f7644,declined_cash_withdrawal,1.0,421,114,declined_cash_withdrawal,jev-latest | 7 labels,
68bb47f2ce46,declined_cash_withdrawal,1.0,409,114,declined_cash_withdrawal,jev-latest | 7 labels,
8c8bd75d0c84,declined_cash_withdrawal,1.0,404,114,declined_cash_withdrawal,jev-latest | 7 labels,
285332230ced,declined_cash_withdrawal,1.0,390,114,declined_cash_withdrawal,jev-latest | 7 labels,
3083503f1621,declined_cash_withdrawal,1.0,397,114,declined_cash_withdrawal,jev-latest | 7 labels,
49e1efab204c,declined_cash_withdrawal,1.0,395,114,declined_cash_withdrawal,jev-latest | 7 labels,
2a67c576c539,declined_cash_withdrawal,1.0,392,114,declined_cash_withdrawal,jev-latest | 7 labels,
25920238a3b3,declined_cash_withdrawal,1.0,402,114,declined_cash_withdrawal,jev-latest | 7 labels,
a2558eaeb571,declined_cash_withdrawal,1.0,394,114,declined_cash_withdrawal,jev-latest | 7 labels,
db92b25a0926,declined_cash_withdrawal,1.0,416,114,declined_cash_withdrawal,jev-latest | 7 labels,
de33995c4fb0,declined_cash_withdrawal,1.0,394,114,declined_cash_withdrawal,jev-latest | 7 labels,
9616647de607,declined_cash_withdrawal,1.0,401,114,declined_cash_withdrawal,jev-latest | 7 labels,
656bfc4dbfe1,declined_cash_withdrawal,1.0,408,114,declined_cash_withdrawal,jev-latest | 7 labels,
60e613ed8eb5,declined_cash_withdrawal,1.0,388,114,declined_cash_withdrawal,jev-latest | 7 labels,
6d629e9ac187,declined_cash_withdrawal,1.0,410,114,declined_cash_withdrawal,jev-latest | 7 labels,
acb01ae9aff6,declined_cash_withdrawal,1.0,391,114,declined_cash_withdrawal,jev-latest | 7 labels,
05fc58c61541,declined_cash_withdrawal,1.0,391,114,declined_cash_withdrawal,jev-latest | 7 labels,
44ecce3b3dad,declined_cash_withdrawal,0.98,398,114,declined_cash_withdrawal,jev-latest | 7 labels,
4d5508df562c,declined_cash_withdrawal,0.99,394,114,declined_cash_withdrawal,jev-latest | 7 labels,
abc1db756bd5,declined_cash_withdrawal,1.0,393,114,declined_cash_withdrawal,jev-latest | 7 labels,
d8d198aec0d4,declined_cash_withdrawal,1.0,392,114,declined_cash_withdrawal,jev-latest | 7 labels,
4a462c820164,declined_cash_withdrawal,1.0,397,114,declined_cash_withdrawal,jev-latest | 7 labels,
538714fdf2d0,declined_cash_withdrawal,1.0,417,114,declined_cash_withdrawal,jev-latest | 7 labels,
cd3eaeeddadd,declined_cash_withdrawal,1.0,423,114,declined_cash_withdrawal,jev-latest | 7 labels,
0d065460408d,declined_cash_withdrawal,0.99,402,114,declined_cash_withdrawal,jev-latest | 7 labels,
7c6616df843b,declined_cash_withdrawal,1.0,423,114,declined_cash_withdrawal,jev-latest | 7 labels,
02684d197e1e,declined_cash_withdrawal,1.0,416,114,declined_cash_withdrawal,jev-latest | 7 labels,
c9d242514182,declined_cash_withdrawal,1.0,417,114,declined_cash_withdrawal,jev-latest | 7 labels,
8fc0317efe3d,declined_cash_withdrawal,1.0,386,114,declined_cash_withdrawal,jev-latest | 7 labels,
0e8e2a81d045,declined_cash_withdrawal,1.0,410,114,declined_cash_withdrawal,jev-latest | 7 labels,
7a755e05ae3e,declined_cash_withdrawal,1.0,389,114,declined_cash_withdrawal,jev-latest | 7 labels,
a46345c1616e,declined_cash_withdrawal,0.99,391,114,declined_cash_withdrawal,jev-latest | 7 labels,
bc456381faf0,declined_cash_withdrawal,1.0,386,114,declined_cash_withdrawal,jev-latest | 7 labels,
fd376202416f,declined_cash_withdrawal,1.0,407,114,declined_cash_withdrawal,jev-latest | 7 labels,
092a22e2ca40,declined_cash_withdrawal,1.0,390,114,declined_cash_withdrawal,jev-latest | 7 labels,
acfd17884c7b,declined_cash_withdrawal,1.0,394,114,declined_cash_withdrawal,jev-latest | 7 labels,
d3ef043fc593,declined_cash_withdrawal,1.0,390,114,declined_cash_withdrawal,jev-latest | 7 labels,
f792726a53de,declined_cash_withdrawal,1.0,392,114,declined_cash_withdrawal,jev-latest | 7 labels,
3dde84ff9062,declined_cash_withdrawal,1.0,389,114,declined_cash_withdrawal,jev-latest | 7 labels,
22bbe87f6b3d,declined_cash_withdrawal,1.0,388,114,declined_cash_withdrawal,jev-latest | 7 labels,
d5472a53d5af,declined_cash_withdrawal,1.0,398,114,declined_cash_withdrawal,jev-latest | 7 labels,
56454457e5fd,declined_cash_withdrawal,1.0,391,114,declined_cash_withdrawal,jev-latest | 7 labels,
ec2f092b90e5,direct_debit_payment_not_recognised,1.0,393,115,direct_debit_payment_not_recognised,jev-latest | 7 labels,
d4b6145b7085,direct_debit_payment_not_recognised,1.0,391,115,direct_debit_payment_not_recognised,jev-latest | 7 labels,
32022a40ef83,direct_debit_payment_not_recognised,0.99,385,115,direct_debit_payment_not_recognised,jev-latest | 7 labels,
28d1e480b591,direct_debit_payment_not_recognised,1.0,390,115,direct_debit_payment_not_recognised,jev-latest | 7 labels,
ac277ecff260,direct_debit_payment_not_recognised,1.0,394,115,direct_debit_payment_not_recognised,jev-latest | 7 labels,
c576bdd963be,direct_debit_payment_not_recognised,1.0,393,115,direct_debit_payment_not_recognised,jev-latest | 7 labels,
0f2766a40d76,direct_debit_payment_not_recognised,1.0,394,115,direct_debit_payment_not_recognised,jev-latest | 7 labels,
da66d5b3c147,direct_debit_payment_not_recognised,1.0,393,115,direct_debit_payment_not_recognised,jev-latest | 7 labels,
ba66e5e5d083,direct_debit_payment_not_recognised,0.99,390,115,direct_debit_payment_not_recognised,jev-latest | 7 labels,
63f79538134c,direct_debit_payment_not_recognised,1.0,394,115,direct_debit_payment_not_recognised,jev-latest | 7 labels,
1439fc285bee,direct_debit_payment_not_recognised,1.0,391,115,direct_debit_payment_not_recognised,jev-latest | 7 labels,
81bebc76c00b,direct_debit_payment_not_recognised,1.0,399,115,direct_debit_payment_not_recognised,jev-latest | 7 labels,
032ede55cbe0,direct_debit_payment_not_recognised,1.0,393,115,direct_debit_payment_not_recognised,jev-latest | 7 labels,
54d2c351bc75,direct_debit_payment_not_recognised,1.0,392,115,direct_debit_payment_not_recognised,jev-latest | 7 labels,
5511ec087f6e,direct_debit_payment_not_recognised,0.99,391,115,direct_debit_payment_not_recognised,jev-latest | 7 labels,
c51414b409e3,direct_debit_payment_not_recognised,1.0,395,115,direct_debit_payment_not_recognised,jev-latest | 7 labels,
c2fc7e698d6b,direct_debit_payment_not_recognised,1.0,397,115,direct_debit_payment_not_recognised,jev-latest | 7 labels,
f6fc49e5023e,direct_debit_payment_not_recognised,1.0,402,115,direct_debit_payment_not_recognised,jev-latest | 7 labels,
e25961c63216,direct_debit_payment_not_recognised,1.0,388,115,direct_debit_payment_not_recognised,jev-latest | 7 labels,
8da5fd2a0fbd,direct_debit_payment_not_recognised,1.0,390,115,direct_debit_payment_not_recognised,jev-latest | 7 labels,
d3c717ebe66b,direct_debit_payment_not_recognised,0.96,393,115,direct_debit_payment_not_recognised,jev-latest | 7 labels,
29c91108f1cd,direct_debit_payment_not_recognised,1.0,411,115,direct_debit_payment_not_recognised,jev-latest | 7 labels,
6170ca25ccc0,direct_debit_payment_not_recognised,0.98,394,115,direct_debit_payment_not_recognised,jev-latest | 7 labels,
77493789df3f,direct_debit_payment_not_recognised,0.98,394,115,direct_debit_payment_not_recognised,jev-latest | 7 labels,
1bf2ab54fc95,direct_debit_payment_not_recognised,1.0,396,115,direct_debit_payment_not_recognised,jev-latest | 7 labels,
43c13e598ffd,direct_debit_payment_not_recognised,1.0,420,115,direct_debit_payment_not_recognised,jev-latest | 7 labels,
024ed8a1ec2b,direct_debit_payment_not_recognised,1.0,391,115,direct_debit_payment_not_recognised,jev-latest | 7 labels,
e843bd0357e4,direct_debit_payment_not_recognised,1.0,397,115,direct_debit_payment_not_recognised,jev-latest | 7 labels,
a6f15cebf9f4,direct_debit_payment_not_recognised,1.0,393,115,direct_debit_payment_not_recognised,jev-latest | 7 labels,
b7e2760df1b2,direct_debit_payment_not_recognised,1.0,395,115,direct_debit_payment_not_recognised,jev-latest | 7 labels,
a34201df24ea,direct_debit_payment_not_recognised,1.0,392,115,direct_debit_payment_not_recognised,jev-latest | 7 labels,
38e0b43ae46c,direct_debit_payment_not_recognised,0.99,426,115,direct_debit_payment_not_recognised,jev-latest | 7 labels,
b7a32523c67b,direct_debit_payment_not_recognised,1.0,392,115,direct_debit_payment_not_recognised,jev-latest | 7 labels,
e24d4966a876,direct_debit_payment_not_recognised,1.0,397,115,direct_debit_payment_not_recognised,jev-latest | 7 labels,
89cad4a251ec,direct_debit_payment_not_recognised,1.0,448,115,direct_debit_payment_not_recognised,jev-latest | 7 labels,
1fec62c87951,direct_debit_payment_not_recognised,0.98,424,115,direct_debit_payment_not_recognised,jev-latest | 7 labels,
649fbd390698,direct_debit_payment_not_recognised,1.0,393,115,direct_debit_payment_not_recognised,jev-latest | 7 labels,
c3da8c468751,direct_debit_payment_not_recognised,0.09,386,115,direct_debit_payment_not_recognised,jev-latest | 7 labels,
bacd2b686042,direct_debit_payment_not_recognised,1.0,425,115,direct_debit_payment_not_recognised,jev-latest | 7 labels,
810696767975,direct_debit_payment_not_recognised,1.0,395,115,direct_debit_payment_not_recognised,jev-latest | 7 labels,
d9238f29154a,direct_debit_payment_not_recognised,1.0,398,115,direct_debit_payment_not_recognised,jev-latest | 7 labels,
139c150f249f,direct_debit_payment_not_recognised,1.0,392,115,direct_debit_payment_not_recognised,jev-latest | 7 labels,
6e77c5f48b49,direct_debit_payment_not_recognised,1.0,393,115,direct_debit_payment_not_recognised,jev-latest | 7 labels,
ccb84c14ed2e,direct_debit_payment_not_recognised,1.0,390,115,direct_debit_payment_not_recognised,jev-latest | 7 labels,
7f748ab80fd6,direct_debit_payment_not_recognised,1.0,400,115,direct_debit_payment_not_recognised,jev-latest | 7 labels,
25062f5c9a69,direct_debit_payment_not_recognised,1.0,391,115,direct_debit_payment_not_recognised,jev-latest | 7 labels,
0a3f6dfaf002,direct_debit_payment_not_recognised,1.0,412,115,direct_debit_payment_not_recognised,jev-latest | 7 labels,
c3fda975fe66,direct_debit_payment_not_recognised,1.0,401,115,direct_debit_payment_not_recognised,jev-latest | 7 labels,
40197f1e9157,direct_debit_payment_not_recognised,1.0,397,115,direct_debit_payment_not_recognised,jev-latest | 7 labels,
14c5259345d9,direct_debit_payment_not_recognised,1.0,396,115,direct_debit_payment_not_recognised,jev-latest | 7 labels,
bd5fbc6481f3,direct_debit_payment_not_recognised,1.0,395,115,direct_debit_payment_not_recognised,jev-latest | 7 labels,
1203bc6b1f15,direct_debit_payment_not_recognised,0.49,422,113,card_payment_fee_charged,jev-latest | 7 labels,
eb56103fd2c7,direct_debit_payment_not_recognised,1.0,393,115,direct_debit_payment_not_recognised,jev-latest | 7 labels,
0d2e08cfb5ad,direct_debit_payment_not_recognised,1.0,403,115,direct_debit_payment_not_recognised,jev-latest | 7 labels,
5378423cf187,direct_debit_payment_not_recognised,1.0,391,115,direct_debit_payment_not_recognised,jev-latest | 7 labels,
8693d3291a26,direct_debit_payment_not_recognised,1.0,393,115,direct_debit_payment_not_recognised,jev-latest | 7 labels,
d4ddbac1199d,direct_debit_payment_not_recognised,1.0,426,115,direct_debit_payment_not_recognised,jev-latest | 7 labels,
21725a1be943,direct_debit_payment_not_recognised,0.89,390,115,direct_debit_payment_not_recognised,jev-latest | 7 labels,
fcf57ee06399,direct_debit_payment_not_recognised,1.0,391,115,direct_debit_payment_not_recognised,jev-latest | 7 labels,
32bffbdb4aa2,direct_debit_payment_not_recognised,1.0,396,115,direct_debit_payment_not_recognised,jev-latest | 7 labels,
54c9cc66e6c2,direct_debit_payment_not_recognised,0.8,393,115,direct_debit_payment_not_recognised,jev-latest | 7 labels,
f8493a908cba,direct_debit_payment_not_recognised,1.0,395,115,direct_debit_payment_not_recognised,jev-latest | 7 labels,
dae7069b7a09,direct_debit_payment_not_recognised,1.0,393,115,direct_debit_payment_not_recognised,jev-latest | 7 labels,
58ddf30a6e8d,direct_debit_payment_not_recognised,1.0,397,115,direct_debit_payment_not_recognised,jev-latest | 7 labels,
19dbbbd222c3,direct_debit_payment_not_recognised,1.0,396,115,direct_debit_payment_not_recognised,jev-latest | 7 labels,
f4232082bc7f,direct_debit_payment_not_recognised,0.99,406,115,direct_debit_payment_not_recognised,jev-latest | 7 labels,
cdb9322a6496,direct_debit_payment_not_recognised,1.0,415,115,direct_debit_payment_not_recognised,jev-latest | 7 labels,
7d9fdfd3b652,direct_debit_payment_not_recognised,0.99,395,115,direct_debit_payment_not_recognised,jev-latest | 7 labels,
d8581b0de08d,direct_debit_payment_not_recognised,1.0,423,115,direct_debit_payment_not_recognised,jev-latest | 7 labels,
376bae167286,direct_debit_payment_not_recognised,1.0,394,115,direct_debit_payment_not_recognised,jev-latest | 7 labels,
f0e1ea12dd32,direct_debit_payment_not_recognised,0.88,386,115,direct_debit_payment_not_recognised,jev-latest | 7 labels,
8c5b1c4143a3,direct_debit_payment_not_recognised,1.0,390,115,direct_debit_payment_not_recognised,jev-latest | 7 labels,
09423a7fea66,direct_debit_payment_not_recognised,1.0,398,115,direct_debit_payment_not_recognised,jev-latest | 7 labels,
cf686493980a,direct_debit_payment_not_recognised,1.0,397,115,direct_debit_payment_not_recognised,jev-latest | 7 labels,
4a770c22e8c4,direct_debit_payment_not_recognised,1.0,390,115,direct_debit_payment_not_recognised,jev-latest | 7 labels,
f6fd29a48ffe,direct_debit_payment_not_recognised,0.99,393,115,direct_debit_payment_not_recognised,jev-latest | 7 labels,
a4dfbbe9d9f0,direct_debit_payment_not_recognised,1.0,418,115,direct_debit_payment_not_recognised,jev-latest | 7 labels,
f6d9a0b4f2fa,direct_debit_payment_not_recognised,0.99,412,115,direct_debit_payment_not_recognised,jev-latest | 7 labels,
471f09f9243d,direct_debit_payment_not_recognised,1.0,392,115,direct_debit_payment_not_recognised,jev-latest | 7 labels,
9a7106d1903a,direct_debit_payment_not_recognised,1.0,437,115,direct_debit_payment_not_recognised,jev-latest | 7 labels,
15feca82dac1,direct_debit_payment_not_recognised,1.0,393,115,direct_debit_payment_not_recognised,jev-latest | 7 labels,
46f9a88867f8,direct_debit_payment_not_recognised,1.0,396,115,direct_debit_payment_not_recognised,jev-latest | 7 labels,
c1c06eb0078c,direct_debit_payment_not_recognised,0.94,398,115,direct_debit_payment_not_recognised,jev-latest | 7 labels,
f7874ef73810,direct_debit_payment_not_recognised,0.99,415,115,direct_debit_payment_not_recognised,jev-latest | 7 labels,
e13a468715a5,direct_debit_payment_not_recognised,0.95,427,115,direct_debit_payment_not_recognised,jev-latest | 7 labels,
57431e9e9c2e,direct_debit_payment_not_recognised,0.98,384,115,direct_debit_payment_not_recognised,jev-latest | 7 labels,
81fcc76b536a,direct_debit_payment_not_recognised,1.0,387,115,direct_debit_payment_not_recognised,jev-latest | 7 labels,
86bb00bd18d7,direct_debit_payment_not_recognised,1.0,393,115,direct_debit_payment_not_recognised,jev-latest | 7 labels,
11e85fc3d550,direct_debit_payment_not_recognised,0.96,430,115,direct_debit_payment_not_recognised,jev-latest | 7 labels,
4121db87c1e2,direct_debit_payment_not_recognised,1.0,390,115,direct_debit_payment_not_recognised,jev-latest | 7 labels,
e317cd75a6aa,direct_debit_payment_not_recognised,0.99,426,115,direct_debit_payment_not_recognised,jev-latest | 7 labels,
6bb19d75d9b6,direct_debit_payment_not_recognised,1.0,391,115,direct_debit_payment_not_recognised,jev-latest | 7 labels,
06359beb75e2,direct_debit_payment_not_recognised,1.0,393,115,direct_debit_payment_not_recognised,jev-latest | 7 labels,
2707d1e7a15f,direct_debit_payment_not_recognised,0.99,407,115,direct_debit_payment_not_recognised,jev-latest | 7 labels,
135fb884a9c3,direct_debit_payment_not_recognised,1.0,400,115,direct_debit_payment_not_recognised,jev-latest | 7 labels,
87593955c6ce,direct_debit_payment_not_recognised,0.96,395,115,direct_debit_payment_not_recognised,jev-latest | 7 labels,
e772e7940c7b,direct_debit_payment_not_recognised,1.0,393,115,direct_debit_payment_not_recognised,jev-latest | 7 labels,
d2b546354130,direct_debit_payment_not_recognised,0.99,397,115,direct_debit_payment_not_recognised,jev-latest | 7 labels,
ac748d95e7b7,direct_debit_payment_not_recognised,1.0,411,115,direct_debit_payment_not_recognised,jev-latest | 7 labels,
a9bd1e0c4153,direct_debit_payment_not_recognised,0.97,387,115,direct_debit_payment_not_recognised,jev-latest | 7 labels,
543e7ef22a23,direct_debit_payment_not_recognised,1.0,390,115,direct_debit_payment_not_recognised,jev-latest | 7 labels,
8cb22a656121,direct_debit_payment_not_recognised,0.99,409,115,direct_debit_payment_not_recognised,jev-latest | 7 labels,
8e0e4eba2b28,direct_debit_payment_not_recognised,1.0,396,115,direct_debit_payment_not_recognised,jev-latest | 7 labels,
95b9f8601504,direct_debit_payment_not_recognised,1.0,391,115,direct_debit_payment_not_recognised,jev-latest | 7 labels,
79eb85c16f7a,direct_debit_payment_not_recognised,0.98,387,115,direct_debit_payment_not_recognised,jev-latest | 7 labels,
168c7a50066b,direct_debit_payment_not_recognised,1.0,404,115,direct_debit_payment_not_recognised,jev-latest | 7 labels,
06008995081c,direct_debit_payment_not_recognised,0.75,393,115,direct_debit_payment_not_recognised,jev-latest | 7 labels,
1551f09e9880,direct_debit_payment_not_recognised,0.83,392,115,direct_debit_payment_not_recognised,jev-latest | 7 labels,
e83af689b13f,direct_debit_payment_not_recognised,1.0,392,115,direct_debit_payment_not_recognised,jev-latest | 7 labels,
7b4a7c0c4bd2,direct_debit_payment_not_recognised,0.94,396,115,direct_debit_payment_not_recognised,jev-latest | 7 labels,
f0f4e224e979,direct_debit_payment_not_recognised,1.0,389,115,direct_debit_payment_not_recognised,jev-latest | 7 labels,
e075b58645e9,direct_debit_payment_not_recognised,1.0,389,115,direct_debit_payment_not_recognised,jev-latest | 7 labels,
982086ce9e97,direct_debit_payment_not_recognised,1.0,394,115,direct_debit_payment_not_recognised,jev-latest | 7 labels,
67102952670e,direct_debit_payment_not_recognised,1.0,391,115,direct_debit_payment_not_recognised,jev-latest | 7 labels,
bb2476ad6519,direct_debit_payment_not_recognised,0.98,418,115,direct_debit_payment_not_recognised,jev-latest | 7 labels,
c952fc83f48a,direct_debit_payment_not_recognised,1.0,391,115,direct_debit_payment_not_recognised,jev-latest | 7 labels,
513ca2a24232,direct_debit_payment_not_recognised,1.0,395,115,direct_debit_payment_not_recognised,jev-latest | 7 labels,
3a47e857297a,direct_debit_payment_not_recognised,1.0,393,115,direct_debit_payment_not_recognised,jev-latest | 7 labels,
e61fe6f773b2,direct_debit_payment_not_recognised,0.99,398,115,direct_debit_payment_not_recognised,jev-latest | 7 labels,
0bbc00830ab8,direct_debit_payment_not_recognised,0.21,386,114,declined_cash_withdrawal,jev-latest | 7 labels,
f0babea3a641,direct_debit_payment_not_recognised,1.0,397,115,direct_debit_payment_not_recognised,jev-latest | 7 labels,
41c1d6f080e7,direct_debit_payment_not_recognised,1.0,396,115,direct_debit_payment_not_recognised,jev-latest | 7 labels,
60317b30e714,direct_debit_payment_not_recognised,1.0,397,115,direct_debit_payment_not_recognised,jev-latest | 7 labels,
e5d9033da2d5,direct_debit_payment_not_recognised,1.0,390,115,direct_debit_payment_not_recognised,jev-latest | 7 labels,
2d28ed2edbc1,direct_debit_payment_not_recognised,0.97,426,115,direct_debit_payment_not_recognised,jev-latest | 7 labels,
b2e4a3d33699,direct_debit_payment_not_recognised,1.0,421,115,direct_debit_payment_not_recognised,jev-latest | 7 labels,
b4344abd92f0,direct_debit_payment_not_recognised,1.0,397,115,direct_debit_payment_not_recognised,jev-latest | 7 labels,
76b31de227f5,direct_debit_payment_not_recognised,1.0,399,115,direct_debit_payment_not_recognised,jev-latest | 7 labels,
9967cce2d99e,direct_debit_payment_not_recognised,1.0,393,115,direct_debit_payment_not_recognised,jev-latest | 7 labels,
aa5ee7397da9,direct_debit_payment_not_recognised,1.0,401,115,direct_debit_payment_not_recognised,jev-latest | 7 labels,
fe40e69281c2,direct_debit_payment_not_recognised,1.0,391,115,direct_debit_payment_not_recognised,jev-latest | 7 labels,
dd877d05f8de,direct_debit_payment_not_recognised,1.0,393,115,direct_debit_payment_not_recognised,jev-latest | 7 labels,
3c1f3a6004ec,direct_debit_payment_not_recognised,1.0,398,115,direct_debit_payment_not_recognised,jev-latest | 7 labels,
d456893a0c45,direct_debit_payment_not_recognised,1.0,390,115,direct_debit_payment_not_recognised,jev-latest | 7 labels,
79ed9aec79db,direct_debit_payment_not_recognised,1.0,397,115,direct_debit_payment_not_recognised,jev-latest | 7 labels,
8a6fbb2a2c9b,direct_debit_payment_not_recognised,0.96,425,115,direct_debit_payment_not_recognised,jev-latest | 7 labels,
3cec15e7effe,direct_debit_payment_not_recognised,1.0,424,115,direct_debit_payment_not_recognised,jev-latest | 7 labels,
1d34612cf1e3,direct_debit_payment_not_recognised,0.98,392,115,direct_debit_payment_not_recognised,jev-latest | 7 labels,
60105032ba4b,direct_debit_payment_not_recognised,1.0,393,115,direct_debit_payment_not_recognised,jev-latest | 7 labels,
a04267874efa,direct_debit_payment_not_recognised,1.0,393,115,direct_debit_payment_not_recognised,jev-latest | 7 labels,
cf16b00a0cef,direct_debit_payment_not_recognised,1.0,392,115,direct_debit_payment_not_recognised,jev-latest | 7 labels,
594f17419691,direct_debit_payment_not_recognised,1.0,395,115,direct_debit_payment_not_recognised,jev-latest | 7 labels,
688853f8f005,direct_debit_payment_not_recognised,1.0,425,115,direct_debit_payment_not_recognised,jev-latest | 7 labels,
1d0826ea8b9e,transaction_charged_twice,1.0,386,113,transaction_charged_twice,jev-latest | 7 labels,
f4085aae5cc1,transaction_charged_twice,1.0,445,113,transaction_charged_twice,jev-latest | 7 labels,
2afc8717563f,transaction_charged_twice,1.0,391,113,transaction_charged_twice,jev-latest | 7 labels,
fff940ff90d0,transaction_charged_twice,1.0,438,113,transaction_charged_twice,jev-latest | 7 labels,
23276acb7111,transaction_charged_twice,1.0,386,113,transaction_charged_twice,jev-latest | 7 labels,
1274575f950f,transaction_charged_twice,1.0,411,113,transaction_charged_twice,jev-latest | 7 labels,
beb082e3614f,transaction_charged_twice,1.0,391,113,transaction_charged_twice,jev-latest | 7 labels,
1bf819023c2f,transaction_charged_twice,1.0,391,113,transaction_charged_twice,jev-latest | 7 labels,
b1beb0196b21,transaction_charged_twice,1.0,389,113,transaction_charged_twice,jev-latest | 7 labels,
15422f6050b6,transaction_charged_twice,1.0,390,113,transaction_charged_twice,jev-latest | 7 labels,
6f70acf1b493,transaction_charged_twice,1.0,396,113,transaction_charged_twice,jev-latest | 7 labels,
7f3618a61268,transaction_charged_twice,1.0,390,113,transaction_charged_twice,jev-latest | 7 labels,
fb0b6a8720fb,transaction_charged_twice,1.0,408,113,transaction_charged_twice,jev-latest | 7 labels,
11b5e86d3ba9,transaction_charged_twice,1.0,389,113,transaction_charged_twice,jev-latest | 7 labels,
3c0b7414cb1d,transaction_charged_twice,1.0,394,113,transaction_charged_twice,jev-latest | 7 labels,
9b73565cc07b,transaction_charged_twice,1.0,403,113,transaction_charged_twice,jev-latest | 7 labels,
0f8845689682,transaction_charged_twice,1.0,451,113,transaction_charged_twice,jev-latest | 7 labels,
91541ec20cd0,transaction_charged_twice,1.0,442,113,transaction_charged_twice,jev-latest | 7 labels,
1f09664bf76c,transaction_charged_twice,1.0,396,113,transaction_charged_twice,jev-latest | 7 labels,
82021ce9b574,transaction_charged_twice,1.0,387,113,transaction_charged_twice,jev-latest | 7 labels,
4caee5466567,transaction_charged_twice,1.0,391,113,transaction_charged_twice,jev-latest | 7 labels,
04a322769b11,transaction_charged_twice,1.0,386,113,transaction_charged_twice,jev-latest | 7 labels,
9d908c20c8d8,transaction_charged_twice,1.0,390,113,transaction_charged_twice,jev-latest | 7 labels,
3fbf3b20b7e9,transaction_charged_twice,1.0,389,113,transaction_charged_twice,jev-latest | 7 labels,
1a3669654831,transaction_charged_twice,1.0,408,113,transaction_charged_twice,jev-latest | 7 labels,
daa9a995d318,transaction_charged_twice,1.0,392,113,transaction_charged_twice,jev-latest | 7 labels,
bedc8189d0b1,transaction_charged_twice,1.0,391,113,transaction_charged_twice,jev-latest | 7 labels,
2bae027ca4eb,transaction_charged_twice,1.0,434,113,transaction_charged_twice,jev-latest | 7 labels,
a38cfd59aff2,transaction_charged_twice,1.0,410,113,transaction_charged_twice,jev-latest | 7 labels,
a51f81d90f96,transaction_charged_twice,1.0,386,113,transaction_charged_twice,jev-latest | 7 labels,
26239aeedb0a,transaction_charged_twice,1.0,387,113,transaction_charged_twice,jev-latest | 7 labels,
e8ce8ead29ce,transaction_charged_twice,1.0,389,113,transaction_charged_twice,jev-latest | 7 labels,
2835a9960ba7,transaction_charged_twice,1.0,404,113,transaction_charged_twice,jev-latest | 7 labels,
ce74d3ac872a,transaction_charged_twice,1.0,398,113,transaction_charged_twice,jev-latest | 7 labels,
1ad377240bff,transaction_charged_twice,1.0,391,113,transaction_charged_twice,jev-latest | 7 labels,
86bdb0ce3fae,transaction_charged_twice,1.0,390,113,transaction_charged_twice,jev-latest | 7 labels,
9430dd7cecbc,transaction_charged_twice,0.84,392,115,direct_debit_payment_not_recognised,jev-latest | 7 labels,
f1ab3f190389,transaction_charged_twice,1.0,388,113,transaction_charged_twice,jev-latest | 7 labels,
3006b57b9630,transaction_charged_twice,1.0,404,113,transaction_charged_twice,jev-latest | 7 labels,
605a7661f88a,transaction_charged_twice,1.0,445,113,transaction_charged_twice,jev-latest | 7 labels,
8baddbea2229,transaction_charged_twice,1.0,416,113,transaction_charged_twice,jev-latest | 7 labels,
92c55840d29b,transaction_charged_twice,1.0,403,113,transaction_charged_twice,jev-latest | 7 labels,
61d8ddcbf398,transaction_charged_twice,1.0,410,113,transaction_charged_twice,jev-latest | 7 labels,
ee3b0f2af040,transaction_charged_twice,1.0,389,113,transaction_charged_twice,jev-latest | 7 labels,
cb1849b7997f,transaction_charged_twice,1.0,438,113,transaction_charged_twice,jev-latest | 7 labels,
d01fac97501e,transaction_charged_twice,1.0,429,113,transaction_charged_twice,jev-latest | 7 labels,
dc31c189d9dc,transaction_charged_twice,1.0,392,113,transaction_charged_twice,jev-latest | 7 labels,
3bbcce4ad9d1,transaction_charged_twice,1.0,392,113,transaction_charged_twice,jev-latest | 7 labels,
29d1daf91e7f,transaction_charged_twice,1.0,392,113,transaction_charged_twice,jev-latest | 7 labels,
54177c75ba20,transaction_charged_twice,1.0,397,113,transaction_charged_twice,jev-latest | 7 labels,
8cb19751c8a6,transaction_charged_twice,1.0,390,113,transaction_charged_twice,jev-latest | 7 labels,
2b592f0a137b,transaction_charged_twice,1.0,395,113,transaction_charged_twice,jev-latest | 7 labels,
f9618f002874,transaction_charged_twice,1.0,422,113,transaction_charged_twice,jev-latest | 7 labels,
967703c8766b,transaction_charged_twice,1.0,394,113,transaction_charged_twice,jev-latest | 7 labels,
40bec3e990b9,transaction_charged_twice,1.0,392,113,transaction_charged_twice,jev-latest | 7 labels,
23159f4ebead,transaction_charged_twice,1.0,435,113,transaction_charged_twice,jev-latest | 7 labels,
32b7c7fe1d0f,transaction_charged_twice,1.0,396,113,transaction_charged_twice,jev-latest | 7 labels,
d54d529baf10,transaction_charged_twice,1.0,393,113,transaction_charged_twice,jev-latest | 7 labels,
c62ba1aeff68,transaction_charged_twice,1.0,434,113,transaction_charged_twice,jev-latest | 7 labels,
7b5b08e58f6d,transaction_charged_twice,0.99,391,113,transaction_charged_twice,jev-latest | 7 labels,
7681578322df,transaction_charged_twice,1.0,389,113,transaction_charged_twice,jev-latest | 7 labels,
f9988e49f71c,transaction_charged_twice,1.0,390,113,transaction_charged_twice,jev-latest | 7 labels,
d3c5a46adcff,transaction_charged_twice,1.0,388,113,transaction_charged_twice,jev-latest | 7 labels,
8efcb379c9ae,transaction_charged_twice,1.0,387,113,transaction_charged_twice,jev-latest | 7 labels,
b33275476893,transaction_charged_twice,1.0,388,113,transaction_charged_twice,jev-latest | 7 labels,
9b50c9752d66,transaction_charged_twice,1.0,399,113,transaction_charged_twice,jev-latest | 7 labels,
665ddc89a338,transaction_charged_twice,0.98,388,113,transaction_charged_twice,jev-latest | 7 labels,
408f395f922e,transaction_charged_twice,1.0,394,113,transaction_charged_twice,jev-latest | 7 labels,
47ec745328fb,transaction_charged_twice,1.0,389,113,transaction_charged_twice,jev-latest | 7 labels,
be2955af1dba,transaction_charged_twice,1.0,392,113,transaction_charged_twice,jev-latest | 7 labels,
b832d6500dd6,transaction_charged_twice,1.0,391,113,transaction_charged_twice,jev-latest | 7 labels,
5b4b5ae96c9f,transaction_charged_twice,1.0,407,113,transaction_charged_twice,jev-latest | 7 labels,
1dea2370b4ab,transaction_charged_twice,1.0,422,113,transaction_charged_twice,jev-latest | 7 labels,
ef8dffcf7c2d,transaction_charged_twice,1.0,394,113,transaction_charged_twice,jev-latest | 7 labels,
351524f6a69f,transaction_charged_twice,1.0,389,113,transaction_charged_twice,jev-latest | 7 labels,
d588ce306aa8,transaction_charged_twice,1.0,386,113,transaction_charged_twice,jev-latest | 7 labels,
15b8da0203e5,transaction_charged_twice,1.0,394,113,transaction_charged_twice,jev-latest | 7 labels,
8933845e1218,transaction_charged_twice,1.0,395,113,transaction_charged_twice,jev-latest | 7 labels,
45fc13288bfc,transaction_charged_twice,1.0,397,113,transaction_charged_twice,jev-latest | 7 labels,
95fb6437254d,transaction_charged_twice,1.0,406,113,transaction_charged_twice,jev-latest | 7 labels,
1ff2842a1c54,transaction_charged_twice,1.0,385,113,transaction_charged_twice,jev-latest | 7 labels,
71c9171f37ad,transaction_charged_twice,1.0,393,113,transaction_charged_twice,jev-latest | 7 labels,
ae0423cf89f4,transaction_charged_twice,1.0,395,113,transaction_charged_twice,jev-latest | 7 labels,
ffb258440dce,transaction_charged_twice,1.0,390,113,transaction_charged_twice,jev-latest | 7 labels,
bfbd2056099f,transaction_charged_twice,1.0,388,113,transaction_charged_twice,jev-latest | 7 labels,
9a252d1d2d4b,transaction_charged_twice,1.0,409,113,transaction_charged_twice,jev-latest | 7 labels,
f8e7ba2c9e6f,transaction_charged_twice,1.0,394,113,transaction_charged_twice,jev-latest | 7 labels,
566bd226d02b,transaction_charged_twice,1.0,388,113,transaction_charged_twice,jev-latest | 7 labels,
169c316de35f,transaction_charged_twice,1.0,392,113,transaction_charged_twice,jev-latest | 7 labels,
0d7b02a3d252,transaction_charged_twice,1.0,390,113,transaction_charged_twice,jev-latest | 7 labels,
65a838b14016,transaction_charged_twice,1.0,394,113,transaction_charged_twice,jev-latest | 7 labels,
2772bd4fc0ec,transaction_charged_twice,1.0,401,113,transaction_charged_twice,jev-latest | 7 labels,
c0ac46c48688,transaction_charged_twice,1.0,394,113,transaction_charged_twice,jev-latest | 7 labels,
279181aa4f82,transaction_charged_twice,1.0,433,113,transaction_charged_twice,jev-latest | 7 labels,
4368b143bd86,transaction_charged_twice,1.0,393,113,transaction_charged_twice,jev-latest | 7 labels,
b16329e4b413,transaction_charged_twice,1.0,392,113,transaction_charged_twice,jev-latest | 7 labels,
c114d12b362b,transaction_charged_twice,1.0,391,113,transaction_charged_twice,jev-latest | 7 labels,
8d3b3e5ee766,transaction_charged_twice,1.0,388,113,transaction_charged_twice,jev-latest | 7 labels,
38f8da6505c3,transaction_charged_twice,1.0,448,113,transaction_charged_twice,jev-latest | 7 labels,
5a64841ed60e,transaction_charged_twice,1.0,419,113,transaction_charged_twice,jev-latest | 7 labels,
b1600863b0b5,transaction_charged_twice,1.0,389,113,transaction_charged_twice,jev-latest | 7 labels,
3703e00dc787,transaction_charged_twice,1.0,395,113,transaction_charged_twice,jev-latest | 7 labels,
f769f31da0fc,transaction_charged_twice,1.0,456,113,transaction_charged_twice,jev-latest | 7 labels,
1753b9355483,transaction_charged_twice,1.0,390,113,transaction_charged_twice,jev-latest | 7 labels,
79816516e46d,transaction_charged_twice,1.0,390,113,transaction_charged_twice,jev-latest | 7 labels,
7617bea3ab5e,transaction_charged_twice,1.0,394,113,transaction_charged_twice,jev-latest | 7 labels,
11ad08d961b0,transaction_charged_twice,1.0,394,113,transaction_charged_twice,jev-latest | 7 labels,
1b6f8a789aca,transaction_charged_twice,1.0,396,113,transaction_charged_twice,jev-latest | 7 labels,
217149c14508,transaction_charged_twice,1.0,392,113,transaction_charged_twice,jev-latest | 7 labels,
2f4709ee90c5,transaction_charged_twice,1.0,397,113,transaction_charged_twice,jev-latest | 7 labels,
25ee8144ff7e,transaction_charged_twice,1.0,417,113,transaction_charged_twice,jev-latest | 7 labels,
d397aa8695c7,transaction_charged_twice,1.0,391,113,transaction_charged_twice,jev-latest | 7 labels,
da09f14ccb3d,transaction_charged_twice,1.0,385,113,transaction_charged_twice,jev-latest | 7 labels,
f23d7a42ffb2,transaction_charged_twice,1.0,397,113,transaction_charged_twice,jev-latest | 7 labels,
3c44e6ce7311,transaction_charged_twice,1.0,391,113,transaction_charged_twice,jev-latest | 7 labels,
09b3a2054c04,transaction_charged_twice,1.0,391,113,transaction_charged_twice,jev-latest | 7 labels,
ef1c9a9e5c49,transaction_charged_twice,1.0,406,113,transaction_charged_twice,jev-latest | 7 labels,
feaa06c5d908,transaction_charged_twice,1.0,397,113,transaction_charged_twice,jev-latest | 7 labels,
f1ca7ba17522,transaction_charged_twice,0.4,393,113,transaction_charged_twice,jev-latest | 7 labels,
b76d667871e3,transaction_charged_twice,1.0,390,113,transaction_charged_twice,jev-latest | 7 labels,
6de803e82146,transaction_charged_twice,1.0,442,113,transaction_charged_twice,jev-latest | 7 labels,
a95b373908be,transaction_charged_twice,1.0,393,113,transaction_charged_twice,jev-latest | 7 labels,
9fb186df4a30,transaction_charged_twice,1.0,399,113,transaction_charged_twice,jev-latest | 7 labels,
3b51e037e9c8,transaction_charged_twice,1.0,389,113,transaction_charged_twice,jev-latest | 7 labels,
5e13ccc9d24e,transaction_charged_twice,1.0,389,113,transaction_charged_twice,jev-latest | 7 labels,
3b2bf406dbde,transaction_charged_twice,1.0,393,113,transaction_charged_twice,jev-latest | 7 labels,
76d2ce1bcac7,transaction_charged_twice,1.0,392,113,transaction_charged_twice,jev-latest | 7 labels,
6ca9ad4e7570,transaction_charged_twice,1.0,423,113,transaction_charged_twice,jev-latest | 7 labels,
77d0a3857946,transaction_charged_twice,1.0,393,113,transaction_charged_twice,jev-latest | 7 labels,
aea34c484547,transaction_charged_twice,0.67,390,113,transaction_charged_twice,jev-latest | 7 labels,
93884c202278,transaction_charged_twice,1.0,389,113,transaction_charged_twice,jev-latest | 7 labels,
d87138dd9852,transaction_charged_twice,1.0,391,113,transaction_charged_twice,jev-latest | 7 labels,
5652f218b2fd,transaction_charged_twice,1.0,388,113,transaction_charged_twice,jev-latest | 7 labels,
0ce578b31f24,transaction_charged_twice,1.0,390,113,transaction_charged_twice,jev-latest | 7 labels,
15d01183f8af,transaction_charged_twice,1.0,416,113,transaction_charged_twice,jev-latest | 7 labels,
1aae462a9347,transaction_charged_twice,1.0,392,113,transaction_charged_twice,jev-latest | 7 labels,
310a1886b8fb,transaction_charged_twice,1.0,387,113,transaction_charged_twice,jev-latest | 7 labels,
9dd93c1eb5e5,transaction_charged_twice,1.0,390,113,transaction_charged_twice,jev-latest | 7 labels,
003c8a63d5f0,transaction_charged_twice,0.98,387,113,transaction_charged_twice,jev-latest | 7 labels,
6a1d3780cf31,transaction_charged_twice,1.0,390,113,transaction_charged_twice,jev-latest | 7 labels,
24f5655fff9a,transaction_charged_twice,1.0,390,113,transaction_charged_twice,jev-latest | 7 labels,
e819c0499bd5,transaction_charged_twice,1.0,411,113,transaction_charged_twice,jev-latest | 7 labels,
42fbe20582a5,transaction_charged_twice,1.0,402,113,transaction_charged_twice,jev-latest | 7 labels,
c64a2d465bd9,wrong_amount_of_cash_received,0.94,397,112,wrong_amount_of_cash_received,jev-latest | 7 labels,
987656312a55,wrong_amount_of_cash_received,1.0,394,112,wrong_amount_of_cash_received,jev-latest | 7 labels,
2f9cda63ffc0,wrong_amount_of_cash_received,1.0,408,112,wrong_amount_of_cash_received,jev-latest | 7 labels,
8f82c22df9c0,wrong_amount_of_cash_received,0.62,392,114,declined_cash_withdrawal,jev-latest | 7 labels,
331281f6e45a,wrong_amount_of_cash_received,1.0,407,112,wrong_amount_of_cash_received,jev-latest | 7 labels,
451038750fbc,wrong_amount_of_cash_received,1.0,394,112,wrong_amount_of_cash_received,jev-latest | 7 labels,
7e58331d19ad,wrong_amount_of_cash_received,1.0,395,112,wrong_amount_of_cash_received,jev-latest | 7 labels,
585c2d9724df,wrong_amount_of_cash_received,0.93,405,112,wrong_amount_of_cash_received,jev-latest | 7 labels,
901d688a2523,wrong_amount_of_cash_received,1.0,395,112,wrong_amount_of_cash_received,jev-latest | 7 labels,
a90a8c3930c2,wrong_amount_of_cash_received,1.0,411,112,wrong_amount_of_cash_received,jev-latest | 7 labels,
bc0d91385b10,wrong_amount_of_cash_received,1.0,394,112,wrong_amount_of_cash_received,jev-latest | 7 labels,
beefc952a84a,wrong_amount_of_cash_received,1.0,393,112,wrong_amount_of_cash_received,jev-latest | 7 labels,
36cb1285d041,wrong_amount_of_cash_received,1.0,389,112,wrong_amount_of_cash_received,jev-latest | 7 labels,
58fe4f6d9804,wrong_amount_of_cash_received,1.0,387,114,declined_cash_withdrawal,jev-latest | 7 labels,
d9be846b0fe8,wrong_amount_of_cash_received,1.0,387,112,wrong_amount_of_cash_received,jev-latest | 7 labels,
4a18bd21f043,wrong_amount_of_cash_received,1.0,391,112,wrong_amount_of_cash_received,jev-latest | 7 labels,
5ecca15eee9d,wrong_amount_of_cash_received,1.0,392,112,wrong_amount_of_cash_received,jev-latest | 7 labels,
e78b25fe5576,wrong_amount_of_cash_received,1.0,403,112,wrong_amount_of_cash_received,jev-latest | 7 labels,
a00cd1151c5e,wrong_amount_of_cash_received,1.0,394,112,wrong_amount_of_cash_received,jev-latest | 7 labels,
2fffbf526ee6,wrong_amount_of_cash_received,1.0,408,112,wrong_amount_of_cash_received,jev-latest | 7 labels,
fdd70ee51bee,wrong_amount_of_cash_received,1.0,398,112,wrong_amount_of_cash_received,jev-latest | 7 labels,
8fb809cef766,wrong_amount_of_cash_received,0.7,389,114,declined_cash_withdrawal,jev-latest | 7 labels,
bcf8d57bd6a5,wrong_amount_of_cash_received,0.61,390,114,declined_cash_withdrawal,jev-latest | 7 labels,
4efc3d6c1f4d,wrong_amount_of_cash_received,1.0,392,112,wrong_amount_of_cash_received,jev-latest | 7 labels,
df88f64a362c,wrong_amount_of_cash_received,1.0,393,112,wrong_amount_of_cash_received,jev-latest | 7 labels,
822e4fe31cb1,wrong_amount_of_cash_received,1.0,388,112,wrong_amount_of_cash_received,jev-latest | 7 labels,
611c094e92ce,wrong_amount_of_cash_received,1.0,390,112,wrong_amount_of_cash_received,jev-latest | 7 labels,
96f7a5176867,wrong_amount_of_cash_received,1.0,394,112,wrong_amount_of_cash_received,jev-latest | 7 labels,
32aa8559ca8a,wrong_amount_of_cash_received,1.0,415,112,wrong_amount_of_cash_received,jev-latest | 7 labels,
047f5234db0e,wrong_amount_of_cash_received,0.97,386,112,wrong_amount_of_cash_received,jev-latest | 7 labels,
4478ea567bd9,wrong_amount_of_cash_received,1.0,393,112,wrong_amount_of_cash_received,jev-latest | 7 labels,
8d2b6965a9df,wrong_amount_of_cash_received,1.0,409,112,wrong_amount_of_cash_received,jev-latest | 7 labels,
45de71f0272e,wrong_amount_of_cash_received,1.0,405,112,wrong_amount_of_cash_received,jev-latest | 7 labels,
137b66fd6ea4,wrong_amount_of_cash_received,0.8,385,114,declined_cash_withdrawal,jev-latest | 7 labels,
83abcd49808b,wrong_amount_of_cash_received,1.0,390,112,wrong_amount_of_cash_received,jev-latest | 7 labels,
0ef18cff1ce4,wrong_amount_of_cash_received,1.0,399,112,wrong_amount_of_cash_received,jev-latest | 7 labels,
0a852f83b379,wrong_amount_of_cash_received,0.45,399,112,wrong_amount_of_cash_received,jev-latest | 7 labels,
7267d4aa26b9,wrong_amount_of_cash_received,0.53,389,118,balance_not_updated_after_cheque_or_cash_deposit,jev-latest | 7 labels,
edfeb0bdfb19,wrong_amount_of_cash_received,1.0,418,112,wrong_amount_of_cash_received,jev-latest | 7 labels,
07b993baf5fc,wrong_amount_of_cash_received,0.93,395,112,wrong_amount_of_cash_received,jev-latest | 7 labels,
36cf5420c0fc,wrong_amount_of_cash_received,1.0,396,112,wrong_amount_of_cash_received,jev-latest | 7 labels,
4e0c75392563,wrong_amount_of_cash_received,1.0,398,112,wrong_amount_of_cash_received,jev-latest | 7 labels,
e9593a600005,wrong_amount_of_cash_received,0.48,396,112,wrong_amount_of_cash_received,jev-latest | 7 labels,
6896baca7b92,wrong_amount_of_cash_received,1.0,391,112,wrong_amount_of_cash_received,jev-latest | 7 labels,
fabbb33b2c27,wrong_amount_of_cash_received,1.0,393,112,wrong_amount_of_cash_received,jev-latest | 7 labels,
1ad5e13b6641,wrong_amount_of_cash_received,1.0,403,112,wrong_amount_of_cash_received,jev-latest | 7 labels,
99f7a7e66206,wrong_amount_of_cash_received,1.0,431,112,wrong_amount_of_cash_received,jev-latest | 7 labels,
cacd98bac87a,wrong_amount_of_cash_received,1.0,398,112,wrong_amount_of_cash_received,jev-latest | 7 labels,
19bb55a2cd9c,wrong_amount_of_cash_received,1.0,391,112,wrong_amount_of_cash_received,jev-latest | 7 labels,
ce0dc7907003,wrong_amount_of_cash_received,1.0,391,112,wrong_amount_of_cash_received,jev-latest | 7 labels,
0ab6f8de51d6,wrong_amount_of_cash_received,1.0,397,112,wrong_amount_of_cash_received,jev-latest | 7 labels,
e11976dcb653,wrong_amount_of_cash_received,1.0,402,112,wrong_amount_of_cash_received,jev-latest | 7 labels,
c4eddbd814a0,wrong_amount_of_cash_received,0.99,396,112,wrong_amount_of_cash_received,jev-latest | 7 labels,
cdae523d1359,wrong_amount_of_cash_received,1.0,399,112,wrong_amount_of_cash_received,jev-latest | 7 labels,
72ba574b41d6,wrong_amount_of_cash_received,1.0,418,112,wrong_amount_of_cash_received,jev-latest | 7 labels,
22ddf3b81901,wrong_amount_of_cash_received,1.0,418,112,wrong_amount_of_cash_received,jev-latest | 7 labels,
b38a242fc969,wrong_amount_of_cash_received,1.0,394,112,wrong_amount_of_cash_received,jev-latest | 7 labels,
ddf118136d7b,wrong_amount_of_cash_received,1.0,426,112,wrong_amount_of_cash_received,jev-latest | 7 labels,
6c4655a7c29d,wrong_amount_of_cash_received,1.0,396,112,wrong_amount_of_cash_received,jev-latest | 7 labels,
85b674865f8f,wrong_amount_of_cash_received,1.0,396,112,wrong_amount_of_cash_received,jev-latest | 7 labels,
920ab57388eb,wrong_amount_of_cash_received,1.0,393,112,wrong_amount_of_cash_received,jev-latest | 7 labels,
947f5e98b3b7,wrong_amount_of_cash_received,1.0,430,112,wrong_amount_of_cash_received,jev-latest | 7 labels,
d97458d81f40,wrong_amount_of_cash_received,1.0,439,112,wrong_amount_of_cash_received,jev-latest | 7 labels,
6cdd52c310d0,wrong_amount_of_cash_received,0.71,391,118,balance_not_updated_after_cheque_or_cash_deposit,jev-latest | 7 labels,
7f7ac8d33fb7,wrong_amount_of_cash_received,1.0,395,112,wrong_amount_of_cash_received,jev-latest | 7 labels,
effac420a501,wrong_amount_of_cash_received,1.0,395,112,wrong_amount_of_cash_received,jev-latest | 7 labels,
17e71508f13e,wrong_amount_of_cash_received,1.0,395,112,wrong_amount_of_cash_received,jev-latest | 7 labels,
e987a63d9110,wrong_amount_of_cash_received,1.0,413,112,wrong_amount_of_cash_received,jev-latest | 7 labels,
636d76173536,wrong_amount_of_cash_received,1.0,396,112,wrong_amount_of_cash_received,jev-latest | 7 labels,
d72396a3b8a5,wrong_amount_of_cash_received,0.91,389,114,declined_cash_withdrawal,jev-latest | 7 labels,
2d02dfc4a1c1,wrong_amount_of_cash_received,1.0,394,112,wrong_amount_of_cash_received,jev-latest | 7 labels,
641b73f92424,wrong_amount_of_cash_received,1.0,389,112,wrong_amount_of_cash_received,jev-latest | 7 labels,
5339f9577723,wrong_amount_of_cash_received,1.0,394,112,wrong_amount_of_cash_received,jev-latest | 7 labels,
79371e175396,wrong_amount_of_cash_received,1.0,389,112,wrong_amount_of_cash_received,jev-latest | 7 labels,
51ad326e37c3,wrong_amount_of_cash_received,1.0,393,112,wrong_amount_of_cash_received,jev-latest | 7 labels,
7868fb832740,wrong_amount_of_cash_received,0.99,402,112,wrong_amount_of_cash_received,jev-latest | 7 labels,
5d0b1ab69f54,wrong_amount_of_cash_received,1.0,392,112,wrong_amount_of_cash_received,jev-latest | 7 labels,
e4aa102f7248,wrong_amount_of_cash_received,1.0,392,112,wrong_amount_of_cash_received,jev-latest | 7 labels,
bbf4dbf243a7,wrong_amount_of_cash_received,0.91,399,112,wrong_amount_of_cash_received,jev-latest | 7 labels,
6551bc84a4e3,wrong_amount_of_cash_received,1.0,428,112,wrong_amount_of_cash_received,jev-latest | 7 labels,
6f50f86db7bf,wrong_amount_of_cash_received,1.0,394,112,wrong_amount_of_cash_received,jev-latest | 7 labels,
8edc5d7cfc17,wrong_amount_of_cash_received,1.0,405,112,wrong_amount_of_cash_received,jev-latest | 7 labels,
9b7b1958cb5b,wrong_amount_of_cash_received,1.0,396,112,wrong_amount_of_cash_received,jev-latest | 7 labels,
fd1b68b32987,wrong_amount_of_cash_received,1.0,388,112,wrong_amount_of_cash_received,jev-latest | 7 labels,
dfe5fe2ab0fa,wrong_amount_of_cash_received,1.0,391,112,wrong_amount_of_cash_received,jev-latest | 7 labels,
a44ab0a44236,wrong_amount_of_cash_received,1.0,402,112,wrong_amount_of_cash_received,jev-latest | 7 labels,
e16046eb58b8,wrong_amount_of_cash_received,1.0,393,112,wrong_amount_of_cash_received,jev-latest | 7 labels,
f9cb03e0fc92,wrong_amount_of_cash_received,1.0,399,112,wrong_amount_of_cash_received,jev-latest | 7 labels,
9b9391b3c63d,wrong_amount_of_cash_received,1.0,393,114,declined_cash_withdrawal,jev-latest | 7 labels,
590ca01bb55f,wrong_amount_of_cash_received,1.0,394,112,wrong_amount_of_cash_received,jev-latest | 7 labels,
9d4d0424a014,wrong_amount_of_cash_received,1.0,390,112,wrong_amount_of_cash_received,jev-latest | 7 labels,
3528bdb33b8a,wrong_amount_of_cash_received,1.0,389,112,wrong_amount_of_cash_received,jev-latest | 7 labels,
b9d8fb2b084f,wrong_amount_of_cash_received,1.0,392,112,wrong_amount_of_cash_received,jev-latest | 7 labels,
da6eec5e7eb7,wrong_amount_of_cash_received,1.0,419,112,wrong_amount_of_cash_received,jev-latest | 7 labels,
d7057972298e,wrong_amount_of_cash_received,0.88,388,114,declined_cash_withdrawal,jev-latest | 7 labels,
f3aa2635a9df,wrong_amount_of_cash_received,0.99,392,112,wrong_amount_of_cash_received,jev-latest | 7 labels,
c17dd429d206,wrong_amount_of_cash_received,1.0,395,112,wrong_amount_of_cash_received,jev-latest | 7 labels,
a8c46db5cf56,wrong_amount_of_cash_received,0.9,401,112,wrong_amount_of_cash_received,jev-latest | 7 labels,
be5bd7c7ed55,wrong_amount_of_cash_received,1.0,391,112,wrong_amount_of_cash_received,jev-latest | 7 labels,
0edd39af21fe,wrong_amount_of_cash_received,1.0,392,112,wrong_amount_of_cash_received,jev-latest | 7 labels,
985b84b1c431,wrong_amount_of_cash_received,1.0,439,112,wrong_amount_of_cash_received,jev-latest | 7 labels,
66738f3a8f4f,wrong_amount_of_cash_received,1.0,427,112,wrong_amount_of_cash_received,jev-latest | 7 labels,
219e5d6e1b23,wrong_amount_of_cash_received,0.99,404,112,wrong_amount_of_cash_received,jev-latest | 7 labels,
0bb0f42103a7,wrong_amount_of_cash_received,1.0,399,112,wrong_amount_of_cash_received,jev-latest | 7 labels,
00a4e5b73a0b,wrong_amount_of_cash_received,1.0,391,112,wrong_amount_of_cash_received,jev-latest | 7 labels,
a4681c5f79f8,wrong_amount_of_cash_received,1.0,401,112,wrong_amount_of_cash_received,jev-latest | 7 labels,
2ac8ae1d0b15,wrong_amount_of_cash_received,0.98,404,112,wrong_amount_of_cash_received,jev-latest | 7 labels,
00e58c5bf526,wrong_amount_of_cash_received,1.0,424,112,wrong_amount_of_cash_received,jev-latest | 7 labels,
f12e1d220925,wrong_amount_of_cash_received,1.0,390,112,wrong_amount_of_cash_received,jev-latest | 7 labels,
094704873dbc,wrong_amount_of_cash_received,0.99,404,112,wrong_amount_of_cash_received,jev-latest | 7 labels,
0be8597ee257,wrong_amount_of_cash_received,0.97,394,112,wrong_amount_of_cash_received,jev-latest | 7 labels,
6f38093e656f,wrong_amount_of_cash_received,1.0,392,112,wrong_amount_of_cash_received,jev-latest | 7 labels,
452d86303e75,wrong_amount_of_cash_received,1.0,390,112,wrong_amount_of_cash_received,jev-latest | 7 labels,
a636a648a7d7,wrong_amount_of_cash_received,1.0,396,112,wrong_amount_of_cash_received,jev-latest | 7 labels,
5f915a8ff595,wrong_amount_of_cash_received,1.0,398,112,wrong_amount_of_cash_received,jev-latest | 7 labels,
dba2c6481283,wrong_amount_of_cash_received,0.98,393,112,wrong_amount_of_cash_received,jev-latest | 7 labels,
44942d5baaed,wrong_amount_of_cash_received,1.0,394,112,wrong_amount_of_cash_received,jev-latest | 7 labels,
a2dc64c1f11e,wrong_amount_of_cash_received,1.0,393,112,wrong_amount_of_cash_received,jev-latest | 7 labels,
6d39a47030a1,wrong_amount_of_cash_received,0.99,387,112,wrong_amount_of_cash_received,jev-latest | 7 labels,
0c32116ee667,wrong_amount_of_cash_received,1.0,391,112,wrong_amount_of_cash_received,jev-latest | 7 labels,
b5af041d1faa,wrong_amount_of_cash_received,1.0,406,112,wrong_amount_of_cash_received,jev-latest | 7 labels,
175625fb86e1,wrong_amount_of_cash_received,1.0,398,112,wrong_amount_of_cash_received,jev-latest | 7 labels,
ffb0c7c6f4f1,wrong_amount_of_cash_received,1.0,388,112,wrong_amount_of_cash_received,jev-latest | 7 labels,
4552cd92cf6e,wrong_amount_of_cash_received,1.0,390,112,wrong_amount_of_cash_received,jev-latest | 7 labels,
cf69b16c1563,wrong_amount_of_cash_received,1.0,399,112,wrong_amount_of_cash_received,jev-latest | 7 labels,
85a124547b94,wrong_amount_of_cash_received,1.0,394,112,wrong_amount_of_cash_received,jev-latest | 7 labels,
12e3b9ca3c1c,wrong_amount_of_cash_received,1.0,395,112,wrong_amount_of_cash_received,jev-latest | 7 labels,
3f8328c6491b,wrong_amount_of_cash_received,1.0,395,112,wrong_amount_of_cash_received,jev-latest | 7 labels,
96d60841b9fa,wrong_amount_of_cash_received,0.99,404,112,wrong_amount_of_cash_received,jev-latest | 7 labels,
f19ea4a82826,wrong_amount_of_cash_received,1.0,414,112,wrong_amount_of_cash_received,jev-latest | 7 labels,
b0ecafe33b1c,wrong_amount_of_cash_received,0.86,418,112,wrong_amount_of_cash_received,jev-latest | 7 labels,
23cf8eab664f,wrong_amount_of_cash_received,0.71,388,112,wrong_amount_of_cash_received,jev-latest | 7 labels,
b5de7cdc0ebd,wrong_amount_of_cash_received,1.0,395,112,wrong_amount_of_cash_received,jev-latest | 7 labels,
40c62c53b27f,wrong_amount_of_cash_received,1.0,406,112,wrong_amount_of_cash_received,jev-latest | 7 labels,
4574c84bfee7,wrong_amount_of_cash_received,1.0,400,112,wrong_amount_of_cash_received,jev-latest | 7 labels,
c752bc1d8c76,wrong_amount_of_cash_received,1.0,415,112,wrong_amount_of_cash_received,jev-latest | 7 labels,
dd70ba431f7d,wrong_amount_of_cash_received,0.99,404,112,wrong_amount_of_cash_received,jev-latest | 7 labels,
c06b9a804f97,wrong_amount_of_cash_received,1.0,393,112,wrong_amount_of_cash_received,jev-latest | 7 labels,
cb2a622bdcbf,wrong_amount_of_cash_received,0.88,406,112,wrong_amount_of_cash_received,jev-latest | 7 labels,
8b711d8aaaab,wrong_amount_of_cash_received,1.0,396,112,wrong_amount_of_cash_received,jev-latest | 7 labels,
b01d23ff8e36,wrong_amount_of_cash_received,0.98,394,112,wrong_amount_of_cash_received,jev-latest | 7 labels,
327423ead4e4,wrong_amount_of_cash_received,1.0,430,112,wrong_amount_of_cash_received,jev-latest | 7 labels,
256fea75bb5d,wrong_amount_of_cash_received,0.6,435,112,wrong_amount_of_cash_received,jev-latest | 7 labels,
95be65c8effd,balance_not_updated_after_cheque_or_cash_deposit,,131,20,balance_not_updated_after_cheque_or_cash_deposit,gpt-5.6-luna | 7 labels,
67450afabf21,balance_not_updated_after_cheque_or_cash_deposit,,142,20,balance_not_updated_after_cheque_or_cash_deposit,gpt-5.6-luna | 7 labels,
fed9b568ae52,balance_not_updated_after_cheque_or_cash_deposit,,125,20,balance_not_updated_after_cheque_or_cash_deposit,gpt-5.6-luna | 7 labels,
e4b57397a236,balance_not_updated_after_cheque_or_cash_deposit,,128,46,balance_not_updated_after_cheque_or_cash_deposit,gpt-5.6-luna | 7 labels,
bd77634c8269,balance_not_updated_after_cheque_or_cash_deposit,,128,20,balance_not_updated_after_cheque_or_cash_deposit,gpt-5.6-luna | 7 labels,
c855eeb9c8ff,balance_not_updated_after_cheque_or_cash_deposit,,137,57,balance_not_updated_after_cheque_or_cash_deposit,gpt-5.6-luna | 7 labels,
c954629d0423,balance_not_updated_after_cheque_or_cash_deposit,,131,46,balance_not_updated_after_cheque_or_cash_deposit,gpt-5.6-luna | 7 labels,
aef1a86db550,balance_not_updated_after_cheque_or_cash_deposit,,133,47,balance_not_updated_after_cheque_or_cash_deposit,gpt-5.6-luna | 7 labels,
6f1e9c419377,balance_not_updated_after_cheque_or_cash_deposit,,136,20,balance_not_updated_after_cheque_or_cash_deposit,gpt-5.6-luna | 7 labels,
a5b9850912e7,balance_not_updated_after_cheque_or_cash_deposit,,137,48,balance_not_updated_after_cheque_or_cash_deposit,gpt-5.6-luna | 7 labels,
418382fb0b17,balance_not_updated_after_cheque_or_cash_deposit,,133,20,balance_not_updated_after_cheque_or_cash_deposit,gpt-5.6-luna | 7 labels,
9ea091f8fddb,balance_not_updated_after_cheque_or_cash_deposit,,123,48,balance_not_updated_after_cheque_or_cash_deposit,gpt-5.6-luna | 7 labels,
39dd2750a515,balance_not_updated_after_cheque_or_cash_deposit,,127,20,balance_not_updated_after_cheque_or_cash_deposit,gpt-5.6-luna | 7 labels,
77ead8e49b39,balance_not_updated_after_cheque_or_cash_deposit,,136,49,balance_not_updated_after_cheque_or_cash_deposit,gpt-5.6-luna | 7 labels,
f5e6a45159a0,balance_not_updated_after_cheque_or_cash_deposit,,133,20,balance_not_updated_after_cheque_or_cash_deposit,gpt-5.6-luna | 7 labels,
f5326572c7fb,balance_not_updated_after_cheque_or_cash_deposit,,129,20,balance_not_updated_after_cheque_or_cash_deposit,gpt-5.6-luna | 7 labels,
dfe54a7795f9,balance_not_updated_after_cheque_or_cash_deposit,,138,53,balance_not_updated_after_cheque_or_cash_deposit,gpt-5.6-luna | 7 labels,
5a156e22dca0,balance_not_updated_after_cheque_or_cash_deposit,,139,63,balance_not_updated_after_cheque_or_cash_deposit,gpt-5.6-luna | 7 labels,
e69ff0d2d89b,balance_not_updated_after_cheque_or_cash_deposit,,130,52,balance_not_updated_after_cheque_or_cash_deposit,gpt-5.6-luna | 7 labels,
fa38c3c9922e,balance_not_updated_after_cheque_or_cash_deposit,,128,20,balance_not_updated_after_cheque_or_cash_deposit,gpt-5.6-luna | 7 labels,
c1dc9c3d2f71,balance_not_updated_after_cheque_or_cash_deposit,,123,58,balance_not_updated_after_cheque_or_cash_deposit,gpt-5.6-luna | 7 labels,
e0ef032b24dd,balance_not_updated_after_cheque_or_cash_deposit,,131,20,balance_not_updated_after_cheque_or_cash_deposit,gpt-5.6-luna | 7 labels,
c80e960f9e6a,balance_not_updated_after_cheque_or_cash_deposit,,131,20,balance_not_updated_after_cheque_or_cash_deposit,gpt-5.6-luna | 7 labels,
251ebd12f09d,balance_not_updated_after_cheque_or_cash_deposit,,127,20,balance_not_updated_after_cheque_or_cash_deposit,gpt-5.6-luna | 7 labels,
002090f3d34e,balance_not_updated_after_cheque_or_cash_deposit,,130,20,balance_not_updated_after_cheque_or_cash_deposit,gpt-5.6-luna | 7 labels,
4584ee3536fc,balance_not_updated_after_cheque_or_cash_deposit,,121,51,balance_not_updated_after_cheque_or_cash_deposit,gpt-5.6-luna | 7 labels,
df6484a787da,balance_not_updated_after_cheque_or_cash_deposit,,130,20,balance_not_updated_after_cheque_or_cash_deposit,gpt-5.6-luna | 7 labels,
e1316813d938,balance_not_updated_after_cheque_or_cash_deposit,,133,20,balance_not_updated_after_cheque_or_cash_deposit,gpt-5.6-luna | 7 labels,
22a30739c509,balance_not_updated_after_cheque_or_cash_deposit,,125,20,balance_not_updated_after_cheque_or_cash_deposit,gpt-5.6-luna | 7 labels,
52a6c1f8650c,balance_not_updated_after_cheque_or_cash_deposit,,122,45,balance_not_updated_after_cheque_or_cash_deposit,gpt-5.6-luna | 7 labels,
cb129bbcb34e,balance_not_updated_after_cheque_or_cash_deposit,,127,20,balance_not_updated_after_cheque_or_cash_deposit,gpt-5.6-luna | 7 labels,
17096ec0f07a,balance_not_updated_after_cheque_or_cash_deposit,,142,20,balance_not_updated_after_cheque_or_cash_deposit,gpt-5.6-luna | 7 labels,
d210e8b47074,balance_not_updated_after_cheque_or_cash_deposit,,135,20,balance_not_updated_after_cheque_or_cash_deposit,gpt-5.6-luna | 7 labels,
4f2616e2616d,balance_not_updated_after_cheque_or_cash_deposit,,130,20,balance_not_updated_after_cheque_or_cash_deposit,gpt-5.6-luna | 7 labels,
eecba28975eb,balance_not_updated_after_cheque_or_cash_deposit,,130,20,balance_not_updated_after_cheque_or_cash_deposit,gpt-5.6-luna | 7 labels,
3e0fe7ecaf8d,balance_not_updated_after_cheque_or_cash_deposit,,129,20,balance_not_updated_after_cheque_or_cash_deposit,gpt-5.6-luna | 7 labels,
14c97e22aeea,balance_not_updated_after_cheque_or_cash_deposit,,126,20,balance_not_updated_after_cheque_or_cash_deposit,gpt-5.6-luna | 7 labels,
d4fb63f440ff,balance_not_updated_after_cheque_or_cash_deposit,,129,43,balance_not_updated_after_cheque_or_cash_deposit,gpt-5.6-luna | 7 labels,
9a9af8d91e86,balance_not_updated_after_cheque_or_cash_deposit,,128,20,balance_not_updated_after_cheque_or_cash_deposit,gpt-5.6-luna | 7 labels,
8fdf6ebba0c5,balance_not_updated_after_cheque_or_cash_deposit,,122,48,balance_not_updated_after_cheque_or_cash_deposit,gpt-5.6-luna | 7 labels,
47cd85ef7b7e,balance_not_updated_after_cheque_or_cash_deposit,,152,20,balance_not_updated_after_cheque_or_cash_deposit,gpt-5.6-luna | 7 labels,
ece79bf2c2b2,balance_not_updated_after_cheque_or_cash_deposit,,128,46,balance_not_updated_after_cheque_or_cash_deposit,gpt-5.6-luna | 7 labels,
82cd01deb6a3,balance_not_updated_after_cheque_or_cash_deposit,,126,20,balance_not_updated_after_cheque_or_cash_deposit,gpt-5.6-luna | 7 labels,
26fe6473dada,balance_not_updated_after_cheque_or_cash_deposit,,134,20,balance_not_updated_after_cheque_or_cash_deposit,gpt-5.6-luna | 7 labels,
55e80032c2b0,balance_not_updated_after_cheque_or_cash_deposit,,125,20,balance_not_updated_after_cheque_or_cash_deposit,gpt-5.6-luna | 7 labels,
952740e1e707,balance_not_updated_after_cheque_or_cash_deposit,,126,20,balance_not_updated_after_cheque_or_cash_deposit,gpt-5.6-luna | 7 labels,
7d26f507a249,balance_not_updated_after_cheque_or_cash_deposit,,140,20,balance_not_updated_after_cheque_or_cash_deposit,gpt-5.6-luna | 7 labels,
4368c0b86354,balance_not_updated_after_cheque_or_cash_deposit,,132,50,balance_not_updated_after_cheque_or_cash_deposit,gpt-5.6-luna | 7 labels,
8f22a794c2c4,balance_not_updated_after_cheque_or_cash_deposit,,132,57,balance_not_updated_after_cheque_or_cash_deposit,gpt-5.6-luna | 7 labels,
85105f7f693e,balance_not_updated_after_cheque_or_cash_deposit,,128,20,balance_not_updated_after_cheque_or_cash_deposit,gpt-5.6-luna | 7 labels,
65e51ce17e55,balance_not_updated_after_cheque_or_cash_deposit,,156,20,balance_not_updated_after_cheque_or_cash_deposit,gpt-5.6-luna | 7 labels,
301df4b21b46,balance_not_updated_after_cheque_or_cash_deposit,,127,20,balance_not_updated_after_cheque_or_cash_deposit,gpt-5.6-luna | 7 labels,
b3844f008d61,balance_not_updated_after_cheque_or_cash_deposit,,123,62,balance_not_updated_after_cheque_or_cash_deposit,gpt-5.6-luna | 7 labels,
9f6c1cb940f4,balance_not_updated_after_cheque_or_cash_deposit,,140,20,balance_not_updated_after_cheque_or_cash_deposit,gpt-5.6-luna | 7 labels,
5acc6434f067,balance_not_updated_after_cheque_or_cash_deposit,,129,20,balance_not_updated_after_cheque_or_cash_deposit,gpt-5.6-luna | 7 labels,
af6fb65fea38,balance_not_updated_after_cheque_or_cash_deposit,,146,20,balance_not_updated_after_cheque_or_cash_deposit,gpt-5.6-luna | 7 labels,
d124d3ef2071,balance_not_updated_after_cheque_or_cash_deposit,,129,20,balance_not_updated_after_cheque_or_cash_deposit,gpt-5.6-luna | 7 labels,
cb0efdeb51a4,balance_not_updated_after_cheque_or_cash_deposit,,127,20,balance_not_updated_after_cheque_or_cash_deposit,gpt-5.6-luna | 7 labels,
399d4960f50e,balance_not_updated_after_cheque_or_cash_deposit,,128,20,balance_not_updated_after_cheque_or_cash_deposit,gpt-5.6-luna | 7 labels,
49bac980ba6e,balance_not_updated_after_cheque_or_cash_deposit,,125,20,balance_not_updated_after_cheque_or_cash_deposit,gpt-5.6-luna | 7 labels,
49a8d0ae183b,balance_not_updated_after_cheque_or_cash_deposit,,128,20,balance_not_updated_after_cheque_or_cash_deposit,gpt-5.6-luna | 7 labels,
28147bb831de,balance_not_updated_after_cheque_or_cash_deposit,,124,46,balance_not_updated_after_cheque_or_cash_deposit,gpt-5.6-luna | 7 labels,
65a122f8d9b0,balance_not_updated_after_cheque_or_cash_deposit,,132,20,balance_not_updated_after_cheque_or_cash_deposit,gpt-5.6-luna | 7 labels,
b782a8ea70f9,balance_not_updated_after_cheque_or_cash_deposit,,131,20,balance_not_updated_after_cheque_or_cash_deposit,gpt-5.6-luna | 7 labels,
db0947fae072,balance_not_updated_after_cheque_or_cash_deposit,,129,20,balance_not_updated_after_cheque_or_cash_deposit,gpt-5.6-luna | 7 labels,
3930dd20c654,balance_not_updated_after_cheque_or_cash_deposit,,130,20,balance_not_updated_after_cheque_or_cash_deposit,gpt-5.6-luna | 7 labels,
a0d30db8850d,balance_not_updated_after_cheque_or_cash_deposit,,129,20,balance_not_updated_after_cheque_or_cash_deposit,gpt-5.6-luna | 7 labels,
d8cea0687560,balance_not_updated_after_cheque_or_cash_deposit,,123,20,balance_not_updated_after_cheque_or_cash_deposit,gpt-5.6-luna | 7 labels,
7f998f812f9c,balance_not_updated_after_cheque_or_cash_deposit,,153,20,balance_not_updated_after_cheque_or_cash_deposit,gpt-5.6-luna | 7 labels,
636695beb551,balance_not_updated_after_cheque_or_cash_deposit,,122,36,balance_not_updated_after_cheque_or_cash_deposit,gpt-5.6-luna | 7 labels,
ce3b26adcfa9,balance_not_updated_after_cheque_or_cash_deposit,,135,20,balance_not_updated_after_cheque_or_cash_deposit,gpt-5.6-luna | 7 labels,
894b8924558d,balance_not_updated_after_cheque_or_cash_deposit,,125,56,balance_not_updated_after_cheque_or_cash_deposit,gpt-5.6-luna | 7 labels,
a27cd3fb0ad3,balance_not_updated_after_cheque_or_cash_deposit,,125,20,balance_not_updated_after_cheque_or_cash_deposit,gpt-5.6-luna | 7 labels,
814051844108,balance_not_updated_after_cheque_or_cash_deposit,,124,20,balance_not_updated_after_cheque_or_cash_deposit,gpt-5.6-luna | 7 labels,
2887a3440881,balance_not_updated_after_cheque_or_cash_deposit,,132,20,balance_not_updated_after_cheque_or_cash_deposit,gpt-5.6-luna | 7 labels,
0572e89016e5,balance_not_updated_after_cheque_or_cash_deposit,,126,20,balance_not_updated_after_cheque_or_cash_deposit,gpt-5.6-luna | 7 labels,
74ecc573011c,balance_not_updated_after_cheque_or_cash_deposit,,132,20,balance_not_updated_after_cheque_or_cash_deposit,gpt-5.6-luna | 7 labels,
d0e5ae4f44d3,balance_not_updated_after_cheque_or_cash_deposit,,128,46,balance_not_updated_after_cheque_or_cash_deposit,gpt-5.6-luna | 7 labels,
fdb50a0760c8,balance_not_updated_after_cheque_or_cash_deposit,,134,42,balance_not_updated_after_cheque_or_cash_deposit,gpt-5.6-luna | 7 labels,
072f069025ee,balance_not_updated_after_cheque_or_cash_deposit,,125,20,balance_not_updated_after_cheque_or_cash_deposit,gpt-5.6-luna | 7 labels,
40127bd0e356,balance_not_updated_after_cheque_or_cash_deposit,,132,20,balance_not_updated_after_cheque_or_cash_deposit,gpt-5.6-luna | 7 labels,
78085a590232,balance_not_updated_after_cheque_or_cash_deposit,,124,47,balance_not_updated_after_cheque_or_cash_deposit,gpt-5.6-luna | 7 labels,
bd814c1b9aec,balance_not_updated_after_cheque_or_cash_deposit,,130,20,balance_not_updated_after_cheque_or_cash_deposit,gpt-5.6-luna | 7 labels,
ebba406bc5f7,balance_not_updated_after_cheque_or_cash_deposit,,134,20,balance_not_updated_after_cheque_or_cash_deposit,gpt-5.6-luna | 7 labels,
f3375be04def,balance_not_updated_after_cheque_or_cash_deposit,,128,45,balance_not_updated_after_cheque_or_cash_deposit,gpt-5.6-luna | 7 labels,
1bb1f2343edf,balance_not_updated_after_cheque_or_cash_deposit,,125,20,balance_not_updated_after_cheque_or_cash_deposit,gpt-5.6-luna | 7 labels,
95b23ce414e8,balance_not_updated_after_cheque_or_cash_deposit,,129,20,balance_not_updated_after_cheque_or_cash_deposit,gpt-5.6-luna | 7 labels,
d4a6ed135062,balance_not_updated_after_cheque_or_cash_deposit,,135,20,balance_not_updated_after_cheque_or_cash_deposit,gpt-5.6-luna | 7 labels,
2e55e3349671,balance_not_updated_after_cheque_or_cash_deposit,,136,20,balance_not_updated_after_cheque_or_cash_deposit,gpt-5.6-luna | 7 labels,
ebacef22877a,balance_not_updated_after_cheque_or_cash_deposit,,129,20,balance_not_updated_after_cheque_or_cash_deposit,gpt-5.6-luna | 7 labels,
5b6066d965f9,balance_not_updated_after_cheque_or_cash_deposit,,133,20,balance_not_updated_after_cheque_or_cash_deposit,gpt-5.6-luna | 7 labels,
4387cc717e6e,balance_not_updated_after_cheque_or_cash_deposit,,126,20,balance_not_updated_after_cheque_or_cash_deposit,gpt-5.6-luna | 7 labels,
bdd72b26e415,balance_not_updated_after_cheque_or_cash_deposit,,135,20,balance_not_updated_after_cheque_or_cash_deposit,gpt-5.6-luna | 7 labels,
9c2576fd9eeb,balance_not_updated_after_cheque_or_cash_deposit,,148,20,balance_not_updated_after_cheque_or_cash_deposit,gpt-5.6-luna | 7 labels,
ed87c4508666,balance_not_updated_after_cheque_or_cash_deposit,,142,47,balance_not_updated_after_cheque_or_cash_deposit,gpt-5.6-luna | 7 labels,
3c7c4669529f,balance_not_updated_after_cheque_or_cash_deposit,,129,49,balance_not_updated_after_cheque_or_cash_deposit,gpt-5.6-luna | 7 labels,
987f9f67f333,balance_not_updated_after_cheque_or_cash_deposit,,130,20,balance_not_updated_after_cheque_or_cash_deposit,gpt-5.6-luna | 7 labels,
f051ca99d8f4,balance_not_updated_after_cheque_or_cash_deposit,,139,20,balance_not_updated_after_cheque_or_cash_deposit,gpt-5.6-luna | 7 labels,
51d1318b7dd4,balance_not_updated_after_cheque_or_cash_deposit,,130,37,balance_not_updated_after_cheque_or_cash_deposit,gpt-5.6-luna | 7 labels,
04e1aca26658,balance_not_updated_after_cheque_or_cash_deposit,,130,20,balance_not_updated_after_cheque_or_cash_deposit,gpt-5.6-luna | 7 labels,
d96d7310c0be,balance_not_updated_after_cheque_or_cash_deposit,,147,20,balance_not_updated_after_cheque_or_cash_deposit,gpt-5.6-luna | 7 labels,
d8952e0ce426,balance_not_updated_after_cheque_or_cash_deposit,,123,53,balance_not_updated_after_cheque_or_cash_deposit,gpt-5.6-luna | 7 labels,
093d52dea9ec,balance_not_updated_after_cheque_or_cash_deposit,,136,45,balance_not_updated_after_cheque_or_cash_deposit,gpt-5.6-luna | 7 labels,
b19996c46e62,balance_not_updated_after_cheque_or_cash_deposit,,140,52,balance_not_updated_after_cheque_or_cash_deposit,gpt-5.6-luna | 7 labels,
f8daf182d849,balance_not_updated_after_cheque_or_cash_deposit,,124,20,balance_not_updated_after_cheque_or_cash_deposit,gpt-5.6-luna | 7 labels,
1bc9a34ff066,balance_not_updated_after_cheque_or_cash_deposit,,130,55,balance_not_updated_after_cheque_or_cash_deposit,gpt-5.6-luna | 7 labels,
b587fec2d656,balance_not_updated_after_cheque_or_cash_deposit,,138,20,balance_not_updated_after_cheque_or_cash_deposit,gpt-5.6-luna | 7 labels,
ecf8648dea9b,balance_not_updated_after_cheque_or_cash_deposit,,126,45,balance_not_updated_after_cheque_or_cash_deposit,gpt-5.6-luna | 7 labels,
166c4a2d3d52,balance_not_updated_after_cheque_or_cash_deposit,,126,20,balance_not_updated_after_cheque_or_cash_deposit,gpt-5.6-luna | 7 labels,
b3c76e9119f3,balance_not_updated_after_cheque_or_cash_deposit,,126,45,balance_not_updated_after_cheque_or_cash_deposit,gpt-5.6-luna | 7 labels,
7c062606f053,balance_not_updated_after_cheque_or_cash_deposit,,136,47,balance_not_updated_after_cheque_or_cash_deposit,gpt-5.6-luna | 7 labels,
4be79e4b17b1,balance_not_updated_after_cheque_or_cash_deposit,,136,20,balance_not_updated_after_cheque_or_cash_deposit,gpt-5.6-luna | 7 labels,
51af004e71e3,balance_not_updated_after_cheque_or_cash_deposit,,128,20,balance_not_updated_after_cheque_or_cash_deposit,gpt-5.6-luna | 7 labels,
1f73391bc5c0,balance_not_updated_after_cheque_or_cash_deposit,,127,20,balance_not_updated_after_cheque_or_cash_deposit,gpt-5.6-luna | 7 labels,
8a98076cc875,balance_not_updated_after_cheque_or_cash_deposit,,130,20,balance_not_updated_after_cheque_or_cash_deposit,gpt-5.6-luna | 7 labels,
496864e7a215,balance_not_updated_after_cheque_or_cash_deposit,,140,20,balance_not_updated_after_cheque_or_cash_deposit,gpt-5.6-luna | 7 labels,
481f02d8681e,balance_not_updated_after_cheque_or_cash_deposit,,132,20,balance_not_updated_after_cheque_or_cash_deposit,gpt-5.6-luna | 7 labels,
bd79ff64526a,balance_not_updated_after_cheque_or_cash_deposit,,144,20,balance_not_updated_after_cheque_or_cash_deposit,gpt-5.6-luna | 7 labels,
8a61586157c8,balance_not_updated_after_cheque_or_cash_deposit,,130,20,balance_not_updated_after_cheque_or_cash_deposit,gpt-5.6-luna | 7 labels,
bb167937a5c0,balance_not_updated_after_cheque_or_cash_deposit,,143,20,balance_not_updated_after_cheque_or_cash_deposit,gpt-5.6-luna | 7 labels,
26cb273bad33,balance_not_updated_after_cheque_or_cash_deposit,,132,62,balance_not_updated_after_cheque_or_cash_deposit,gpt-5.6-luna | 7 labels,
cbc63b69fd72,balance_not_updated_after_cheque_or_cash_deposit,,129,20,balance_not_updated_after_cheque_or_cash_deposit,gpt-5.6-luna | 7 labels,
b9e70d777e2b,balance_not_updated_after_cheque_or_cash_deposit,,133,20,balance_not_updated_after_cheque_or_cash_deposit,gpt-5.6-luna | 7 labels,
50d0a4b4d7cd,balance_not_updated_after_cheque_or_cash_deposit,,124,20,balance_not_updated_after_cheque_or_cash_deposit,gpt-5.6-luna | 7 labels,
bc290ec1cc19,balance_not_updated_after_cheque_or_cash_deposit,,140,20,balance_not_updated_after_cheque_or_cash_deposit,gpt-5.6-luna | 7 labels,
1f566e446fa3,balance_not_updated_after_cheque_or_cash_deposit,,130,20,balance_not_updated_after_cheque_or_cash_deposit,gpt-5.6-luna | 7 labels,
7bc7a64c6d23,balance_not_updated_after_cheque_or_cash_deposit,,127,53,balance_not_updated_after_cheque_or_cash_deposit,gpt-5.6-luna | 7 labels,
d1376f431d08,balance_not_updated_after_cheque_or_cash_deposit,,159,20,balance_not_updated_after_cheque_or_cash_deposit,gpt-5.6-luna | 7 labels,
28d914fa0743,balance_not_updated_after_cheque_or_cash_deposit,,135,20,balance_not_updated_after_cheque_or_cash_deposit,gpt-5.6-luna | 7 labels,
7f634253c083,balance_not_updated_after_cheque_or_cash_deposit,,128,20,balance_not_updated_after_cheque_or_cash_deposit,gpt-5.6-luna | 7 labels,
ec59c7348f1c,balance_not_updated_after_cheque_or_cash_deposit,,127,20,balance_not_updated_after_cheque_or_cash_deposit,gpt-5.6-luna | 7 labels,
af1361efc404,balance_not_updated_after_cheque_or_cash_deposit,,137,20,balance_not_updated_after_cheque_or_cash_deposit,gpt-5.6-luna | 7 labels,
e927202e889a,balance_not_updated_after_cheque_or_cash_deposit,,133,20,balance_not_updated_after_cheque_or_cash_deposit,gpt-5.6-luna | 7 labels,
4cd7476b0cbc,balance_not_updated_after_cheque_or_cash_deposit,,128,20,balance_not_updated_after_cheque_or_cash_deposit,gpt-5.6-luna | 7 labels,
40434d31ea22,balance_not_updated_after_cheque_or_cash_deposit,,132,20,balance_not_updated_after_cheque_or_cash_deposit,gpt-5.6-luna | 7 labels,
1d24f5be922f,balance_not_updated_after_cheque_or_cash_deposit,,123,59,balance_not_updated_after_cheque_or_cash_deposit,gpt-5.6-luna | 7 labels,
0e0119a7c2b5,balance_not_updated_after_cheque_or_cash_deposit,,127,20,balance_not_updated_after_cheque_or_cash_deposit,gpt-5.6-luna | 7 labels,
59a0b4f528b7,balance_not_updated_after_cheque_or_cash_deposit,,140,20,balance_not_updated_after_cheque_or_cash_deposit,gpt-5.6-luna | 7 labels,
dc5242dcd122,balance_not_updated_after_cheque_or_cash_deposit,,137,47,balance_not_updated_after_cheque_or_cash_deposit,gpt-5.6-luna | 7 labels,
2cf613302b11,balance_not_updated_after_cheque_or_cash_deposit,,152,20,balance_not_updated_after_cheque_or_cash_deposit,gpt-5.6-luna | 7 labels,
ae783710b476,balance_not_updated_after_cheque_or_cash_deposit,,138,76,balance_not_updated_after_cheque_or_cash_deposit,gpt-5.6-luna | 7 labels,
0161f32a3406,balance_not_updated_after_cheque_or_cash_deposit,,130,20,balance_not_updated_after_cheque_or_cash_deposit,gpt-5.6-luna | 7 labels,
54310e68d9d1,balance_not_updated_after_cheque_or_cash_deposit,,131,52,balance_not_updated_after_cheque_or_cash_deposit,gpt-5.6-luna | 7 labels,
65cf2b101eab,card_payment_fee_charged,,152,16,card_payment_fee_charged,gpt-5.6-luna | 7 labels,
65c97862d61e,card_payment_fee_charged,,144,43,card_payment_fee_charged,gpt-5.6-luna | 7 labels,
94b11ebb486d,card_payment_fee_charged,,151,56,card_payment_fee_charged,gpt-5.6-luna | 7 labels,
763ac196217b,card_payment_fee_charged,,161,16,card_payment_fee_charged,gpt-5.6-luna | 7 labels,
710c22b8da59,card_payment_fee_charged,,128,16,card_payment_fee_charged,gpt-5.6-luna | 7 labels,
c8792e26f794,card_payment_fee_charged,,129,16,card_payment_fee_charged,gpt-5.6-luna | 7 labels,
d7a0033fefe5,card_payment_fee_charged,,140,16,card_payment_fee_charged,gpt-5.6-luna | 7 labels,
b2449bd3a2bc,card_payment_fee_charged,,127,40,card_payment_fee_charged,gpt-5.6-luna | 7 labels,
03b07ff07bd4,card_payment_fee_charged,,140,16,card_payment_fee_charged,gpt-5.6-luna | 7 labels,
5eb7c3bd0389,card_payment_fee_charged,,128,16,card_payment_fee_charged,gpt-5.6-luna | 7 labels,
9bafcbe8de84,card_payment_fee_charged,,122,60,card_payment_fee_charged,gpt-5.6-luna | 7 labels,
88aeddf68f38,card_payment_fee_charged,,126,164,cash_withdrawal_charge,gpt-5.6-luna | 7 labels,
e5a4236fab1c,card_payment_fee_charged,,127,56,card_payment_fee_charged,gpt-5.6-luna | 7 labels,
9f52f9c9e888,card_payment_fee_charged,,130,16,card_payment_fee_charged,gpt-5.6-luna | 7 labels,
7cdcfae7e45b,card_payment_fee_charged,,131,16,card_payment_fee_charged,gpt-5.6-luna | 7 labels,
3fc55a877756,card_payment_fee_charged,,154,38,card_payment_fee_charged,gpt-5.6-luna | 7 labels,
27a435d9f263,card_payment_fee_charged,,128,16,card_payment_fee_charged,gpt-5.6-luna | 7 labels,
35411c84f4c9,card_payment_fee_charged,,125,39,card_payment_fee_charged,gpt-5.6-luna | 7 labels,
e831ac0c5a32,card_payment_fee_charged,,127,16,card_payment_fee_charged,gpt-5.6-luna | 7 labels,
61562dcf9fba,card_payment_fee_charged,,133,16,card_payment_fee_charged,gpt-5.6-luna | 7 labels,
9254e5c2a7f2,card_payment_fee_charged,,130,16,card_payment_fee_charged,gpt-5.6-luna | 7 labels,
10e455f288c0,card_payment_fee_charged,,129,16,card_payment_fee_charged,gpt-5.6-luna | 7 labels,
e3bb37a33dc7,card_payment_fee_charged,,127,16,card_payment_fee_charged,gpt-5.6-luna | 7 labels,
3820e0f4606f,card_payment_fee_charged,,123,57,card_payment_fee_charged,gpt-5.6-luna | 7 labels,
777c8e200fe7,card_payment_fee_charged,,125,40,card_payment_fee_charged,gpt-5.6-luna | 7 labels,
57f20aa4ef78,card_payment_fee_charged,,124,38,card_payment_fee_charged,gpt-5.6-luna | 7 labels,
043010aa0e41,card_payment_fee_charged,,128,16,card_payment_fee_charged,gpt-5.6-luna | 7 labels,
d9a1cebae71e,card_payment_fee_charged,,124,62,card_payment_fee_charged,gpt-5.6-luna | 7 labels,
3a1e540463dd,card_payment_fee_charged,,129,16,card_payment_fee_charged,gpt-5.6-luna | 7 labels,
565b1fb9b38c,card_payment_fee_charged,,129,16,card_payment_fee_charged,gpt-5.6-luna | 7 labels,
2599a59693b5,card_payment_fee_charged,,160,39,card_payment_fee_charged,gpt-5.6-luna | 7 labels,
00b4e435457f,card_payment_fee_charged,,129,16,card_payment_fee_charged,gpt-5.6-luna | 7 labels,
51103ed7c5ad,card_payment_fee_charged,,133,16,card_payment_fee_charged,gpt-5.6-luna | 7 labels,
0524a0ffd3ca,card_payment_fee_charged,,132,16,card_payment_fee_charged,gpt-5.6-luna | 7 labels,
43e04ce30290,card_payment_fee_charged,,126,16,card_payment_fee_charged,gpt-5.6-luna | 7 labels,
b315778843d5,card_payment_fee_charged,,124,69,card_payment_fee_charged,gpt-5.6-luna | 7 labels,
b3645f7acb96,card_payment_fee_charged,,124,39,card_payment_fee_charged,gpt-5.6-luna | 7 labels,
b3b8de347c8d,card_payment_fee_charged,,128,16,card_payment_fee_charged,gpt-5.6-luna | 7 labels,
5ae930a34c0c,card_payment_fee_charged,,125,39,card_payment_fee_charged,gpt-5.6-luna | 7 labels,
95804d8227d8,card_payment_fee_charged,,130,39,card_payment_fee_charged,gpt-5.6-luna | 7 labels,
dc01017d0238,card_payment_fee_charged,,130,38,card_payment_fee_charged,gpt-5.6-luna | 7 labels,
687db3f9e72a,card_payment_fee_charged,,132,80,card_payment_fee_charged,gpt-5.6-luna | 7 labels,
1a31eb175530,card_payment_fee_charged,,146,36,card_payment_fee_charged,gpt-5.6-luna | 7 labels,
9cef224c73af,card_payment_fee_charged,,130,16,card_payment_fee_charged,gpt-5.6-luna | 7 labels,
11b048a5fd1c,card_payment_fee_charged,,127,16,card_payment_fee_charged,gpt-5.6-luna | 7 labels,
c538f8717736,card_payment_fee_charged,,154,16,card_payment_fee_charged,gpt-5.6-luna | 7 labels,
469eab5c582c,card_payment_fee_charged,,131,16,card_payment_fee_charged,gpt-5.6-luna | 7 labels,
12536c4239a5,card_payment_fee_charged,,130,37,card_payment_fee_charged,gpt-5.6-luna | 7 labels,
d2b9e7f9cf49,card_payment_fee_charged,,124,16,card_payment_fee_charged,gpt-5.6-luna | 7 labels,
0b0f4644a417,card_payment_fee_charged,,125,100,card_payment_fee_charged,gpt-5.6-luna | 7 labels,
04cffa9dbed1,card_payment_fee_charged,,148,49,card_payment_fee_charged,gpt-5.6-luna | 7 labels,
b8373d71e3f5,card_payment_fee_charged,,128,37,card_payment_fee_charged,gpt-5.6-luna | 7 labels,
35ff2b11bd0d,card_payment_fee_charged,,128,16,card_payment_fee_charged,gpt-5.6-luna | 7 labels,
be5cbb2a9124,card_payment_fee_charged,,129,16,card_payment_fee_charged,gpt-5.6-luna | 7 labels,
8e7c8ff74f34,card_payment_fee_charged,,126,16,card_payment_fee_charged,gpt-5.6-luna | 7 labels,
fe6115f05caa,card_payment_fee_charged,,129,16,card_payment_fee_charged,gpt-5.6-luna | 7 labels,
e0e71cc11fe9,card_payment_fee_charged,,125,36,card_payment_fee_charged,gpt-5.6-luna | 7 labels,
e295a923a082,card_payment_fee_charged,,168,125,card_payment_fee_charged,gpt-5.6-luna | 7 labels,
04bb45de17e8,card_payment_fee_charged,,130,16,card_payment_fee_charged,gpt-5.6-luna | 7 labels,
284d18c53eee,card_payment_fee_charged,,127,75,card_payment_fee_charged,gpt-5.6-luna | 7 labels,
920ab62a538b,card_payment_fee_charged,,134,43,card_payment_fee_charged,gpt-5.6-luna | 7 labels,
46d7a17ec160,card_payment_fee_charged,,128,16,card_payment_fee_charged,gpt-5.6-luna | 7 labels,
288ff9d71f05,card_payment_fee_charged,,126,16,card_payment_fee_charged,gpt-5.6-luna | 7 labels,
43446c51adbc,card_payment_fee_charged,,128,40,card_payment_fee_charged,gpt-5.6-luna | 7 labels,
5d8d11d61fbb,card_payment_fee_charged,,125,40,card_payment_fee_charged,gpt-5.6-luna | 7 labels,
1b3860352a64,card_payment_fee_charged,,131,16,card_payment_fee_charged,gpt-5.6-luna | 7 labels,
6f0ccdf86ada,card_payment_fee_charged,,131,92,transaction_charged_twice,gpt-5.6-luna | 7 labels,
242f22eeaf88,card_payment_fee_charged,,127,16,card_payment_fee_charged,gpt-5.6-luna | 7 labels,
abd2878820fb,card_payment_fee_charged,,127,16,card_payment_fee_charged,gpt-5.6-luna | 7 labels,
0ca8386ddb27,card_payment_fee_charged,,128,16,card_payment_fee_charged,gpt-5.6-luna | 7 labels,
591f3739307b,card_payment_fee_charged,,129,16,card_payment_fee_charged,gpt-5.6-luna | 7 labels,
f5da9fb8577d,card_payment_fee_charged,,132,16,card_payment_fee_charged,gpt-5.6-luna | 7 labels,
89b8507c2350,card_payment_fee_charged,,128,41,card_payment_fee_charged,gpt-5.6-luna | 7 labels,
b8d8491edd12,card_payment_fee_charged,,128,16,card_payment_fee_charged,gpt-5.6-luna | 7 labels,
e1679e329977,card_payment_fee_charged,,129,40,card_payment_fee_charged,gpt-5.6-luna | 7 labels,
503f62ca627b,card_payment_fee_charged,,145,64,card_payment_fee_charged,gpt-5.6-luna | 7 labels,
5dd22d72d88a,card_payment_fee_charged,,131,16,card_payment_fee_charged,gpt-5.6-luna | 7 labels,
b1d51218991d,card_payment_fee_charged,,130,37,card_payment_fee_charged,gpt-5.6-luna | 7 labels,
3c690abe2ece,card_payment_fee_charged,,128,16,card_payment_fee_charged,gpt-5.6-luna | 7 labels,
8a83261e5fc6,card_payment_fee_charged,,128,16,card_payment_fee_charged,gpt-5.6-luna | 7 labels,
003b03712ccf,card_payment_fee_charged,,129,16,card_payment_fee_charged,gpt-5.6-luna | 7 labels,
ff415561344f,card_payment_fee_charged,,126,16,card_payment_fee_charged,gpt-5.6-luna | 7 labels,
ae7cbc977771,card_payment_fee_charged,,132,16,card_payment_fee_charged,gpt-5.6-luna | 7 labels,
50d38aba9c7e,card_payment_fee_charged,,127,16,card_payment_fee_charged,gpt-5.6-luna | 7 labels,
2740cfb47783,card_payment_fee_charged,,132,16,card_payment_fee_charged,gpt-5.6-luna | 7 labels,
a0cb8ce7a3be,card_payment_fee_charged,,132,16,card_payment_fee_charged,gpt-5.6-luna | 7 labels,
08d2cfa96795,card_payment_fee_charged,,126,16,card_payment_fee_charged,gpt-5.6-luna | 7 labels,
7786520ee794,card_payment_fee_charged,,161,48,card_payment_fee_charged,gpt-5.6-luna | 7 labels,
5c34551de9cb,card_payment_fee_charged,,124,60,card_payment_fee_charged,gpt-5.6-luna | 7 labels,
1b464852f773,card_payment_fee_charged,,132,62,card_payment_fee_charged,gpt-5.6-luna | 7 labels,
0d3467dc3638,card_payment_fee_charged,,135,16,card_payment_fee_charged,gpt-5.6-luna | 7 labels,
484afb5a86e1,card_payment_fee_charged,,127,16,card_payment_fee_charged,gpt-5.6-luna | 7 labels,
bd7fba6b6718,card_payment_fee_charged,,140,65,card_payment_fee_charged,gpt-5.6-luna | 7 labels,
508342241005,card_payment_fee_charged,,150,44,card_payment_fee_charged,gpt-5.6-luna | 7 labels,
7e0f0aecca2f,card_payment_fee_charged,,130,16,card_payment_fee_charged,gpt-5.6-luna | 7 labels,
73b99556dad1,card_payment_fee_charged,,127,16,card_payment_fee_charged,gpt-5.6-luna | 7 labels,
dae90d928991,card_payment_fee_charged,,124,38,card_payment_fee_charged,gpt-5.6-luna | 7 labels,
4ac61ef59f81,card_payment_fee_charged,,129,57,card_payment_fee_charged,gpt-5.6-luna | 7 labels,
130935f40d7b,card_payment_fee_charged,,157,102,card_payment_fee_charged,gpt-5.6-luna | 7 labels,
dcb81697ccba,card_payment_fee_charged,,128,46,card_payment_fee_charged,gpt-5.6-luna | 7 labels,
287d0a57b8ec,card_payment_fee_charged,,129,16,card_payment_fee_charged,gpt-5.6-luna | 7 labels,
6949007f495c,card_payment_fee_charged,,132,16,card_payment_fee_charged,gpt-5.6-luna | 7 labels,
33b1032fea08,card_payment_fee_charged,,127,16,card_payment_fee_charged,gpt-5.6-luna | 7 labels,
93c3ef0c4817,card_payment_fee_charged,,129,34,card_payment_fee_charged,gpt-5.6-luna | 7 labels,
17a527702080,card_payment_fee_charged,,135,16,card_payment_fee_charged,gpt-5.6-luna | 7 labels,
cce28dc7d593,card_payment_fee_charged,,128,16,card_payment_fee_charged,gpt-5.6-luna | 7 labels,
669cc763fcf8,card_payment_fee_charged,,128,16,card_payment_fee_charged,gpt-5.6-luna | 7 labels,
57f8b1259f8d,card_payment_fee_charged,,128,46,card_payment_fee_charged,gpt-5.6-luna | 7 labels,
8921c0c207f6,card_payment_fee_charged,,138,48,card_payment_fee_charged,gpt-5.6-luna | 7 labels,
278a2bbde7aa,card_payment_fee_charged,,136,16,card_payment_fee_charged,gpt-5.6-luna | 7 labels,
43298b9e3efa,card_payment_fee_charged,,131,16,card_payment_fee_charged,gpt-5.6-luna | 7 labels,
a412fc92adb6,card_payment_fee_charged,,130,37,card_payment_fee_charged,gpt-5.6-luna | 7 labels,
a9e75aabe8f1,card_payment_fee_charged,,124,41,card_payment_fee_charged,gpt-5.6-luna | 7 labels,
ba53913d1150,card_payment_fee_charged,,126,39,card_payment_fee_charged,gpt-5.6-luna | 7 labels,
6810834acd1e,card_payment_fee_charged,,140,16,card_payment_fee_charged,gpt-5.6-luna | 7 labels,
d660c4e2c624,card_payment_fee_charged,,126,16,card_payment_fee_charged,gpt-5.6-luna | 7 labels,
79ab4c8029a5,card_payment_fee_charged,,128,16,card_payment_fee_charged,gpt-5.6-luna | 7 labels,
7d2a1cd6d5cc,card_payment_fee_charged,,131,16,card_payment_fee_charged,gpt-5.6-luna | 7 labels,
7792ac0524f4,card_payment_fee_charged,,140,16,card_payment_fee_charged,gpt-5.6-luna | 7 labels,
a114627c7f9d,card_payment_fee_charged,,127,16,card_payment_fee_charged,gpt-5.6-luna | 7 labels,
15b4e5ac7f93,card_payment_fee_charged,,128,16,card_payment_fee_charged,gpt-5.6-luna | 7 labels,
4aa428846016,card_payment_fee_charged,,134,52,card_payment_fee_charged,gpt-5.6-luna | 7 labels,
34c126190f15,card_payment_fee_charged,,131,93,card_payment_fee_charged,gpt-5.6-luna | 7 labels,
0e53bc950287,card_payment_fee_charged,,143,57,card_payment_fee_charged,gpt-5.6-luna | 7 labels,
c0ea68022ef9,card_payment_fee_charged,,128,16,card_payment_fee_charged,gpt-5.6-luna | 7 labels,
6a36fe314816,card_payment_fee_charged,,125,16,card_payment_fee_charged,gpt-5.6-luna | 7 labels,
4e92a77b05a7,card_payment_fee_charged,,133,65,card_payment_fee_charged,gpt-5.6-luna | 7 labels,
1d28838909e3,card_payment_fee_charged,,128,16,card_payment_fee_charged,gpt-5.6-luna | 7 labels,
21b49738e57a,card_payment_fee_charged,,137,41,card_payment_fee_charged,gpt-5.6-luna | 7 labels,
e2d00ba2a606,card_payment_fee_charged,,141,38,card_payment_fee_charged,gpt-5.6-luna | 7 labels,
0babeadb24b8,card_payment_fee_charged,,125,16,card_payment_fee_charged,gpt-5.6-luna | 7 labels,
e6d5859cc2ca,card_payment_fee_charged,,138,48,card_payment_fee_charged,gpt-5.6-luna | 7 labels,
7aaa652cd052,card_payment_fee_charged,,129,16,card_payment_fee_charged,gpt-5.6-luna | 7 labels,
a70b8d7407c9,card_payment_fee_charged,,147,135,card_payment_fee_charged,gpt-5.6-luna | 7 labels,
960476cb6d39,card_payment_fee_charged,,126,16,card_payment_fee_charged,gpt-5.6-luna | 7 labels,
9bb2a8648768,card_payment_fee_charged,,134,16,card_payment_fee_charged,gpt-5.6-luna | 7 labels,
75604059e4ca,card_payment_fee_charged,,124,56,card_payment_fee_charged,gpt-5.6-luna | 7 labels,
ed7072749114,card_payment_fee_charged,,137,46,card_payment_fee_charged,gpt-5.6-luna | 7 labels,
4b6dad389446,card_payment_fee_charged,,129,38,card_payment_fee_charged,gpt-5.6-luna | 7 labels,
6110b27cf525,card_payment_fee_charged,,152,101,card_payment_fee_charged,gpt-5.6-luna | 7 labels,
44583cd46a7c,card_payment_fee_charged,,126,16,card_payment_fee_charged,gpt-5.6-luna | 7 labels,
23f594dee6c7,card_payment_fee_charged,,125,39,card_payment_fee_charged,gpt-5.6-luna | 7 labels,
6d4f5bba874f,card_payment_fee_charged,,132,16,card_payment_fee_charged,gpt-5.6-luna | 7 labels,
339db78bd8f0,cash_withdrawal_charge,,130,15,cash_withdrawal_charge,gpt-5.6-luna | 7 labels,
d140ca72e293,cash_withdrawal_charge,,125,15,cash_withdrawal_charge,gpt-5.6-luna | 7 labels,
bb241a0b5fa0,cash_withdrawal_charge,,126,15,cash_withdrawal_charge,gpt-5.6-luna | 7 labels,
b2a9c2f1ad05,cash_withdrawal_charge,,126,15,cash_withdrawal_charge,gpt-5.6-luna | 7 labels,
97b51b07e9ef,cash_withdrawal_charge,,129,35,cash_withdrawal_charge,gpt-5.6-luna | 7 labels,
85623395b3d4,cash_withdrawal_charge,,128,15,cash_withdrawal_charge,gpt-5.6-luna | 7 labels,
8d825e4d4ccc,cash_withdrawal_charge,,130,15,cash_withdrawal_charge,gpt-5.6-luna | 7 labels,
f67d81cd129c,cash_withdrawal_charge,,126,15,cash_withdrawal_charge,gpt-5.6-luna | 7 labels,
78991fec5e72,cash_withdrawal_charge,,135,36,cash_withdrawal_charge,gpt-5.6-luna | 7 labels,
95497968ae1b,cash_withdrawal_charge,,126,15,cash_withdrawal_charge,gpt-5.6-luna | 7 labels,
36d35c4e13f0,cash_withdrawal_charge,,126,15,cash_withdrawal_charge,gpt-5.6-luna | 7 labels,
d3a4dad83ec6,cash_withdrawal_charge,,129,42,cash_withdrawal_charge,gpt-5.6-luna | 7 labels,
6198a0c44d66,cash_withdrawal_charge,,129,36,cash_withdrawal_charge,gpt-5.6-luna | 7 labels,
5d239c2ac43b,cash_withdrawal_charge,,153,15,cash_withdrawal_charge,gpt-5.6-luna | 7 labels,
254add460686,cash_withdrawal_charge,,126,15,cash_withdrawal_charge,gpt-5.6-luna | 7 labels,
e13dbbc7d92f,cash_withdrawal_charge,,147,15,cash_withdrawal_charge,gpt-5.6-luna | 7 labels,
9943c702363c,cash_withdrawal_charge,,128,37,cash_withdrawal_charge,gpt-5.6-luna | 7 labels,
ba006e82d9a6,cash_withdrawal_charge,,126,15,cash_withdrawal_charge,gpt-5.6-luna | 7 labels,
6ac49489576f,cash_withdrawal_charge,,157,15,cash_withdrawal_charge,gpt-5.6-luna | 7 labels,
a24c525e3bae,cash_withdrawal_charge,,124,15,cash_withdrawal_charge,gpt-5.6-luna | 7 labels,
2898104223f9,cash_withdrawal_charge,,140,15,cash_withdrawal_charge,gpt-5.6-luna | 7 labels,
ddb65165dc57,cash_withdrawal_charge,,129,15,cash_withdrawal_charge,gpt-5.6-luna | 7 labels,
6aed717b870c,cash_withdrawal_charge,,127,15,cash_withdrawal_charge,gpt-5.6-luna | 7 labels,
5903a0e9419b,cash_withdrawal_charge,,155,36,cash_withdrawal_charge,gpt-5.6-luna | 7 labels,
f9f4180063d3,cash_withdrawal_charge,,126,15,cash_withdrawal_charge,gpt-5.6-luna | 7 labels,
43639ec12730,cash_withdrawal_charge,,148,15,cash_withdrawal_charge,gpt-5.6-luna | 7 labels,
21892dac9434,cash_withdrawal_charge,,125,15,cash_withdrawal_charge,gpt-5.6-luna | 7 labels,
09c866c4beb7,cash_withdrawal_charge,,147,15,cash_withdrawal_charge,gpt-5.6-luna | 7 labels,
60e3b74a8ac3,cash_withdrawal_charge,,150,15,cash_withdrawal_charge,gpt-5.6-luna | 7 labels,
8b4edbcbff35,cash_withdrawal_charge,,143,15,cash_withdrawal_charge,gpt-5.6-luna | 7 labels,
329ea4d82595,cash_withdrawal_charge,,127,15,cash_withdrawal_charge,gpt-5.6-luna | 7 labels,
58559e6423a1,cash_withdrawal_charge,,134,35,cash_withdrawal_charge,gpt-5.6-luna | 7 labels,
2ec69fccc2f0,cash_withdrawal_charge,,136,15,cash_withdrawal_charge,gpt-5.6-luna | 7 labels,
2e6b932f4847,cash_withdrawal_charge,,131,15,cash_withdrawal_charge,gpt-5.6-luna | 7 labels,
49c21c7e4530,cash_withdrawal_charge,,133,15,cash_withdrawal_charge,gpt-5.6-luna | 7 labels,
d5c01023a409,cash_withdrawal_charge,,125,15,cash_withdrawal_charge,gpt-5.6-luna | 7 labels,
46f553a6cab7,cash_withdrawal_charge,,133,15,cash_withdrawal_charge,gpt-5.6-luna | 7 labels,
604c4ed3fb9e,cash_withdrawal_charge,,126,15,cash_withdrawal_charge,gpt-5.6-luna | 7 labels,
a119e463647a,cash_withdrawal_charge,,133,15,cash_withdrawal_charge,gpt-5.6-luna | 7 labels,
4fbb393fd748,cash_withdrawal_charge,,150,15,cash_withdrawal_charge,gpt-5.6-luna | 7 labels,
f95e2a590225,cash_withdrawal_charge,,129,34,cash_withdrawal_charge,gpt-5.6-luna | 7 labels,
97f25053b918,cash_withdrawal_charge,,126,15,cash_withdrawal_charge,gpt-5.6-luna | 7 labels,
7b3a66e651d1,cash_withdrawal_charge,,124,15,cash_withdrawal_charge,gpt-5.6-luna | 7 labels,
235f05b74409,cash_withdrawal_charge,,127,15,cash_withdrawal_charge,gpt-5.6-luna | 7 labels,
2f4838cc355d,cash_withdrawal_charge,,144,15,cash_withdrawal_charge,gpt-5.6-luna | 7 labels,
3dc806b73f47,cash_withdrawal_charge,,133,15,cash_withdrawal_charge,gpt-5.6-luna | 7 labels,
6d4b84ff6c7a,cash_withdrawal_charge,,125,60,card_payment_fee_charged,gpt-5.6-luna | 7 labels,
3e69b2b5884e,cash_withdrawal_charge,,142,15,cash_withdrawal_charge,gpt-5.6-luna | 7 labels,
39e6296e01d1,cash_withdrawal_charge,,157,15,cash_withdrawal_charge,gpt-5.6-luna | 7 labels,
f80af9f903ef,cash_withdrawal_charge,,124,36,cash_withdrawal_charge,gpt-5.6-luna | 7 labels,
3ef553d8f1ff,cash_withdrawal_charge,,126,15,cash_withdrawal_charge,gpt-5.6-luna | 7 labels,
a0e6321929f7,cash_withdrawal_charge,,125,15,cash_withdrawal_charge,gpt-5.6-luna | 7 labels,
bad3a4b5e03e,cash_withdrawal_charge,,126,15,cash_withdrawal_charge,gpt-5.6-luna | 7 labels,
3e774f6caea5,cash_withdrawal_charge,,125,15,cash_withdrawal_charge,gpt-5.6-luna | 7 labels,
0ee1c873f04b,cash_withdrawal_charge,,140,15,cash_withdrawal_charge,gpt-5.6-luna | 7 labels,
2ea91413ca8e,cash_withdrawal_charge,,127,15,cash_withdrawal_charge,gpt-5.6-luna | 7 labels,
a116c6e680f4,cash_withdrawal_charge,,130,15,cash_withdrawal_charge,gpt-5.6-luna | 7 labels,
4fb73639aafe,cash_withdrawal_charge,,147,32,cash_withdrawal_charge,gpt-5.6-luna | 7 labels,
85ff2a751bcd,cash_withdrawal_charge,,129,15,cash_withdrawal_charge,gpt-5.6-luna | 7 labels,
1f193b3613d7,cash_withdrawal_charge,,145,15,cash_withdrawal_charge,gpt-5.6-luna | 7 labels,
c6f6a00e8256,cash_withdrawal_charge,,125,15,cash_withdrawal_charge,gpt-5.6-luna | 7 labels,
0220eeaed9da,cash_withdrawal_charge,,143,15,cash_withdrawal_charge,gpt-5.6-luna | 7 labels,
fa15c4481670,cash_withdrawal_charge,,127,15,cash_withdrawal_charge,gpt-5.6-luna | 7 labels,
409e8c0648d3,cash_withdrawal_charge,,140,15,cash_withdrawal_charge,gpt-5.6-luna | 7 labels,
24c090803fe1,cash_withdrawal_charge,,125,15,cash_withdrawal_charge,gpt-5.6-luna | 7 labels,
2c53ea772379,cash_withdrawal_charge,,165,28,cash_withdrawal_charge,gpt-5.6-luna | 7 labels,
beb81e083fd6,cash_withdrawal_charge,,127,15,cash_withdrawal_charge,gpt-5.6-luna | 7 labels,
cfd41ab0b48a,cash_withdrawal_charge,,132,15,cash_withdrawal_charge,gpt-5.6-luna | 7 labels,
aa6aac80aa2a,cash_withdrawal_charge,,127,15,cash_withdrawal_charge,gpt-5.6-luna | 7 labels,
4eb7a04fa1e3,cash_withdrawal_charge,,128,15,cash_withdrawal_charge,gpt-5.6-luna | 7 labels,
d2d8cf545e44,cash_withdrawal_charge,,135,15,cash_withdrawal_charge,gpt-5.6-luna | 7 labels,
0f02d590d86d,cash_withdrawal_charge,,128,36,cash_withdrawal_charge,gpt-5.6-luna | 7 labels,
5b0cebaabc2b,cash_withdrawal_charge,,156,15,cash_withdrawal_charge,gpt-5.6-luna | 7 labels,
40a092f46f24,cash_withdrawal_charge,,126,15,cash_withdrawal_charge,gpt-5.6-luna | 7 labels,
8ba13b6a977a,cash_withdrawal_charge,,130,15,cash_withdrawal_charge,gpt-5.6-luna | 7 labels,
755c6a10ad1e,cash_withdrawal_charge,,125,34,cash_withdrawal_charge,gpt-5.6-luna | 7 labels,
0bc0dceedee1,cash_withdrawal_charge,,127,15,cash_withdrawal_charge,gpt-5.6-luna | 7 labels,
b386ee306260,cash_withdrawal_charge,,144,72,cash_withdrawal_charge,gpt-5.6-luna | 7 labels,
409446f9ec7a,cash_withdrawal_charge,,127,15,cash_withdrawal_charge,gpt-5.6-luna | 7 labels,
b3bebcfc1669,cash_withdrawal_charge,,125,15,cash_withdrawal_charge,gpt-5.6-luna | 7 labels,
05c7609107ee,cash_withdrawal_charge,,131,15,cash_withdrawal_charge,gpt-5.6-luna | 7 labels,
58bceea953f4,cash_withdrawal_charge,,129,15,cash_withdrawal_charge,gpt-5.6-luna | 7 labels,
a4f13facebcc,cash_withdrawal_charge,,142,15,cash_withdrawal_charge,gpt-5.6-luna | 7 labels,
b84d7a0803ae,cash_withdrawal_charge,,125,15,cash_withdrawal_charge,gpt-5.6-luna | 7 labels,
d69edd94b3f4,cash_withdrawal_charge,,129,15,cash_withdrawal_charge,gpt-5.6-luna | 7 labels,
32bb4c8b6320,cash_withdrawal_charge,,144,15,cash_withdrawal_charge,gpt-5.6-luna | 7 labels,
5927e861f0f2,cash_withdrawal_charge,,140,15,cash_withdrawal_charge,gpt-5.6-luna | 7 labels,
3794d8424681,cash_withdrawal_charge,,127,15,cash_withdrawal_charge,gpt-5.6-luna | 7 labels,
19e891441d07,cash_withdrawal_charge,,126,15,cash_withdrawal_charge,gpt-5.6-luna | 7 labels,
010b154f169b,cash_withdrawal_charge,,134,15,cash_withdrawal_charge,gpt-5.6-luna | 7 labels,
46252827439e,cash_withdrawal_charge,,139,15,cash_withdrawal_charge,gpt-5.6-luna | 7 labels,
d18f74c5609e,cash_withdrawal_charge,,124,15,cash_withdrawal_charge,gpt-5.6-luna | 7 labels,
447f599e345f,cash_withdrawal_charge,,139,15,cash_withdrawal_charge,gpt-5.6-luna | 7 labels,
2407554a6a60,cash_withdrawal_charge,,124,15,cash_withdrawal_charge,gpt-5.6-luna | 7 labels,
4e3fb889c8e0,cash_withdrawal_charge,,135,35,cash_withdrawal_charge,gpt-5.6-luna | 7 labels,
85cb7c6190f2,cash_withdrawal_charge,,126,15,cash_withdrawal_charge,gpt-5.6-luna | 7 labels,
8d2d329ed4bd,cash_withdrawal_charge,,143,15,cash_withdrawal_charge,gpt-5.6-luna | 7 labels,
0395b8aa4fcd,cash_withdrawal_charge,,138,15,cash_withdrawal_charge,gpt-5.6-luna | 7 labels,
7e116daa03fa,cash_withdrawal_charge,,130,15,cash_withdrawal_charge,gpt-5.6-luna | 7 labels,
33a5e764eea2,cash_withdrawal_charge,,125,15,cash_withdrawal_charge,gpt-5.6-luna | 7 labels,
791ccae40b3e,cash_withdrawal_charge,,130,15,cash_withdrawal_charge,gpt-5.6-luna | 7 labels,
a84b00cf702e,cash_withdrawal_charge,,125,15,cash_withdrawal_charge,gpt-5.6-luna | 7 labels,
8e5a9ba87713,cash_withdrawal_charge,,123,15,cash_withdrawal_charge,gpt-5.6-luna | 7 labels,
927f5b3c8183,cash_withdrawal_charge,,130,15,cash_withdrawal_charge,gpt-5.6-luna | 7 labels,
7ba2be511a37,cash_withdrawal_charge,,144,15,cash_withdrawal_charge,gpt-5.6-luna | 7 labels,
ffe7282b752f,cash_withdrawal_charge,,125,15,cash_withdrawal_charge,gpt-5.6-luna | 7 labels,
897a9d82bc9d,cash_withdrawal_charge,,125,34,cash_withdrawal_charge,gpt-5.6-luna | 7 labels,
fd11f197e6c1,cash_withdrawal_charge,,129,15,cash_withdrawal_charge,gpt-5.6-luna | 7 labels,
c3865b14ea54,cash_withdrawal_charge,,127,15,cash_withdrawal_charge,gpt-5.6-luna | 7 labels,
96691587a695,cash_withdrawal_charge,,125,15,cash_withdrawal_charge,gpt-5.6-luna | 7 labels,
c6fdb3328c7f,cash_withdrawal_charge,,128,15,cash_withdrawal_charge,gpt-5.6-luna | 7 labels,
b05bb962a1b0,cash_withdrawal_charge,,128,101,cash_withdrawal_charge,gpt-5.6-luna | 7 labels,
2548bd6b87fc,cash_withdrawal_charge,,128,15,cash_withdrawal_charge,gpt-5.6-luna | 7 labels,
5525bf6d7b5c,cash_withdrawal_charge,,123,33,cash_withdrawal_charge,gpt-5.6-luna | 7 labels,
aed568398ed9,cash_withdrawal_charge,,123,15,cash_withdrawal_charge,gpt-5.6-luna | 7 labels,
e8075ca244ae,cash_withdrawal_charge,,133,15,cash_withdrawal_charge,gpt-5.6-luna | 7 labels,
0f8b231f5e53,cash_withdrawal_charge,,125,15,cash_withdrawal_charge,gpt-5.6-luna | 7 labels,
b51ec606eb3c,cash_withdrawal_charge,,131,15,cash_withdrawal_charge,gpt-5.6-luna | 7 labels,
73e1131fac73,cash_withdrawal_charge,,130,15,cash_withdrawal_charge,gpt-5.6-luna | 7 labels,
1d926c23f0bf,cash_withdrawal_charge,,124,15,cash_withdrawal_charge,gpt-5.6-luna | 7 labels,
f330b151079a,cash_withdrawal_charge,,131,15,cash_withdrawal_charge,gpt-5.6-luna | 7 labels,
96b10a227c4e,cash_withdrawal_charge,,125,15,cash_withdrawal_charge,gpt-5.6-luna | 7 labels,
6aa6dffb089d,cash_withdrawal_charge,,126,34,cash_withdrawal_charge,gpt-5.6-luna | 7 labels,
1132bd891489,cash_withdrawal_charge,,142,15,cash_withdrawal_charge,gpt-5.6-luna | 7 labels,
991941f69549,cash_withdrawal_charge,,126,15,cash_withdrawal_charge,gpt-5.6-luna | 7 labels,
8f02b807c785,cash_withdrawal_charge,,124,15,cash_withdrawal_charge,gpt-5.6-luna | 7 labels,
fba3bc99783f,cash_withdrawal_charge,,131,15,cash_withdrawal_charge,gpt-5.6-luna | 7 labels,
e6df9e8ac64c,cash_withdrawal_charge,,127,15,cash_withdrawal_charge,gpt-5.6-luna | 7 labels,
c345c23aa78c,cash_withdrawal_charge,,130,15,cash_withdrawal_charge,gpt-5.6-luna | 7 labels,
a3f7b0c52025,cash_withdrawal_charge,,144,15,cash_withdrawal_charge,gpt-5.6-luna | 7 labels,
f5abca437fb5,cash_withdrawal_charge,,162,15,cash_withdrawal_charge,gpt-5.6-luna | 7 labels,
87efaa1a1cbe,cash_withdrawal_charge,,158,15,cash_withdrawal_charge,gpt-5.6-luna | 7 labels,
6cff2aa56e02,cash_withdrawal_charge,,126,15,cash_withdrawal_charge,gpt-5.6-luna | 7 labels,
4a99d5602a32,cash_withdrawal_charge,,155,15,cash_withdrawal_charge,gpt-5.6-luna | 7 labels,
a6ebfee05775,cash_withdrawal_charge,,129,35,cash_withdrawal_charge,gpt-5.6-luna | 7 labels,
7d87dc36fd6e,cash_withdrawal_charge,,133,56,cash_withdrawal_charge,gpt-5.6-luna | 7 labels,
fa8a13a1ede9,cash_withdrawal_charge,,125,32,cash_withdrawal_charge,gpt-5.6-luna | 7 labels,
bdcc03f44bd0,cash_withdrawal_charge,,123,108,card_payment_fee_charged,gpt-5.6-luna | 7 labels,
f2de9ee4b514,cash_withdrawal_charge,,126,28,cash_withdrawal_charge,gpt-5.6-luna | 7 labels,
d78c5f9c13d2,cash_withdrawal_charge,,146,15,cash_withdrawal_charge,gpt-5.6-luna | 7 labels,
2d73daa3eb4f,cash_withdrawal_charge,,129,34,cash_withdrawal_charge,gpt-5.6-luna | 7 labels,
c4796017d60e,cash_withdrawal_charge,,186,15,cash_withdrawal_charge,gpt-5.6-luna | 7 labels,
2f4e8201f8a4,cash_withdrawal_charge,,128,15,cash_withdrawal_charge,gpt-5.6-luna | 7 labels,
ffad41b0750a,declined_cash_withdrawal,,143,44,declined_cash_withdrawal,gpt-5.6-luna | 7 labels,
4b26fc9cb13d,declined_cash_withdrawal,,150,37,declined_cash_withdrawal,gpt-5.6-luna | 7 labels,
59a08ffb3b55,declined_cash_withdrawal,,130,16,declined_cash_withdrawal,gpt-5.6-luna | 7 labels,
2a9cff62a134,declined_cash_withdrawal,,124,16,declined_cash_withdrawal,gpt-5.6-luna | 7 labels,
95d915e5c678,declined_cash_withdrawal,,124,16,declined_cash_withdrawal,gpt-5.6-luna | 7 labels,
1241abf13233,declined_cash_withdrawal,,129,16,declined_cash_withdrawal,gpt-5.6-luna | 7 labels,
c12fea7c4565,declined_cash_withdrawal,,125,16,declined_cash_withdrawal,gpt-5.6-luna | 7 labels,
ad8069fbd584,declined_cash_withdrawal,,132,16,declined_cash_withdrawal,gpt-5.6-luna | 7 labels,
0cad140e8d30,declined_cash_withdrawal,,131,39,declined_cash_withdrawal,gpt-5.6-luna | 7 labels,
fa714cb880ab,declined_cash_withdrawal,,145,16,declined_cash_withdrawal,gpt-5.6-luna | 7 labels,
1f6fb1121409,declined_cash_withdrawal,,130,16,declined_cash_withdrawal,gpt-5.6-luna | 7 labels,
cf516391857a,declined_cash_withdrawal,,125,16,declined_cash_withdrawal,gpt-5.6-luna | 7 labels,
b8e96e92cae0,declined_cash_withdrawal,,149,16,declined_cash_withdrawal,gpt-5.6-luna | 7 labels,
e9b6b700f49e,declined_cash_withdrawal,,123,16,declined_cash_withdrawal,gpt-5.6-luna | 7 labels,
75e9900a4695,declined_cash_withdrawal,,124,16,declined_cash_withdrawal,gpt-5.6-luna | 7 labels,
10de3104a3d0,declined_cash_withdrawal,,142,16,declined_cash_withdrawal,gpt-5.6-luna | 7 labels,
a23b2e0f0135,declined_cash_withdrawal,,127,16,declined_cash_withdrawal,gpt-5.6-luna | 7 labels,
74c712d5b358,declined_cash_withdrawal,,131,16,declined_cash_withdrawal,gpt-5.6-luna | 7 labels,
56ae7cfd9c27,declined_cash_withdrawal,,125,16,declined_cash_withdrawal,gpt-5.6-luna | 7 labels,
c36a2add0a2a,declined_cash_withdrawal,,123,16,declined_cash_withdrawal,gpt-5.6-luna | 7 labels,
57bb021a71ca,declined_cash_withdrawal,,150,35,declined_cash_withdrawal,gpt-5.6-luna | 7 labels,
b0363e0439a7,declined_cash_withdrawal,,125,36,declined_cash_withdrawal,gpt-5.6-luna | 7 labels,
7407e7dccd9b,declined_cash_withdrawal,,128,16,declined_cash_withdrawal,gpt-5.6-luna | 7 labels,
82074b616491,declined_cash_withdrawal,,128,16,declined_cash_withdrawal,gpt-5.6-luna | 7 labels,
59331f7ce58f,declined_cash_withdrawal,,123,16,declined_cash_withdrawal,gpt-5.6-luna | 7 labels,
6313e5050406,declined_cash_withdrawal,,124,35,declined_cash_withdrawal,gpt-5.6-luna | 7 labels,
a032c55864e7,declined_cash_withdrawal,,129,29,declined_cash_withdrawal,gpt-5.6-luna | 7 labels,
ebdd964150bd,declined_cash_withdrawal,,127,16,declined_cash_withdrawal,gpt-5.6-luna | 7 labels,
33fd4079de52,declined_cash_withdrawal,,136,16,declined_cash_withdrawal,gpt-5.6-luna | 7 labels,
3229e833a07c,declined_cash_withdrawal,,127,16,declined_cash_withdrawal,gpt-5.6-luna | 7 labels,
ce21fa54ffa8,declined_cash_withdrawal,,125,35,declined_cash_withdrawal,gpt-5.6-luna | 7 labels,
81c44d0a3e06,declined_cash_withdrawal,,143,29,declined_cash_withdrawal,gpt-5.6-luna | 7 labels,
586cf8b0e344,declined_cash_withdrawal,,123,16,declined_cash_withdrawal,gpt-5.6-luna | 7 labels,
3e1da13215c6,declined_cash_withdrawal,,125,16,declined_cash_withdrawal,gpt-5.6-luna | 7 labels,
d4b328aa244f,declined_cash_withdrawal,,143,16,declined_cash_withdrawal,gpt-5.6-luna | 7 labels,
9f65e611100c,declined_cash_withdrawal,,142,16,declined_cash_withdrawal,gpt-5.6-luna | 7 labels,
aebb1ebfe32b,declined_cash_withdrawal,,121,16,declined_cash_withdrawal,gpt-5.6-luna | 7 labels,
63bb58d24e56,declined_cash_withdrawal,,128,16,declined_cash_withdrawal,gpt-5.6-luna | 7 labels,
eb5d2695e883,declined_cash_withdrawal,,148,42,declined_cash_withdrawal,gpt-5.6-luna | 7 labels,
97e1580a2aaf,declined_cash_withdrawal,,146,16,declined_cash_withdrawal,gpt-5.6-luna | 7 labels,
ef9c65e6d3fc,declined_cash_withdrawal,,152,16,declined_cash_withdrawal,gpt-5.6-luna | 7 labels,
e4f593b757f7,declined_cash_withdrawal,,134,33,declined_cash_withdrawal,gpt-5.6-luna | 7 labels,
64155f01ef16,declined_cash_withdrawal,,125,16,declined_cash_withdrawal,gpt-5.6-luna | 7 labels,
aed7bd171beb,declined_cash_withdrawal,,144,16,declined_cash_withdrawal,gpt-5.6-luna | 7 labels,
54b33881e7f2,declined_cash_withdrawal,,123,16,declined_cash_withdrawal,gpt-5.6-luna | 7 labels,
fd84033a30d5,declined_cash_withdrawal,,124,36,declined_cash_withdrawal,gpt-5.6-luna | 7 labels,
b98fa893102c,declined_cash_withdrawal,,123,16,declined_cash_withdrawal,gpt-5.6-luna | 7 labels,
56aadeee16d6,declined_cash_withdrawal,,137,16,declined_cash_withdrawal,gpt-5.6-luna | 7 labels,
6a1296b9e8ec,declined_cash_withdrawal,,125,16,declined_cash_withdrawal,gpt-5.6-luna | 7 labels,
4f8fccdf640d,declined_cash_withdrawal,,146,31,declined_cash_withdrawal,gpt-5.6-luna | 7 labels,
e98902dace2a,declined_cash_withdrawal,,126,16,declined_cash_withdrawal,gpt-5.6-luna | 7 labels,
58baa472c201,declined_cash_withdrawal,,125,36,declined_cash_withdrawal,gpt-5.6-luna | 7 labels,
9f4b3dc4d893,declined_cash_withdrawal,,130,16,declined_cash_withdrawal,gpt-5.6-luna | 7 labels,
f110f6bc2464,declined_cash_withdrawal,,124,16,declined_cash_withdrawal,gpt-5.6-luna | 7 labels,
8ac91316026f,declined_cash_withdrawal,,128,16,declined_cash_withdrawal,gpt-5.6-luna | 7 labels,
a1a5cdabe5d0,declined_cash_withdrawal,,127,16,declined_cash_withdrawal,gpt-5.6-luna | 7 labels,
17605f6b2416,declined_cash_withdrawal,,154,16,declined_cash_withdrawal,gpt-5.6-luna | 7 labels,
6c56085c67da,declined_cash_withdrawal,,122,16,declined_cash_withdrawal,gpt-5.6-luna | 7 labels,
2af30e15d871,declined_cash_withdrawal,,126,16,declined_cash_withdrawal,gpt-5.6-luna | 7 labels,
9902659fbc28,declined_cash_withdrawal,,139,36,declined_cash_withdrawal,gpt-5.6-luna | 7 labels,
88f5dbb1c1ad,declined_cash_withdrawal,,125,40,declined_cash_withdrawal,gpt-5.6-luna | 7 labels,
573a99e4d1c4,declined_cash_withdrawal,,128,35,declined_cash_withdrawal,gpt-5.6-luna | 7 labels,
3204ece07310,declined_cash_withdrawal,,128,39,declined_cash_withdrawal,gpt-5.6-luna | 7 labels,
eb8b7133c6ce,declined_cash_withdrawal,,123,16,declined_cash_withdrawal,gpt-5.6-luna | 7 labels,
e367e2b7a3a6,declined_cash_withdrawal,,127,16,declined_cash_withdrawal,gpt-5.6-luna | 7 labels,
84e0feabbcc1,declined_cash_withdrawal,,125,69,declined_cash_withdrawal,gpt-5.6-luna | 7 labels,
587e3aedca85,declined_cash_withdrawal,,126,16,declined_cash_withdrawal,gpt-5.6-luna | 7 labels,
82ce57412d1c,declined_cash_withdrawal,,123,39,declined_cash_withdrawal,gpt-5.6-luna | 7 labels,
24b7058a7953,declined_cash_withdrawal,,132,37,declined_cash_withdrawal,gpt-5.6-luna | 7 labels,
2e85dd5a0a1e,declined_cash_withdrawal,,149,16,declined_cash_withdrawal,gpt-5.6-luna | 7 labels,
af54e7ed10c7,declined_cash_withdrawal,,123,16,declined_cash_withdrawal,gpt-5.6-luna | 7 labels,
caca0b466c37,declined_cash_withdrawal,,122,36,declined_cash_withdrawal,gpt-5.6-luna | 7 labels,
1dbbd5d7cbec,declined_cash_withdrawal,,129,16,declined_cash_withdrawal,gpt-5.6-luna | 7 labels,
1a35d292a768,declined_cash_withdrawal,,121,41,declined_cash_withdrawal,gpt-5.6-luna | 7 labels,
c01b046ed4ec,declined_cash_withdrawal,,143,16,declined_cash_withdrawal,gpt-5.6-luna | 7 labels,
4904c1e956be,declined_cash_withdrawal,,122,16,declined_cash_withdrawal,gpt-5.6-luna | 7 labels,
b5d175fb2952,declined_cash_withdrawal,,125,16,declined_cash_withdrawal,gpt-5.6-luna | 7 labels,
be1be26721f3,declined_cash_withdrawal,,122,16,declined_cash_withdrawal,gpt-5.6-luna | 7 labels,
546d3ed9da9e,declined_cash_withdrawal,,156,16,declined_cash_withdrawal,gpt-5.6-luna | 7 labels,
22f0b6dbe6c5,declined_cash_withdrawal,,153,16,declined_cash_withdrawal,gpt-5.6-luna | 7 labels,
30e96bf1f8f7,declined_cash_withdrawal,,126,16,declined_cash_withdrawal,gpt-5.6-luna | 7 labels,
f7d7c080bc78,declined_cash_withdrawal,,124,34,declined_cash_withdrawal,gpt-5.6-luna | 7 labels,
808e6e39a5af,declined_cash_withdrawal,,124,16,declined_cash_withdrawal,gpt-5.6-luna | 7 labels,
a4890bd46d01,declined_cash_withdrawal,,129,16,declined_cash_withdrawal,gpt-5.6-luna | 7 labels,
9da1542ff89e,declined_cash_withdrawal,,124,35,declined_cash_withdrawal,gpt-5.6-luna | 7 labels,
56234621113c,declined_cash_withdrawal,,144,16,declined_cash_withdrawal,gpt-5.6-luna | 7 labels,
e7c9a40a2727,declined_cash_withdrawal,,131,16,declined_cash_withdrawal,gpt-5.6-luna | 7 labels,
72ef4b77522a,declined_cash_withdrawal,,123,16,declined_cash_withdrawal,gpt-5.6-luna | 7 labels,
05ef3acff6ec,declined_cash_withdrawal,,127,16,declined_cash_withdrawal,gpt-5.6-luna | 7 labels,
22dc1f79528e,declined_cash_withdrawal,,144,16,declined_cash_withdrawal,gpt-5.6-luna | 7 labels,
20c0699f17a9,declined_cash_withdrawal,,129,16,declined_cash_withdrawal,gpt-5.6-luna | 7 labels,
330f98e547a1,declined_cash_withdrawal,,127,16,declined_cash_withdrawal,gpt-5.6-luna | 7 labels,
385742f75dea,declined_cash_withdrawal,,129,40,declined_cash_withdrawal,gpt-5.6-luna | 7 labels,
67ade56a0c4f,declined_cash_withdrawal,,124,16,declined_cash_withdrawal,gpt-5.6-luna | 7 labels,
4b8bed441b7c,declined_cash_withdrawal,,155,29,declined_cash_withdrawal,gpt-5.6-luna | 7 labels,
2efc87fba257,declined_cash_withdrawal,,124,16,declined_cash_withdrawal,gpt-5.6-luna | 7 labels,
3ac939d238d3,declined_cash_withdrawal,,149,16,declined_cash_withdrawal,gpt-5.6-luna | 7 labels,
a97136980dd9,declined_cash_withdrawal,,125,16,declined_cash_withdrawal,gpt-5.6-luna | 7 labels,
cfccfc0c6b2a,declined_cash_withdrawal,,124,16,declined_cash_withdrawal,gpt-5.6-luna | 7 labels,
58e19741612d,declined_cash_withdrawal,,122,16,declined_cash_withdrawal,gpt-5.6-luna | 7 labels,
b5bc04b0bb13,declined_cash_withdrawal,,153,16,declined_cash_withdrawal,gpt-5.6-luna | 7 labels,
6e28739f7644,declined_cash_withdrawal,,156,16,declined_cash_withdrawal,gpt-5.6-luna | 7 labels,
68bb47f2ce46,declined_cash_withdrawal,,143,16,declined_cash_withdrawal,gpt-5.6-luna | 7 labels,
8c8bd75d0c84,declined_cash_withdrawal,,139,16,declined_cash_withdrawal,gpt-5.6-luna | 7 labels,
285332230ced,declined_cash_withdrawal,,124,16,declined_cash_withdrawal,gpt-5.6-luna | 7 labels,
3083503f1621,declined_cash_withdrawal,,129,38,declined_cash_withdrawal,gpt-5.6-luna | 7 labels,
49e1efab204c,declined_cash_withdrawal,,128,37,declined_cash_withdrawal,gpt-5.6-luna | 7 labels,
2a67c576c539,declined_cash_withdrawal,,126,35,declined_cash_withdrawal,gpt-5.6-luna | 7 labels,
25920238a3b3,declined_cash_withdrawal,,137,16,declined_cash_withdrawal,gpt-5.6-luna | 7 labels,
a2558eaeb571,declined_cash_withdrawal,,128,16,declined_cash_withdrawal,gpt-5.6-luna | 7 labels,
db92b25a0926,declined_cash_withdrawal,,151,16,declined_cash_withdrawal,gpt-5.6-luna | 7 labels,
de33995c4fb0,declined_cash_withdrawal,,129,65,declined_cash_withdrawal,gpt-5.6-luna | 7 labels,
9616647de607,declined_cash_withdrawal,,136,42,declined_cash_withdrawal,gpt-5.6-luna | 7 labels,
656bfc4dbfe1,declined_cash_withdrawal,,143,36,declined_cash_withdrawal,gpt-5.6-luna | 7 labels,
60e613ed8eb5,declined_cash_withdrawal,,123,16,declined_cash_withdrawal,gpt-5.6-luna | 7 labels,
6d629e9ac187,declined_cash_withdrawal,,145,16,declined_cash_withdrawal,gpt-5.6-luna | 7 labels,
acb01ae9aff6,declined_cash_withdrawal,,126,16,declined_cash_withdrawal,gpt-5.6-luna | 7 labels,
05fc58c61541,declined_cash_withdrawal,,125,16,declined_cash_withdrawal,gpt-5.6-luna | 7 labels,
44ecce3b3dad,declined_cash_withdrawal,,133,96,declined_cash_withdrawal,gpt-5.6-luna | 7 labels,
4d5508df562c,declined_cash_withdrawal,,129,35,declined_cash_withdrawal,gpt-5.6-luna | 7 labels,
abc1db756bd5,declined_cash_withdrawal,,128,16,declined_cash_withdrawal,gpt-5.6-luna | 7 labels,
d8d198aec0d4,declined_cash_withdrawal,,126,16,declined_cash_withdrawal,gpt-5.6-luna | 7 labels,
4a462c820164,declined_cash_withdrawal,,132,16,declined_cash_withdrawal,gpt-5.6-luna | 7 labels,
538714fdf2d0,declined_cash_withdrawal,,152,16,declined_cash_withdrawal,gpt-5.6-luna | 7 labels,
cd3eaeeddadd,declined_cash_withdrawal,,156,29,declined_cash_withdrawal,gpt-5.6-luna | 7 labels,
0d065460408d,declined_cash_withdrawal,,137,132,declined_cash_withdrawal,gpt-5.6-luna | 7 labels,
7c6616df843b,declined_cash_withdrawal,,155,16,declined_cash_withdrawal,gpt-5.6-luna | 7 labels,
02684d197e1e,declined_cash_withdrawal,,150,16,declined_cash_withdrawal,gpt-5.6-luna | 7 labels,
c9d242514182,declined_cash_withdrawal,,150,29,declined_cash_withdrawal,gpt-5.6-luna | 7 labels,
8fc0317efe3d,declined_cash_withdrawal,,121,16,declined_cash_withdrawal,gpt-5.6-luna | 7 labels,
0e8e2a81d045,declined_cash_withdrawal,,144,35,declined_cash_withdrawal,gpt-5.6-luna | 7 labels,
7a755e05ae3e,declined_cash_withdrawal,,123,36,declined_cash_withdrawal,gpt-5.6-luna | 7 labels,
a46345c1616e,declined_cash_withdrawal,,126,43,declined_cash_withdrawal,gpt-5.6-luna | 7 labels,
bc456381faf0,declined_cash_withdrawal,,121,41,declined_cash_withdrawal,gpt-5.6-luna | 7 labels,
fd376202416f,declined_cash_withdrawal,,142,16,declined_cash_withdrawal,gpt-5.6-luna | 7 labels,
092a22e2ca40,declined_cash_withdrawal,,125,16,declined_cash_withdrawal,gpt-5.6-luna | 7 labels,
acfd17884c7b,declined_cash_withdrawal,,129,16,declined_cash_withdrawal,gpt-5.6-luna | 7 labels,
d3ef043fc593,declined_cash_withdrawal,,124,16,declined_cash_withdrawal,gpt-5.6-luna | 7 labels,
f792726a53de,declined_cash_withdrawal,,126,16,declined_cash_withdrawal,gpt-5.6-luna | 7 labels,
3dde84ff9062,declined_cash_withdrawal,,124,16,declined_cash_withdrawal,gpt-5.6-luna | 7 labels,
22bbe87f6b3d,declined_cash_withdrawal,,122,16,declined_cash_withdrawal,gpt-5.6-luna | 7 labels,
d5472a53d5af,declined_cash_withdrawal,,133,16,declined_cash_withdrawal,gpt-5.6-luna | 7 labels,
56454457e5fd,declined_cash_withdrawal,,125,38,declined_cash_withdrawal,gpt-5.6-luna | 7 labels,
ec2f092b90e5,direct_debit_payment_not_recognised,,127,18,direct_debit_payment_not_recognised,gpt-5.6-luna | 7 labels,
d4b6145b7085,direct_debit_payment_not_recognised,,124,18,direct_debit_payment_not_recognised,gpt-5.6-luna | 7 labels,
32022a40ef83,direct_debit_payment_not_recognised,,120,100,direct_debit_payment_not_recognised,gpt-5.6-luna | 7 labels,
28d1e480b591,direct_debit_payment_not_recognised,,124,18,direct_debit_payment_not_recognised,gpt-5.6-luna | 7 labels,
ac277ecff260,direct_debit_payment_not_recognised,,128,18,direct_debit_payment_not_recognised,gpt-5.6-luna | 7 labels,
c576bdd963be,direct_debit_payment_not_recognised,,126,18,direct_debit_payment_not_recognised,gpt-5.6-luna | 7 labels,
0f2766a40d76,direct_debit_payment_not_recognised,,128,18,direct_debit_payment_not_recognised,gpt-5.6-luna | 7 labels,
da66d5b3c147,direct_debit_payment_not_recognised,,128,57,direct_debit_payment_not_recognised,gpt-5.6-luna | 7 labels,
ba66e5e5d083,direct_debit_payment_not_recognised,,125,118,direct_debit_payment_not_recognised,gpt-5.6-luna | 7 labels,
63f79538134c,direct_debit_payment_not_recognised,,129,18,direct_debit_payment_not_recognised,gpt-5.6-luna | 7 labels,
1439fc285bee,direct_debit_payment_not_recognised,,126,18,direct_debit_payment_not_recognised,gpt-5.6-luna | 7 labels,
81bebc76c00b,direct_debit_payment_not_recognised,,133,46,direct_debit_payment_not_recognised,gpt-5.6-luna | 7 labels,
032ede55cbe0,direct_debit_payment_not_recognised,,128,41,direct_debit_payment_not_recognised,gpt-5.6-luna | 7 labels,
54d2c351bc75,direct_debit_payment_not_recognised,,127,18,direct_debit_payment_not_recognised,gpt-5.6-luna | 7 labels,
5511ec087f6e,direct_debit_payment_not_recognised,,126,69,direct_debit_payment_not_recognised,gpt-5.6-luna | 7 labels,
c51414b409e3,direct_debit_payment_not_recognised,,129,18,direct_debit_payment_not_recognised,gpt-5.6-luna | 7 labels,
c2fc7e698d6b,direct_debit_payment_not_recognised,,130,18,direct_debit_payment_not_recognised,gpt-5.6-luna | 7 labels,
f6fc49e5023e,direct_debit_payment_not_recognised,,137,18,direct_debit_payment_not_recognised,gpt-5.6-luna | 7 labels,
e25961c63216,direct_debit_payment_not_recognised,,123,40,direct_debit_payment_not_recognised,gpt-5.6-luna | 7 labels,
8da5fd2a0fbd,direct_debit_payment_not_recognised,,125,51,direct_debit_payment_not_recognised,gpt-5.6-luna | 7 labels,
d3c717ebe66b,direct_debit_payment_not_recognised,,128,63,direct_debit_payment_not_recognised,gpt-5.6-luna | 7 labels,
29c91108f1cd,direct_debit_payment_not_recognised,,146,73,direct_debit_payment_not_recognised,gpt-5.6-luna | 7 labels,
6170ca25ccc0,direct_debit_payment_not_recognised,,128,91,direct_debit_payment_not_recognised,gpt-5.6-luna | 7 labels,
77493789df3f,direct_debit_payment_not_recognised,,129,71,direct_debit_payment_not_recognised,gpt-5.6-luna | 7 labels,
1bf2ab54fc95,direct_debit_payment_not_recognised,,131,18,direct_debit_payment_not_recognised,gpt-5.6-luna | 7 labels,
43c13e598ffd,direct_debit_payment_not_recognised,,155,158,direct_debit_payment_not_recognised,gpt-5.6-luna | 7 labels,
024ed8a1ec2b,direct_debit_payment_not_recognised,,125,18,direct_debit_payment_not_recognised,gpt-5.6-luna | 7 labels,
e843bd0357e4,direct_debit_payment_not_recognised,,131,18,direct_debit_payment_not_recognised,gpt-5.6-luna | 7 labels,
a6f15cebf9f4,direct_debit_payment_not_recognised,,127,39,direct_debit_payment_not_recognised,gpt-5.6-luna | 7 labels,
b7e2760df1b2,direct_debit_payment_not_recognised,,130,18,direct_debit_payment_not_recognised,gpt-5.6-luna | 7 labels,
a34201df24ea,direct_debit_payment_not_recognised,,127,18,direct_debit_payment_not_recognised,gpt-5.6-luna | 7 labels,
38e0b43ae46c,direct_debit_payment_not_recognised,,160,131,direct_debit_payment_not_recognised,gpt-5.6-luna | 7 labels,
b7a32523c67b,direct_debit_payment_not_recognised,,127,18,direct_debit_payment_not_recognised,gpt-5.6-luna | 7 labels,
e24d4966a876,direct_debit_payment_not_recognised,,132,18,direct_debit_payment_not_recognised,gpt-5.6-luna | 7 labels,
89cad4a251ec,direct_debit_payment_not_recognised,,179,140,direct_debit_payment_not_recognised,gpt-5.6-luna | 7 labels,
1fec62c87951,direct_debit_payment_not_recognised,,159,72,direct_debit_payment_not_recognised,gpt-5.6-luna | 7 labels,
649fbd390698,direct_debit_payment_not_recognised,,127,18,direct_debit_payment_not_recognised,gpt-5.6-luna | 7 labels,
c3da8c468751,direct_debit_payment_not_recognised,,121,154,card_payment_fee_charged,gpt-5.6-luna | 7 labels,
bacd2b686042,direct_debit_payment_not_recognised,,158,97,direct_debit_payment_not_recognised,gpt-5.6-luna | 7 labels,
810696767975,direct_debit_payment_not_recognised,,129,61,direct_debit_payment_not_recognised,gpt-5.6-luna | 7 labels,
d9238f29154a,direct_debit_payment_not_recognised,,132,18,direct_debit_payment_not_recognised,gpt-5.6-luna | 7 labels,
139c150f249f,direct_debit_payment_not_recognised,,126,70,direct_debit_payment_not_recognised,gpt-5.6-luna | 7 labels,
6e77c5f48b49,direct_debit_payment_not_recognised,,127,18,direct_debit_payment_not_recognised,gpt-5.6-luna | 7 labels,
ccb84c14ed2e,direct_debit_payment_not_recognised,,125,49,direct_debit_payment_not_recognised,gpt-5.6-luna | 7 labels,
7f748ab80fd6,direct_debit_payment_not_recognised,,134,18,direct_debit_payment_not_recognised,gpt-5.6-luna | 7 labels,
25062f5c9a69,direct_debit_payment_not_recognised,,126,18,direct_debit_payment_not_recognised,gpt-5.6-luna | 7 labels,
0a3f6dfaf002,direct_debit_payment_not_recognised,,145,59,direct_debit_payment_not_recognised,gpt-5.6-luna | 7 labels,
c3fda975fe66,direct_debit_payment_not_recognised,,136,18,direct_debit_payment_not_recognised,gpt-5.6-luna | 7 labels,
40197f1e9157,direct_debit_payment_not_recognised,,132,18,direct_debit_payment_not_recognised,gpt-5.6-luna | 7 labels,
14c5259345d9,direct_debit_payment_not_recognised,,130,18,direct_debit_payment_not_recognised,gpt-5.6-luna | 7 labels,
bd5fbc6481f3,direct_debit_payment_not_recognised,,129,58,direct_debit_payment_not_recognised,gpt-5.6-luna | 7 labels,
1203bc6b1f15,direct_debit_payment_not_recognised,,156,120,direct_debit_payment_not_recognised,gpt-5.6-luna | 7 labels,
eb56103fd2c7,direct_debit_payment_not_recognised,,126,18,direct_debit_payment_not_recognised,gpt-5.6-luna | 7 labels,
0d2e08cfb5ad,direct_debit_payment_not_recognised,,137,45,direct_debit_payment_not_recognised,gpt-5.6-luna | 7 labels,
5378423cf187,direct_debit_payment_not_recognised,,126,18,direct_debit_payment_not_recognised,gpt-5.6-luna | 7 labels,
8693d3291a26,direct_debit_payment_not_recognised,,127,18,direct_debit_payment_not_recognised,gpt-5.6-luna | 7 labels,
d4ddbac1199d,direct_debit_payment_not_recognised,,158,67,direct_debit_payment_not_recognised,gpt-5.6-luna | 7 labels,
21725a1be943,direct_debit_payment_not_recognised,,125,95,direct_debit_payment_not_recognised,gpt-5.6-luna | 7 labels,
fcf57ee06399,direct_debit_payment_not_recognised,,125,18,direct_debit_payment_not_recognised,gpt-5.6-luna | 7 labels,
32bffbdb4aa2,direct_debit_payment_not_recognised,,131,40,direct_debit_payment_not_recognised,gpt-5.6-luna | 7 labels,
54c9cc66e6c2,direct_debit_payment_not_recognised,,127,89,direct_debit_payment_not_recognised,gpt-5.6-luna | 7 labels,
f8493a908cba,direct_debit_payment_not_recognised,,130,18,direct_debit_payment_not_recognised,gpt-5.6-luna | 7 labels,
dae7069b7a09,direct_debit_payment_not_recognised,,127,18,direct_debit_payment_not_recognised,gpt-5.6-luna | 7 labels,
58ddf30a6e8d,direct_debit_payment_not_recognised,,130,18,direct_debit_payment_not_recognised,gpt-5.6-luna | 7 labels,
19dbbbd222c3,direct_debit_payment_not_recognised,,130,18,direct_debit_payment_not_recognised,gpt-5.6-luna | 7 labels,
f4232082bc7f,direct_debit_payment_not_recognised,,140,69,direct_debit_payment_not_recognised,gpt-5.6-luna | 7 labels,
cdb9322a6496,direct_debit_payment_not_recognised,,149,76,direct_debit_payment_not_recognised,gpt-5.6-luna | 7 labels,
7d9fdfd3b652,direct_debit_payment_not_recognised,,129,120,direct_debit_payment_not_recognised,gpt-5.6-luna | 7 labels,
d8581b0de08d,direct_debit_payment_not_recognised,,157,83,direct_debit_payment_not_recognised,gpt-5.6-luna | 7 labels,
376bae167286,direct_debit_payment_not_recognised,,127,50,direct_debit_payment_not_recognised,gpt-5.6-luna | 7 labels,
f0e1ea12dd32,direct_debit_payment_not_recognised,,120,80,direct_debit_payment_not_recognised,gpt-5.6-luna | 7 labels,
8c5b1c4143a3,direct_debit_payment_not_recognised,,125,62,direct_debit_payment_not_recognised,gpt-5.6-luna | 7 labels,
09423a7fea66,direct_debit_payment_not_recognised,,132,18,direct_debit_payment_not_recognised,gpt-5.6-luna | 7 labels,
cf686493980a,direct_debit_payment_not_recognised,,131,48,direct_debit_payment_not_recognised,gpt-5.6-luna | 7 labels,
4a770c22e8c4,direct_debit_payment_not_recognised,,125,40,direct_debit_payment_not_recognised,gpt-5.6-luna | 7 labels,
f6fd29a48ffe,direct_debit_payment_not_recognised,,128,82,direct_debit_payment_not_recognised,gpt-5.6-luna | 7 labels,
a4dfbbe9d9f0,direct_debit_payment_not_recognised,,153,78,direct_debit_payment_not_recognised,gpt-5.6-luna | 7 labels,
f6d9a0b4f2fa,direct_debit_payment_not_recognised,,146,86,direct_debit_payment_not_recognised,gpt-5.6-luna | 7 labels,
471f09f9243d,direct_debit_payment_not_recognised,,127,18,direct_debit_payment_not_recognised,gpt-5.6-luna | 7 labels,
9a7106d1903a,direct_debit_payment_not_recognised,,170,78,direct_debit_payment_not_recognised,gpt-5.6-luna | 7 labels,
15feca82dac1,direct_debit_payment_not_recognised,,126,18,direct_debit_payment_not_recognised,gpt-5.6-luna | 7 labels,
46f9a88867f8,direct_debit_payment_not_recognised,,131,18,direct_debit_payment_not_recognised,gpt-5.6-luna | 7 labels,
c1c06eb0078c,direct_debit_payment_not_recognised,,133,139,direct_debit_payment_not_recognised,gpt-5.6-luna | 7 labels,
f7874ef73810,direct_debit_payment_not_recognised,,148,99,direct_debit_payment_not_recognised,gpt-5.6-luna | 7 labels,
e13a468715a5,direct_debit_payment_not_recognised,,160,105,direct_debit_payment_not_recognised,gpt-5.6-luna | 7 labels,
57431e9e9c2e,direct_debit_payment_not_recognised,,119,61,direct_debit_payment_not_recognised,gpt-5.6-luna | 7 labels,
81fcc76b536a,direct_debit_payment_not_recognised,,121,51,direct_debit_payment_not_recognised,gpt-5.6-luna | 7 labels,
86bb00bd18d7,direct_debit_payment_not_recognised,,128,48,direct_debit_payment_not_recognised,gpt-5.6-luna | 7 labels,
11e85fc3d550,direct_debit_payment_not_recognised,,163,85,direct_debit_payment_not_recognised,gpt-5.6-luna | 7 labels,
4121db87c1e2,direct_debit_payment_not_recognised,,125,49,direct_debit_payment_not_recognised,gpt-5.6-luna | 7 labels,
e317cd75a6aa,direct_debit_payment_not_recognised,,160,107,direct_debit_payment_not_recognised,gpt-5.6-luna | 7 labels,
6bb19d75d9b6,direct_debit_payment_not_recognised,,126,59,direct_debit_payment_not_recognised,gpt-5.6-luna | 7 labels,
06359beb75e2,direct_debit_payment_not_recognised,,127,18,direct_debit_payment_not_recognised,gpt-5.6-luna | 7 labels,
2707d1e7a15f,direct_debit_payment_not_recognised,,142,66,direct_debit_payment_not_recognised,gpt-5.6-luna | 7 labels,
135fb884a9c3,direct_debit_payment_not_recognised,,134,18,direct_debit_payment_not_recognised,gpt-5.6-luna | 7 labels,
87593955c6ce,direct_debit_payment_not_recognised,,130,133,direct_debit_payment_not_recognised,gpt-5.6-luna | 7 labels,
e772e7940c7b,direct_debit_payment_not_recognised,,126,18,direct_debit_payment_not_recognised,gpt-5.6-luna | 7 labels,
d2b546354130,direct_debit_payment_not_recognised,,131,65,direct_debit_payment_not_recognised,gpt-5.6-luna | 7 labels,
ac748d95e7b7,direct_debit_payment_not_recognised,,145,78,direct_debit_payment_not_recognised,gpt-5.6-luna | 7 labels,
a9bd1e0c4153,direct_debit_payment_not_recognised,,122,119,direct_debit_payment_not_recognised,gpt-5.6-luna | 7 labels,
543e7ef22a23,direct_debit_payment_not_recognised,,125,38,direct_debit_payment_not_recognised,gpt-5.6-luna | 7 labels,
8cb22a656121,direct_debit_payment_not_recognised,,144,117,direct_debit_payment_not_recognised,gpt-5.6-luna | 7 labels,
8e0e4eba2b28,direct_debit_payment_not_recognised,,128,18,direct_debit_payment_not_recognised,gpt-5.6-luna | 7 labels,
95b9f8601504,direct_debit_payment_not_recognised,,126,48,direct_debit_payment_not_recognised,gpt-5.6-luna | 7 labels,
79eb85c16f7a,direct_debit_payment_not_recognised,,122,115,direct_debit_payment_not_recognised,gpt-5.6-luna | 7 labels,
168c7a50066b,direct_debit_payment_not_recognised,,139,82,direct_debit_payment_not_recognised,gpt-5.6-luna | 7 labels,
06008995081c,direct_debit_payment_not_recognised,,128,90,direct_debit_payment_not_recognised,gpt-5.6-luna | 7 labels,
1551f09e9880,direct_debit_payment_not_recognised,,127,161,card_payment_fee_charged,gpt-5.6-luna | 7 labels,
e83af689b13f,direct_debit_payment_not_recognised,,127,56,direct_debit_payment_not_recognised,gpt-5.6-luna | 7 labels,
7b4a7c0c4bd2,direct_debit_payment_not_recognised,,130,18,direct_debit_payment_not_recognised,gpt-5.6-luna | 7 labels,
f0f4e224e979,direct_debit_payment_not_recognised,,124,54,direct_debit_payment_not_recognised,gpt-5.6-luna | 7 labels,
e075b58645e9,direct_debit_payment_not_recognised,,124,18,direct_debit_payment_not_recognised,gpt-5.6-luna | 7 labels,
982086ce9e97,direct_debit_payment_not_recognised,,129,18,direct_debit_payment_not_recognised,gpt-5.6-luna | 7 labels,
67102952670e,direct_debit_payment_not_recognised,,125,18,direct_debit_payment_not_recognised,gpt-5.6-luna | 7 labels,
bb2476ad6519,direct_debit_payment_not_recognised,,150,131,direct_debit_payment_not_recognised,gpt-5.6-luna | 7 labels,
c952fc83f48a,direct_debit_payment_not_recognised,,125,18,direct_debit_payment_not_recognised,gpt-5.6-luna | 7 labels,
513ca2a24232,direct_debit_payment_not_recognised,,130,18,direct_debit_payment_not_recognised,gpt-5.6-luna | 7 labels,
3a47e857297a,direct_debit_payment_not_recognised,,127,18,direct_debit_payment_not_recognised,gpt-5.6-luna | 7 labels,
e61fe6f773b2,direct_debit_payment_not_recognised,,133,75,direct_debit_payment_not_recognised,gpt-5.6-luna | 7 labels,
0bbc00830ab8,direct_debit_payment_not_recognised,,121,108,declined_cash_withdrawal,gpt-5.6-luna | 7 labels,
f0babea3a641,direct_debit_payment_not_recognised,,132,18,direct_debit_payment_not_recognised,gpt-5.6-luna | 7 labels,
41c1d6f080e7,direct_debit_payment_not_recognised,,130,18,direct_debit_payment_not_recognised,gpt-5.6-luna | 7 labels,
60317b30e714,direct_debit_payment_not_recognised,,131,18,direct_debit_payment_not_recognised,gpt-5.6-luna | 7 labels,
e5d9033da2d5,direct_debit_payment_not_recognised,,124,50,direct_debit_payment_not_recognised,gpt-5.6-luna | 7 labels,
2d28ed2edbc1,direct_debit_payment_not_recognised,,159,134,direct_debit_payment_not_recognised,gpt-5.6-luna | 7 labels,
b2e4a3d33699,direct_debit_payment_not_recognised,,153,79,direct_debit_payment_not_recognised,gpt-5.6-luna | 7 labels,
b4344abd92f0,direct_debit_payment_not_recognised,,131,18,direct_debit_payment_not_recognised,gpt-5.6-luna | 7 labels,
76b31de227f5,direct_debit_payment_not_recognised,,133,18,direct_debit_payment_not_recognised,gpt-5.6-luna | 7 labels,
9967cce2d99e,direct_debit_payment_not_recognised,,128,18,direct_debit_payment_not_recognised,gpt-5.6-luna | 7 labels,
aa5ee7397da9,direct_debit_payment_not_recognised,,135,18,direct_debit_payment_not_recognised,gpt-5.6-luna | 7 labels,
fe40e69281c2,direct_debit_payment_not_recognised,,126,18,direct_debit_payment_not_recognised,gpt-5.6-luna | 7 labels,
dd877d05f8de,direct_debit_payment_not_recognised,,128,18,direct_debit_payment_not_recognised,gpt-5.6-luna | 7 labels,
3c1f3a6004ec,direct_debit_payment_not_recognised,,131,18,direct_debit_payment_not_recognised,gpt-5.6-luna | 7 labels,
d456893a0c45,direct_debit_payment_not_recognised,,124,58,direct_debit_payment_not_recognised,gpt-5.6-luna | 7 labels,
79ed9aec79db,direct_debit_payment_not_recognised,,132,18,direct_debit_payment_not_recognised,gpt-5.6-luna | 7 labels,
8a6fbb2a2c9b,direct_debit_payment_not_recognised,,158,188,direct_debit_payment_not_recognised,gpt-5.6-luna | 7 labels,
3cec15e7effe,direct_debit_payment_not_recognised,,157,71,direct_debit_payment_not_recognised,gpt-5.6-luna | 7 labels,
1d34612cf1e3,direct_debit_payment_not_recognised,,126,72,direct_debit_payment_not_recognised,gpt-5.6-luna | 7 labels,
60105032ba4b,direct_debit_payment_not_recognised,,127,18,direct_debit_payment_not_recognised,gpt-5.6-luna | 7 labels,
a04267874efa,direct_debit_payment_not_recognised,,127,18,direct_debit_payment_not_recognised,gpt-5.6-luna | 7 labels,
cf16b00a0cef,direct_debit_payment_not_recognised,,127,92,direct_debit_payment_not_recognised,gpt-5.6-luna | 7 labels,
594f17419691,direct_debit_payment_not_recognised,,130,18,direct_debit_payment_not_recognised,gpt-5.6-luna | 7 labels,
688853f8f005,direct_debit_payment_not_recognised,,160,76,direct_debit_payment_not_recognised,gpt-5.6-luna | 7 labels,
1d0826ea8b9e,transaction_charged_twice,,121,16,transaction_charged_twice,gpt-5.6-luna | 7 labels,
f4085aae5cc1,transaction_charged_twice,,180,16,transaction_charged_twice,gpt-5.6-luna | 7 labels,
2afc8717563f,transaction_charged_twice,,126,16,transaction_charged_twice,gpt-5.6-luna | 7 labels,
fff940ff90d0,transaction_charged_twice,,172,16,transaction_charged_twice,gpt-5.6-luna | 7 labels,
23276acb7111,transaction_charged_twice,,121,16,transaction_charged_twice,gpt-5.6-luna | 7 labels,
1274575f950f,transaction_charged_twice,,145,16,transaction_charged_twice,gpt-5.6-luna | 7 labels,
beb082e3614f,transaction_charged_twice,,126,16,transaction_charged_twice,gpt-5.6-luna | 7 labels,
1bf819023c2f,transaction_charged_twice,,126,16,transaction_charged_twice,gpt-5.6-luna | 7 labels,
b1beb0196b21,transaction_charged_twice,,124,16,transaction_charged_twice,gpt-5.6-luna | 7 labels,
15422f6050b6,transaction_charged_twice,,125,16,transaction_charged_twice,gpt-5.6-luna | 7 labels,
6f70acf1b493,transaction_charged_twice,,131,16,transaction_charged_twice,gpt-5.6-luna | 7 labels,
7f3618a61268,transaction_charged_twice,,125,16,transaction_charged_twice,gpt-5.6-luna | 7 labels,
fb0b6a8720fb,transaction_charged_twice,,143,16,transaction_charged_twice,gpt-5.6-luna | 7 labels,
11b5e86d3ba9,transaction_charged_twice,,124,16,transaction_charged_twice,gpt-5.6-luna | 7 labels,
3c0b7414cb1d,transaction_charged_twice,,127,16,transaction_charged_twice,gpt-5.6-luna | 7 labels,
9b73565cc07b,transaction_charged_twice,,138,16,transaction_charged_twice,gpt-5.6-luna | 7 labels,
0f8845689682,transaction_charged_twice,,186,16,transaction_charged_twice,gpt-5.6-luna | 7 labels,
91541ec20cd0,transaction_charged_twice,,175,65,transaction_charged_twice,gpt-5.6-luna | 7 labels,
1f09664bf76c,transaction_charged_twice,,131,16,transaction_charged_twice,gpt-5.6-luna | 7 labels,
82021ce9b574,transaction_charged_twice,,122,16,transaction_charged_twice,gpt-5.6-luna | 7 labels,
4caee5466567,transaction_charged_twice,,126,16,transaction_charged_twice,gpt-5.6-luna | 7 labels,
04a322769b11,transaction_charged_twice,,121,16,transaction_charged_twice,gpt-5.6-luna | 7 labels,
9d908c20c8d8,transaction_charged_twice,,125,16,transaction_charged_twice,gpt-5.6-luna | 7 labels,
3fbf3b20b7e9,transaction_charged_twice,,124,16,transaction_charged_twice,gpt-5.6-luna | 7 labels,
1a3669654831,transaction_charged_twice,,143,16,transaction_charged_twice,gpt-5.6-luna | 7 labels,
daa9a995d318,transaction_charged_twice,,127,41,transaction_charged_twice,gpt-5.6-luna | 7 labels,
bedc8189d0b1,transaction_charged_twice,,126,16,transaction_charged_twice,gpt-5.6-luna | 7 labels,
2bae027ca4eb,transaction_charged_twice,,168,47,transaction_charged_twice,gpt-5.6-luna | 7 labels,
a38cfd59aff2,transaction_charged_twice,,145,16,transaction_charged_twice,gpt-5.6-luna | 7 labels,
a51f81d90f96,transaction_charged_twice,,121,16,transaction_charged_twice,gpt-5.6-luna | 7 labels,
26239aeedb0a,transaction_charged_twice,,122,35,transaction_charged_twice,gpt-5.6-luna | 7 labels,
e8ce8ead29ce,transaction_charged_twice,,124,16,transaction_charged_twice,gpt-5.6-luna | 7 labels,
2835a9960ba7,transaction_charged_twice,,139,16,transaction_charged_twice,gpt-5.6-luna | 7 labels,
ce74d3ac872a,transaction_charged_twice,,133,16,transaction_charged_twice,gpt-5.6-luna | 7 labels,
1ad377240bff,transaction_charged_twice,,126,16,transaction_charged_twice,gpt-5.6-luna | 7 labels,
86bdb0ce3fae,transaction_charged_twice,,125,16,transaction_charged_twice,gpt-5.6-luna | 7 labels,
9430dd7cecbc,transaction_charged_twice,,127,63,card_payment_fee_charged,gpt-5.6-luna | 7 labels,
f1ab3f190389,transaction_charged_twice,,123,16,transaction_charged_twice,gpt-5.6-luna | 7 labels,
3006b57b9630,transaction_charged_twice,,139,16,transaction_charged_twice,gpt-5.6-luna | 7 labels,
605a7661f88a,transaction_charged_twice,,180,58,transaction_charged_twice,gpt-5.6-luna | 7 labels,
8baddbea2229,transaction_charged_twice,,150,16,transaction_charged_twice,gpt-5.6-luna | 7 labels,
92c55840d29b,transaction_charged_twice,,138,16,transaction_charged_twice,gpt-5.6-luna | 7 labels,
61d8ddcbf398,transaction_charged_twice,,145,16,transaction_charged_twice,gpt-5.6-luna | 7 labels,
ee3b0f2af040,transaction_charged_twice,,124,16,transaction_charged_twice,gpt-5.6-luna | 7 labels,
cb1849b7997f,transaction_charged_twice,,173,16,transaction_charged_twice,gpt-5.6-luna | 7 labels,
d01fac97501e,transaction_charged_twice,,164,63,transaction_charged_twice,gpt-5.6-luna | 7 labels,
dc31c189d9dc,transaction_charged_twice,,127,16,transaction_charged_twice,gpt-5.6-luna | 7 labels,
3bbcce4ad9d1,transaction_charged_twice,,127,16,transaction_charged_twice,gpt-5.6-luna | 7 labels,
29d1daf91e7f,transaction_charged_twice,,127,16,transaction_charged_twice,gpt-5.6-luna | 7 labels,
54177c75ba20,transaction_charged_twice,,132,32,transaction_charged_twice,gpt-5.6-luna | 7 labels,
8cb19751c8a6,transaction_charged_twice,,124,16,transaction_charged_twice,gpt-5.6-luna | 7 labels,
2b592f0a137b,transaction_charged_twice,,130,16,transaction_charged_twice,gpt-5.6-luna | 7 labels,
f9618f002874,transaction_charged_twice,,157,16,transaction_charged_twice,gpt-5.6-luna | 7 labels,
967703c8766b,transaction_charged_twice,,129,16,transaction_charged_twice,gpt-5.6-luna | 7 labels,
40bec3e990b9,transaction_charged_twice,,127,16,transaction_charged_twice,gpt-5.6-luna | 7 labels,
23159f4ebead,transaction_charged_twice,,169,16,transaction_charged_twice,gpt-5.6-luna | 7 labels,
32b7c7fe1d0f,transaction_charged_twice,,131,16,transaction_charged_twice,gpt-5.6-luna | 7 labels,
d54d529baf10,transaction_charged_twice,,128,16,transaction_charged_twice,gpt-5.6-luna | 7 labels,
c62ba1aeff68,transaction_charged_twice,,169,16,transaction_charged_twice,gpt-5.6-luna | 7 labels,
7b5b08e58f6d,transaction_charged_twice,,126,16,transaction_charged_twice,gpt-5.6-luna | 7 labels,
7681578322df,transaction_charged_twice,,124,16,transaction_charged_twice,gpt-5.6-luna | 7 labels,
f9988e49f71c,transaction_charged_twice,,125,16,transaction_charged_twice,gpt-5.6-luna | 7 labels,
d3c5a46adcff,transaction_charged_twice,,123,44,transaction_charged_twice,gpt-5.6-luna | 7 labels,
8efcb379c9ae,transaction_charged_twice,,122,16,transaction_charged_twice,gpt-5.6-luna | 7 labels,
b33275476893,transaction_charged_twice,,123,34,transaction_charged_twice,gpt-5.6-luna | 7 labels,
9b50c9752d66,transaction_charged_twice,,134,16,transaction_charged_twice,gpt-5.6-luna | 7 labels,
665ddc89a338,transaction_charged_twice,,123,40,transaction_charged_twice,gpt-5.6-luna | 7 labels,
408f395f922e,transaction_charged_twice,,129,16,transaction_charged_twice,gpt-5.6-luna | 7 labels,
47ec745328fb,transaction_charged_twice,,124,16,transaction_charged_twice,gpt-5.6-luna | 7 labels,
be2955af1dba,transaction_charged_twice,,127,16,transaction_charged_twice,gpt-5.6-luna | 7 labels,
b832d6500dd6,transaction_charged_twice,,126,16,transaction_charged_twice,gpt-5.6-luna | 7 labels,
5b4b5ae96c9f,transaction_charged_twice,,142,16,transaction_charged_twice,gpt-5.6-luna | 7 labels,
1dea2370b4ab,transaction_charged_twice,,157,16,transaction_charged_twice,gpt-5.6-luna | 7 labels,
ef8dffcf7c2d,transaction_charged_twice,,129,16,transaction_charged_twice,gpt-5.6-luna | 7 labels,
351524f6a69f,transaction_charged_twice,,124,16,transaction_charged_twice,gpt-5.6-luna | 7 labels,
d588ce306aa8,transaction_charged_twice,,121,16,transaction_charged_twice,gpt-5.6-luna | 7 labels,
15b8da0203e5,transaction_charged_twice,,129,16,transaction_charged_twice,gpt-5.6-luna | 7 labels,
8933845e1218,transaction_charged_twice,,130,16,transaction_charged_twice,gpt-5.6-luna | 7 labels,
45fc13288bfc,transaction_charged_twice,,132,16,transaction_charged_twice,gpt-5.6-luna | 7 labels,
95fb6437254d,transaction_charged_twice,,141,16,transaction_charged_twice,gpt-5.6-luna | 7 labels,
1ff2842a1c54,transaction_charged_twice,,120,16,transaction_charged_twice,gpt-5.6-luna | 7 labels,
71c9171f37ad,transaction_charged_twice,,128,16,transaction_charged_twice,gpt-5.6-luna | 7 labels,
ae0423cf89f4,transaction_charged_twice,,130,16,transaction_charged_twice,gpt-5.6-luna | 7 labels,
ffb258440dce,transaction_charged_twice,,125,16,transaction_charged_twice,gpt-5.6-luna | 7 labels,
bfbd2056099f,transaction_charged_twice,,123,38,transaction_charged_twice,gpt-5.6-luna | 7 labels,
9a252d1d2d4b,transaction_charged_twice,,144,16,transaction_charged_twice,gpt-5.6-luna | 7 labels,
f8e7ba2c9e6f,transaction_charged_twice,,129,16,transaction_charged_twice,gpt-5.6-luna | 7 labels,
566bd226d02b,transaction_charged_twice,,123,16,transaction_charged_twice,gpt-5.6-luna | 7 labels,
169c316de35f,transaction_charged_twice,,126,16,transaction_charged_twice,gpt-5.6-luna | 7 labels,
0d7b02a3d252,transaction_charged_twice,,125,16,transaction_charged_twice,gpt-5.6-luna | 7 labels,
65a838b14016,transaction_charged_twice,,129,16,transaction_charged_twice,gpt-5.6-luna | 7 labels,
2772bd4fc0ec,transaction_charged_twice,,136,16,transaction_charged_twice,gpt-5.6-luna | 7 labels,
c0ac46c48688,transaction_charged_twice,,129,16,transaction_charged_twice,gpt-5.6-luna | 7 labels,
279181aa4f82,transaction_charged_twice,,167,16,transaction_charged_twice,gpt-5.6-luna | 7 labels,
4368b143bd86,transaction_charged_twice,,128,16,transaction_charged_twice,gpt-5.6-luna | 7 labels,
b16329e4b413,transaction_charged_twice,,127,16,transaction_charged_twice,gpt-5.6-luna | 7 labels,
c114d12b362b,transaction_charged_twice,,126,16,transaction_charged_twice,gpt-5.6-luna | 7 labels,
8d3b3e5ee766,transaction_charged_twice,,123,16,transaction_charged_twice,gpt-5.6-luna | 7 labels,
38f8da6505c3,transaction_charged_twice,,183,16,transaction_charged_twice,gpt-5.6-luna | 7 labels,
5a64841ed60e,transaction_charged_twice,,154,16,transaction_charged_twice,gpt-5.6-luna | 7 labels,
b1600863b0b5,transaction_charged_twice,,124,16,transaction_charged_twice,gpt-5.6-luna | 7 labels,
3703e00dc787,transaction_charged_twice,,130,16,transaction_charged_twice,gpt-5.6-luna | 7 labels,
f769f31da0fc,transaction_charged_twice,,191,16,transaction_charged_twice,gpt-5.6-luna | 7 labels,
1753b9355483,transaction_charged_twice,,125,16,transaction_charged_twice,gpt-5.6-luna | 7 labels,
79816516e46d,transaction_charged_twice,,125,16,transaction_charged_twice,gpt-5.6-luna | 7 labels,
7617bea3ab5e,transaction_charged_twice,,128,16,transaction_charged_twice,gpt-5.6-luna | 7 labels,
11ad08d961b0,transaction_charged_twice,,129,16,transaction_charged_twice,gpt-5.6-luna | 7 labels,
1b6f8a789aca,transaction_charged_twice,,130,16,transaction_charged_twice,gpt-5.6-luna | 7 labels,
217149c14508,transaction_charged_twice,,127,16,transaction_charged_twice,gpt-5.6-luna | 7 labels,
2f4709ee90c5,transaction_charged_twice,,132,16,transaction_charged_twice,gpt-5.6-luna | 7 labels,
25ee8144ff7e,transaction_charged_twice,,152,16,transaction_charged_twice,gpt-5.6-luna | 7 labels,
d397aa8695c7,transaction_charged_twice,,126,16,transaction_charged_twice,gpt-5.6-luna | 7 labels,
da09f14ccb3d,transaction_charged_twice,,120,16,transaction_charged_twice,gpt-5.6-luna | 7 labels,
f23d7a42ffb2,transaction_charged_twice,,131,16,transaction_charged_twice,gpt-5.6-luna | 7 labels,
3c44e6ce7311,transaction_charged_twice,,126,16,transaction_charged_twice,gpt-5.6-luna | 7 labels,
09b3a2054c04,transaction_charged_twice,,126,16,transaction_charged_twice,gpt-5.6-luna | 7 labels,
ef1c9a9e5c49,transaction_charged_twice,,141,16,transaction_charged_twice,gpt-5.6-luna | 7 labels,
feaa06c5d908,transaction_charged_twice,,132,16,transaction_charged_twice,gpt-5.6-luna | 7 labels,
f1ca7ba17522,transaction_charged_twice,,128,208,card_payment_fee_charged,gpt-5.6-luna | 7 labels,
b76d667871e3,transaction_charged_twice,,125,16,transaction_charged_twice,gpt-5.6-luna | 7 labels,
6de803e82146,transaction_charged_twice,,177,16,transaction_charged_twice,gpt-5.6-luna | 7 labels,
a95b373908be,transaction_charged_twice,,128,16,transaction_charged_twice,gpt-5.6-luna | 7 labels,
9fb186df4a30,transaction_charged_twice,,134,16,transaction_charged_twice,gpt-5.6-luna | 7 labels,
3b51e037e9c8,transaction_charged_twice,,124,16,transaction_charged_twice,gpt-5.6-luna | 7 labels,
5e13ccc9d24e,transaction_charged_twice,,124,16,transaction_charged_twice,gpt-5.6-luna | 7 labels,
3b2bf406dbde,transaction_charged_twice,,128,16,transaction_charged_twice,gpt-5.6-luna | 7 labels,
76d2ce1bcac7,transaction_charged_twice,,127,16,transaction_charged_twice,gpt-5.6-luna | 7 labels,
6ca9ad4e7570,transaction_charged_twice,,157,48,transaction_charged_twice,gpt-5.6-luna | 7 labels,
77d0a3857946,transaction_charged_twice,,128,16,transaction_charged_twice,gpt-5.6-luna | 7 labels,
aea34c484547,transaction_charged_twice,,125,471,transaction_charged_twice,gpt-5.6-luna | 7 labels,
93884c202278,transaction_charged_twice,,124,37,transaction_charged_twice,gpt-5.6-luna | 7 labels,
d87138dd9852,transaction_charged_twice,,126,16,transaction_charged_twice,gpt-5.6-luna | 7 labels,
5652f218b2fd,transaction_charged_twice,,123,16,transaction_charged_twice,gpt-5.6-luna | 7 labels,
0ce578b31f24,transaction_charged_twice,,125,16,transaction_charged_twice,gpt-5.6-luna | 7 labels,
15d01183f8af,transaction_charged_twice,,151,16,transaction_charged_twice,gpt-5.6-luna | 7 labels,
1aae462a9347,transaction_charged_twice,,127,16,transaction_charged_twice,gpt-5.6-luna | 7 labels,
310a1886b8fb,transaction_charged_twice,,122,16,transaction_charged_twice,gpt-5.6-luna | 7 labels,
9dd93c1eb5e5,transaction_charged_twice,,125,16,transaction_charged_twice,gpt-5.6-luna | 7 labels,
003c8a63d5f0,transaction_charged_twice,,121,16,transaction_charged_twice,gpt-5.6-luna | 7 labels,
6a1d3780cf31,transaction_charged_twice,,125,16,transaction_charged_twice,gpt-5.6-luna | 7 labels,
24f5655fff9a,transaction_charged_twice,,125,16,transaction_charged_twice,gpt-5.6-luna | 7 labels,
e819c0499bd5,transaction_charged_twice,,146,16,transaction_charged_twice,gpt-5.6-luna | 7 labels,
42fbe20582a5,transaction_charged_twice,,137,16,transaction_charged_twice,gpt-5.6-luna | 7 labels,
c64a2d465bd9,wrong_amount_of_cash_received,,131,83,declined_cash_withdrawal,gpt-5.6-luna | 7 labels,
987656312a55,wrong_amount_of_cash_received,,129,45,wrong_amount_of_cash_received,gpt-5.6-luna | 7 labels,
2f9cda63ffc0,wrong_amount_of_cash_received,,143,58,wrong_amount_of_cash_received,gpt-5.6-luna | 7 labels,
8f82c22df9c0,wrong_amount_of_cash_received,,127,94,declined_cash_withdrawal,gpt-5.6-luna | 7 labels,
331281f6e45a,wrong_amount_of_cash_received,,141,152,wrong_amount_of_cash_received,gpt-5.6-luna | 7 labels,
451038750fbc,wrong_amount_of_cash_received,,129,15,wrong_amount_of_cash_received,gpt-5.6-luna | 7 labels,
7e58331d19ad,wrong_amount_of_cash_received,,130,15,wrong_amount_of_cash_received,gpt-5.6-luna | 7 labels,
585c2d9724df,wrong_amount_of_cash_received,,139,110,wrong_amount_of_cash_received,gpt-5.6-luna | 7 labels,
901d688a2523,wrong_amount_of_cash_received,,130,15,wrong_amount_of_cash_received,gpt-5.6-luna | 7 labels,
a90a8c3930c2,wrong_amount_of_cash_received,,146,30,wrong_amount_of_cash_received,gpt-5.6-luna | 7 labels,
bc0d91385b10,wrong_amount_of_cash_received,,129,15,wrong_amount_of_cash_received,gpt-5.6-luna | 7 labels,
beefc952a84a,wrong_amount_of_cash_received,,128,15,wrong_amount_of_cash_received,gpt-5.6-luna | 7 labels,
36cb1285d041,wrong_amount_of_cash_received,,124,15,wrong_amount_of_cash_received,gpt-5.6-luna | 7 labels,
58fe4f6d9804,wrong_amount_of_cash_received,,122,16,declined_cash_withdrawal,gpt-5.6-luna | 7 labels,
d9be846b0fe8,wrong_amount_of_cash_received,,122,45,wrong_amount_of_cash_received,gpt-5.6-luna | 7 labels,
4a18bd21f043,wrong_amount_of_cash_received,,126,15,wrong_amount_of_cash_received,gpt-5.6-luna | 7 labels,
5ecca15eee9d,wrong_amount_of_cash_received,,126,40,wrong_amount_of_cash_received,gpt-5.6-luna | 7 labels,
e78b25fe5576,wrong_amount_of_cash_received,,137,15,wrong_amount_of_cash_received,gpt-5.6-luna | 7 labels,
a00cd1151c5e,wrong_amount_of_cash_received,,129,15,wrong_amount_of_cash_received,gpt-5.6-luna | 7 labels,
2fffbf526ee6,wrong_amount_of_cash_received,,143,15,wrong_amount_of_cash_received,gpt-5.6-luna | 7 labels,
fdd70ee51bee,wrong_amount_of_cash_received,,133,15,wrong_amount_of_cash_received,gpt-5.6-luna | 7 labels,
8fb809cef766,wrong_amount_of_cash_received,,123,71,declined_cash_withdrawal,gpt-5.6-luna | 7 labels,
bcf8d57bd6a5,wrong_amount_of_cash_received,,125,61,wrong_amount_of_cash_received,gpt-5.6-luna | 7 labels,
4efc3d6c1f4d,wrong_amount_of_cash_received,,127,36,wrong_amount_of_cash_received,gpt-5.6-luna | 7 labels,
df88f64a362c,wrong_amount_of_cash_received,,125,37,wrong_amount_of_cash_received,gpt-5.6-luna | 7 labels,
822e4fe31cb1,wrong_amount_of_cash_received,,123,54,wrong_amount_of_cash_received,gpt-5.6-luna | 7 labels,
611c094e92ce,wrong_amount_of_cash_received,,124,15,wrong_amount_of_cash_received,gpt-5.6-luna | 7 labels,
96f7a5176867,wrong_amount_of_cash_received,,128,34,wrong_amount_of_cash_received,gpt-5.6-luna | 7 labels,
32aa8559ca8a,wrong_amount_of_cash_received,,150,15,wrong_amount_of_cash_received,gpt-5.6-luna | 7 labels,
047f5234db0e,wrong_amount_of_cash_received,,121,64,wrong_amount_of_cash_received,gpt-5.6-luna | 7 labels,
4478ea567bd9,wrong_amount_of_cash_received,,127,15,wrong_amount_of_cash_received,gpt-5.6-luna | 7 labels,
8d2b6965a9df,wrong_amount_of_cash_received,,142,15,wrong_amount_of_cash_received,gpt-5.6-luna | 7 labels,
45de71f0272e,wrong_amount_of_cash_received,,137,15,wrong_amount_of_cash_received,gpt-5.6-luna | 7 labels,
137b66fd6ea4,wrong_amount_of_cash_received,,120,145,declined_cash_withdrawal,gpt-5.6-luna | 7 labels,
83abcd49808b,wrong_amount_of_cash_received,,124,39,wrong_amount_of_cash_received,gpt-5.6-luna | 7 labels,
0ef18cff1ce4,wrong_amount_of_cash_received,,133,15,wrong_amount_of_cash_received,gpt-5.6-luna | 7 labels,
0a852f83b379,wrong_amount_of_cash_received,,134,62,declined_cash_withdrawal,gpt-5.6-luna | 7 labels,
7267d4aa26b9,wrong_amount_of_cash_received,,123,107,declined_cash_withdrawal,gpt-5.6-luna | 7 labels,
edfeb0bdfb19,wrong_amount_of_cash_received,,150,15,wrong_amount_of_cash_received,gpt-5.6-luna | 7 labels,
07b993baf5fc,wrong_amount_of_cash_received,,129,15,wrong_amount_of_cash_received,gpt-5.6-luna | 7 labels,
36cf5420c0fc,wrong_amount_of_cash_received,,128,15,wrong_amount_of_cash_received,gpt-5.6-luna | 7 labels,
4e0c75392563,wrong_amount_of_cash_received,,132,15,wrong_amount_of_cash_received,gpt-5.6-luna | 7 labels,
e9593a600005,wrong_amount_of_cash_received,,130,84,declined_cash_withdrawal,gpt-5.6-luna | 7 labels,
6896baca7b92,wrong_amount_of_cash_received,,125,42,wrong_amount_of_cash_received,gpt-5.6-luna | 7 labels,
fabbb33b2c27,wrong_amount_of_cash_received,,128,15,wrong_amount_of_cash_received,gpt-5.6-luna | 7 labels,
1ad5e13b6641,wrong_amount_of_cash_received,,136,15,wrong_amount_of_cash_received,gpt-5.6-luna | 7 labels,
99f7a7e66206,wrong_amount_of_cash_received,,165,47,wrong_amount_of_cash_received,gpt-5.6-luna | 7 labels,
cacd98bac87a,wrong_amount_of_cash_received,,133,15,wrong_amount_of_cash_received,gpt-5.6-luna | 7 labels,
19bb55a2cd9c,wrong_amount_of_cash_received,,126,15,wrong_amount_of_cash_received,gpt-5.6-luna | 7 labels,
ce0dc7907003,wrong_amount_of_cash_received,,126,35,wrong_amount_of_cash_received,gpt-5.6-luna | 7 labels,
0ab6f8de51d6,wrong_amount_of_cash_received,,129,15,wrong_amount_of_cash_received,gpt-5.6-luna | 7 labels,
e11976dcb653,wrong_amount_of_cash_received,,135,15,wrong_amount_of_cash_received,gpt-5.6-luna | 7 labels,
c4eddbd814a0,wrong_amount_of_cash_received,,131,15,wrong_amount_of_cash_received,gpt-5.6-luna | 7 labels,
cdae523d1359,wrong_amount_of_cash_received,,131,15,wrong_amount_of_cash_received,gpt-5.6-luna | 7 labels,
72ba574b41d6,wrong_amount_of_cash_received,,153,15,wrong_amount_of_cash_received,gpt-5.6-luna | 7 labels,
22ddf3b81901,wrong_amount_of_cash_received,,152,55,wrong_amount_of_cash_received,gpt-5.6-luna | 7 labels,
b38a242fc969,wrong_amount_of_cash_received,,129,68,wrong_amount_of_cash_received,gpt-5.6-luna | 7 labels,
ddf118136d7b,wrong_amount_of_cash_received,,160,15,wrong_amount_of_cash_received,gpt-5.6-luna | 7 labels,
6c4655a7c29d,wrong_amount_of_cash_received,,128,15,wrong_amount_of_cash_received,gpt-5.6-luna | 7 labels,
85b674865f8f,wrong_amount_of_cash_received,,128,15,wrong_amount_of_cash_received,gpt-5.6-luna | 7 labels,
920ab57388eb,wrong_amount_of_cash_received,,125,15,wrong_amount_of_cash_received,gpt-5.6-luna | 7 labels,
947f5e98b3b7,wrong_amount_of_cash_received,,160,29,wrong_amount_of_cash_received,gpt-5.6-luna | 7 labels,
d97458d81f40,wrong_amount_of_cash_received,,171,15,wrong_amount_of_cash_received,gpt-5.6-luna | 7 labels,
6cdd52c310d0,wrong_amount_of_cash_received,,125,90,declined_cash_withdrawal,gpt-5.6-luna | 7 labels,
7f7ac8d33fb7,wrong_amount_of_cash_received,,127,15,wrong_amount_of_cash_received,gpt-5.6-luna | 7 labels,
effac420a501,wrong_amount_of_cash_received,,129,44,wrong_amount_of_cash_received,gpt-5.6-luna | 7 labels,
17e71508f13e,wrong_amount_of_cash_received,,130,15,wrong_amount_of_cash_received,gpt-5.6-luna | 7 labels,
e987a63d9110,wrong_amount_of_cash_received,,148,15,wrong_amount_of_cash_received,gpt-5.6-luna | 7 labels,
636d76173536,wrong_amount_of_cash_received,,128,15,wrong_amount_of_cash_received,gpt-5.6-luna | 7 labels,
d72396a3b8a5,wrong_amount_of_cash_received,,124,37,declined_cash_withdrawal,gpt-5.6-luna | 7 labels,
2d02dfc4a1c1,wrong_amount_of_cash_received,,129,15,wrong_amount_of_cash_received,gpt-5.6-luna | 7 labels,
641b73f92424,wrong_amount_of_cash_received,,124,15,wrong_amount_of_cash_received,gpt-5.6-luna | 7 labels,
5339f9577723,wrong_amount_of_cash_received,,127,42,wrong_amount_of_cash_received,gpt-5.6-luna | 7 labels,
79371e175396,wrong_amount_of_cash_received,,124,15,wrong_amount_of_cash_received,gpt-5.6-luna | 7 labels,
51ad326e37c3,wrong_amount_of_cash_received,,128,15,wrong_amount_of_cash_received,gpt-5.6-luna | 7 labels,
7868fb832740,wrong_amount_of_cash_received,,136,76,wrong_amount_of_cash_received,gpt-5.6-luna | 7 labels,
5d0b1ab69f54,wrong_amount_of_cash_received,,127,64,wrong_amount_of_cash_received,gpt-5.6-luna | 7 labels,
e4aa102f7248,wrong_amount_of_cash_received,,126,15,wrong_amount_of_cash_received,gpt-5.6-luna | 7 labels,
bbf4dbf243a7,wrong_amount_of_cash_received,,134,67,wrong_amount_of_cash_received,gpt-5.6-luna | 7 labels,
6551bc84a4e3,wrong_amount_of_cash_received,,159,15,wrong_amount_of_cash_received,gpt-5.6-luna | 7 labels,
6f50f86db7bf,wrong_amount_of_cash_received,,129,43,wrong_amount_of_cash_received,gpt-5.6-luna | 7 labels,
8edc5d7cfc17,wrong_amount_of_cash_received,,139,109,wrong_amount_of_cash_received,gpt-5.6-luna | 7 labels,
9b7b1958cb5b,wrong_amount_of_cash_received,,128,39,wrong_amount_of_cash_received,gpt-5.6-luna | 7 labels,
fd1b68b32987,wrong_amount_of_cash_received,,123,51,wrong_amount_of_cash_received,gpt-5.6-luna | 7 labels,
dfe5fe2ab0fa,wrong_amount_of_cash_received,,125,52,wrong_amount_of_cash_received,gpt-5.6-luna | 7 labels,
a44ab0a44236,wrong_amount_of_cash_received,,137,68,wrong_amount_of_cash_received,gpt-5.6-luna | 7 labels,
e16046eb58b8,wrong_amount_of_cash_received,,128,15,wrong_amount_of_cash_received,gpt-5.6-luna | 7 labels,
f9cb03e0fc92,wrong_amount_of_cash_received,,131,15,wrong_amount_of_cash_received,gpt-5.6-luna | 7 labels,
9b9391b3c63d,wrong_amount_of_cash_received,,128,38,declined_cash_withdrawal,gpt-5.6-luna | 7 labels,
590ca01bb55f,wrong_amount_of_cash_received,,128,56,wrong_amount_of_cash_received,gpt-5.6-luna | 7 labels,
9d4d0424a014,wrong_amount_of_cash_received,,125,36,wrong_amount_of_cash_received,gpt-5.6-luna | 7 labels,
3528bdb33b8a,wrong_amount_of_cash_received,,124,15,wrong_amount_of_cash_received,gpt-5.6-luna | 7 labels,
b9d8fb2b084f,wrong_amount_of_cash_received,,126,15,wrong_amount_of_cash_received,gpt-5.6-luna | 7 labels,
da6eec5e7eb7,wrong_amount_of_cash_received,,153,15,wrong_amount_of_cash_received,gpt-5.6-luna | 7 labels,
d7057972298e,wrong_amount_of_cash_received,,122,49,declined_cash_withdrawal,gpt-5.6-luna | 7 labels,
f3aa2635a9df,wrong_amount_of_cash_received,,125,84,wrong_amount_of_cash_received,gpt-5.6-luna | 7 labels,
c17dd429d206,wrong_amount_of_cash_received,,129,15,wrong_amount_of_cash_received,gpt-5.6-luna | 7 labels,
a8c46db5cf56,wrong_amount_of_cash_received,,136,197,wrong_amount_of_cash_received,gpt-5.6-luna | 7 labels,
be5bd7c7ed55,wrong_amount_of_cash_received,,125,15,wrong_amount_of_cash_received,gpt-5.6-luna | 7 labels,
0edd39af21fe,wrong_amount_of_cash_received,,127,43,wrong_amount_of_cash_received,gpt-5.6-luna | 7 labels,
985b84b1c431,wrong_amount_of_cash_received,,174,15,wrong_amount_of_cash_received,gpt-5.6-luna | 7 labels,
66738f3a8f4f,wrong_amount_of_cash_received,,159,15,wrong_amount_of_cash_received,gpt-5.6-luna | 7 labels,
219e5d6e1b23,wrong_amount_of_cash_received,,138,107,wrong_amount_of_cash_received,gpt-5.6-luna | 7 labels,
0bb0f42103a7,wrong_amount_of_cash_received,,131,15,wrong_amount_of_cash_received,gpt-5.6-luna | 7 labels,
00a4e5b73a0b,wrong_amount_of_cash_received,,126,15,wrong_amount_of_cash_received,gpt-5.6-luna | 7 labels,
a4681c5f79f8,wrong_amount_of_cash_received,,133,15,wrong_amount_of_cash_received,gpt-5.6-luna | 7 labels,
2ac8ae1d0b15,wrong_amount_of_cash_received,,138,272,wrong_amount_of_cash_received,gpt-5.6-luna | 7 labels,
00e58c5bf526,wrong_amount_of_cash_received,,155,15,wrong_amount_of_cash_received,gpt-5.6-luna | 7 labels,
f12e1d220925,wrong_amount_of_cash_received,,125,15,wrong_amount_of_cash_received,gpt-5.6-luna | 7 labels,
094704873dbc,wrong_amount_of_cash_received,,138,59,wrong_amount_of_cash_received,gpt-5.6-luna | 7 labels,
0be8597ee257,wrong_amount_of_cash_received,,129,51,wrong_amount_of_cash_received,gpt-5.6-luna | 7 labels,
6f38093e656f,wrong_amount_of_cash_received,,124,41,wrong_amount_of_cash_received,gpt-5.6-luna | 7 labels,
452d86303e75,wrong_amount_of_cash_received,,125,15,wrong_amount_of_cash_received,gpt-5.6-luna | 7 labels,
a636a648a7d7,wrong_amount_of_cash_received,,131,15,wrong_amount_of_cash_received,gpt-5.6-luna | 7 labels,
5f915a8ff595,wrong_amount_of_cash_received,,130,15,wrong_amount_of_cash_received,gpt-5.6-luna | 7 labels,
dba2c6481283,wrong_amount_of_cash_received,,125,37,wrong_amount_of_cash_received,gpt-5.6-luna | 7 labels,
44942d5baaed,wrong_amount_of_cash_received,,129,15,wrong_amount_of_cash_received,gpt-5.6-luna | 7 labels,
a2dc64c1f11e,wrong_amount_of_cash_received,,125,15,wrong_amount_of_cash_received,gpt-5.6-luna | 7 labels,
6d39a47030a1,wrong_amount_of_cash_received,,122,44,wrong_amount_of_cash_received,gpt-5.6-luna | 7 labels,
0c32116ee667,wrong_amount_of_cash_received,,125,37,wrong_amount_of_cash_received,gpt-5.6-luna | 7 labels,
b5af041d1faa,wrong_amount_of_cash_received,,141,15,wrong_amount_of_cash_received,gpt-5.6-luna | 7 labels,
175625fb86e1,wrong_amount_of_cash_received,,133,36,wrong_amount_of_cash_received,gpt-5.6-luna | 7 labels,
ffb0c7c6f4f1,wrong_amount_of_cash_received,,123,15,wrong_amount_of_cash_received,gpt-5.6-luna | 7 labels,
4552cd92cf6e,wrong_amount_of_cash_received,,124,36,wrong_amount_of_cash_received,gpt-5.6-luna | 7 labels,
cf69b16c1563,wrong_amount_of_cash_received,,133,38,wrong_amount_of_cash_received,gpt-5.6-luna | 7 labels,
85a124547b94,wrong_amount_of_cash_received,,129,15,wrong_amount_of_cash_received,gpt-5.6-luna | 7 labels,
12e3b9ca3c1c,wrong_amount_of_cash_received,,130,15,wrong_amount_of_cash_received,gpt-5.6-luna | 7 labels,
3f8328c6491b,wrong_amount_of_cash_received,,129,15,wrong_amount_of_cash_received,gpt-5.6-luna | 7 labels,
96d60841b9fa,wrong_amount_of_cash_received,,135,63,wrong_amount_of_cash_received,gpt-5.6-luna | 7 labels,
f19ea4a82826,wrong_amount_of_cash_received,,149,15,wrong_amount_of_cash_received,gpt-5.6-luna | 7 labels,
b0ecafe33b1c,wrong_amount_of_cash_received,,149,15,wrong_amount_of_cash_received,gpt-5.6-luna | 7 labels,
23cf8eab664f,wrong_amount_of_cash_received,,123,67,wrong_amount_of_cash_received,gpt-5.6-luna | 7 labels,
b5de7cdc0ebd,wrong_amount_of_cash_received,,130,15,wrong_amount_of_cash_received,gpt-5.6-luna | 7 labels,
40c62c53b27f,wrong_amount_of_cash_received,,139,15,wrong_amount_of_cash_received,gpt-5.6-luna | 7 labels,
4574c84bfee7,wrong_amount_of_cash_received,,134,15,wrong_amount_of_cash_received,gpt-5.6-luna | 7 labels,
c752bc1d8c76,wrong_amount_of_cash_received,,150,15,wrong_amount_of_cash_received,gpt-5.6-luna | 7 labels,
dd70ba431f7d,wrong_amount_of_cash_received,,139,50,wrong_amount_of_cash_received,gpt-5.6-luna | 7 labels,
c06b9a804f97,wrong_amount_of_cash_received,,128,40,wrong_amount_of_cash_received,gpt-5.6-luna | 7 labels,
cb2a622bdcbf,wrong_amount_of_cash_received,,141,15,wrong_amount_of_cash_received,gpt-5.6-luna | 7 labels,
8b711d8aaaab,wrong_amount_of_cash_received,,131,15,wrong_amount_of_cash_received,gpt-5.6-luna | 7 labels,
b01d23ff8e36,wrong_amount_of_cash_received,,128,15,wrong_amount_of_cash_received,gpt-5.6-luna | 7 labels,
327423ead4e4,wrong_amount_of_cash_received,,165,36,wrong_amount_of_cash_received,gpt-5.6-luna | 7 labels,
256fea75bb5d,wrong_amount_of_cash_received,,168,129,declined_cash_withdrawal,gpt-5.6-luna | 7 labels,
95be65c8effd,balance_not_updated_after_cheque_or_cash_deposit,,131,20,balance_not_updated_after_cheque_or_cash_deposit,gpt-5.6-terra | 7 labels,
67450afabf21,balance_not_updated_after_cheque_or_cash_deposit,,142,20,balance_not_updated_after_cheque_or_cash_deposit,gpt-5.6-terra | 7 labels,
fed9b568ae52,balance_not_updated_after_cheque_or_cash_deposit,,125,20,balance_not_updated_after_cheque_or_cash_deposit,gpt-5.6-terra | 7 labels,
e4b57397a236,balance_not_updated_after_cheque_or_cash_deposit,,128,20,balance_not_updated_after_cheque_or_cash_deposit,gpt-5.6-terra | 7 labels,
bd77634c8269,balance_not_updated_after_cheque_or_cash_deposit,,128,20,balance_not_updated_after_cheque_or_cash_deposit,gpt-5.6-terra | 7 labels,
c855eeb9c8ff,balance_not_updated_after_cheque_or_cash_deposit,,137,20,balance_not_updated_after_cheque_or_cash_deposit,gpt-5.6-terra | 7 labels,
c954629d0423,balance_not_updated_after_cheque_or_cash_deposit,,131,20,balance_not_updated_after_cheque_or_cash_deposit,gpt-5.6-terra | 7 labels,
aef1a86db550,balance_not_updated_after_cheque_or_cash_deposit,,133,20,balance_not_updated_after_cheque_or_cash_deposit,gpt-5.6-terra | 7 labels,
6f1e9c419377,balance_not_updated_after_cheque_or_cash_deposit,,136,20,balance_not_updated_after_cheque_or_cash_deposit,gpt-5.6-terra | 7 labels,
a5b9850912e7,balance_not_updated_after_cheque_or_cash_deposit,,137,42,balance_not_updated_after_cheque_or_cash_deposit,gpt-5.6-terra | 7 labels,
418382fb0b17,balance_not_updated_after_cheque_or_cash_deposit,,133,20,balance_not_updated_after_cheque_or_cash_deposit,gpt-5.6-terra | 7 labels,
9ea091f8fddb,balance_not_updated_after_cheque_or_cash_deposit,,123,20,balance_not_updated_after_cheque_or_cash_deposit,gpt-5.6-terra | 7 labels,
39dd2750a515,balance_not_updated_after_cheque_or_cash_deposit,,127,20,balance_not_updated_after_cheque_or_cash_deposit,gpt-5.6-terra | 7 labels,
77ead8e49b39,balance_not_updated_after_cheque_or_cash_deposit,,136,20,balance_not_updated_after_cheque_or_cash_deposit,gpt-5.6-terra | 7 labels,
f5e6a45159a0,balance_not_updated_after_cheque_or_cash_deposit,,133,20,balance_not_updated_after_cheque_or_cash_deposit,gpt-5.6-terra | 7 labels,
f5326572c7fb,balance_not_updated_after_cheque_or_cash_deposit,,129,20,balance_not_updated_after_cheque_or_cash_deposit,gpt-5.6-terra | 7 labels,
dfe54a7795f9,balance_not_updated_after_cheque_or_cash_deposit,,138,38,balance_not_updated_after_cheque_or_cash_deposit,gpt-5.6-terra | 7 labels,
5a156e22dca0,balance_not_updated_after_cheque_or_cash_deposit,,139,36,balance_not_updated_after_cheque_or_cash_deposit,gpt-5.6-terra | 7 labels,
e69ff0d2d89b,balance_not_updated_after_cheque_or_cash_deposit,,130,20,balance_not_updated_after_cheque_or_cash_deposit,gpt-5.6-terra | 7 labels,
fa38c3c9922e,balance_not_updated_after_cheque_or_cash_deposit,,128,20,balance_not_updated_after_cheque_or_cash_deposit,gpt-5.6-terra | 7 labels,
c1dc9c3d2f71,balance_not_updated_after_cheque_or_cash_deposit,,123,46,balance_not_updated_after_cheque_or_cash_deposit,gpt-5.6-terra | 7 labels,
e0ef032b24dd,balance_not_updated_after_cheque_or_cash_deposit,,131,20,balance_not_updated_after_cheque_or_cash_deposit,gpt-5.6-terra | 7 labels,
c80e960f9e6a,balance_not_updated_after_cheque_or_cash_deposit,,131,20,balance_not_updated_after_cheque_or_cash_deposit,gpt-5.6-terra | 7 labels,
251ebd12f09d,balance_not_updated_after_cheque_or_cash_deposit,,127,20,balance_not_updated_after_cheque_or_cash_deposit,gpt-5.6-terra | 7 labels,
002090f3d34e,balance_not_updated_after_cheque_or_cash_deposit,,130,20,balance_not_updated_after_cheque_or_cash_deposit,gpt-5.6-terra | 7 labels,
4584ee3536fc,balance_not_updated_after_cheque_or_cash_deposit,,121,41,balance_not_updated_after_cheque_or_cash_deposit,gpt-5.6-terra | 7 labels,
df6484a787da,balance_not_updated_after_cheque_or_cash_deposit,,130,34,balance_not_updated_after_cheque_or_cash_deposit,gpt-5.6-terra | 7 labels,
e1316813d938,balance_not_updated_after_cheque_or_cash_deposit,,133,20,balance_not_updated_after_cheque_or_cash_deposit,gpt-5.6-terra | 7 labels,
22a30739c509,balance_not_updated_after_cheque_or_cash_deposit,,125,35,balance_not_updated_after_cheque_or_cash_deposit,gpt-5.6-terra | 7 labels,
52a6c1f8650c,balance_not_updated_after_cheque_or_cash_deposit,,122,20,balance_not_updated_after_cheque_or_cash_deposit,gpt-5.6-terra | 7 labels,
cb129bbcb34e,balance_not_updated_after_cheque_or_cash_deposit,,127,20,balance_not_updated_after_cheque_or_cash_deposit,gpt-5.6-terra | 7 labels,
17096ec0f07a,balance_not_updated_after_cheque_or_cash_deposit,,142,20,balance_not_updated_after_cheque_or_cash_deposit,gpt-5.6-terra | 7 labels,
d210e8b47074,balance_not_updated_after_cheque_or_cash_deposit,,135,20,balance_not_updated_after_cheque_or_cash_deposit,gpt-5.6-terra | 7 labels,
4f2616e2616d,balance_not_updated_after_cheque_or_cash_deposit,,130,20,balance_not_updated_after_cheque_or_cash_deposit,gpt-5.6-terra | 7 labels,
eecba28975eb,balance_not_updated_after_cheque_or_cash_deposit,,130,20,balance_not_updated_after_cheque_or_cash_deposit,gpt-5.6-terra | 7 labels,
3e0fe7ecaf8d,balance_not_updated_after_cheque_or_cash_deposit,,129,20,balance_not_updated_after_cheque_or_cash_deposit,gpt-5.6-terra | 7 labels,
14c97e22aeea,balance_not_updated_after_cheque_or_cash_deposit,,126,20,balance_not_updated_after_cheque_or_cash_deposit,gpt-5.6-terra | 7 labels,
d4fb63f440ff,balance_not_updated_after_cheque_or_cash_deposit,,129,46,balance_not_updated_after_cheque_or_cash_deposit,gpt-5.6-terra | 7 labels,
9a9af8d91e86,balance_not_updated_after_cheque_or_cash_deposit,,128,20,balance_not_updated_after_cheque_or_cash_deposit,gpt-5.6-terra | 7 labels,
8fdf6ebba0c5,balance_not_updated_after_cheque_or_cash_deposit,,122,20,balance_not_updated_after_cheque_or_cash_deposit,gpt-5.6-terra | 7 labels,
47cd85ef7b7e,balance_not_updated_after_cheque_or_cash_deposit,,152,20,balance_not_updated_after_cheque_or_cash_deposit,gpt-5.6-terra | 7 labels,
ece79bf2c2b2,balance_not_updated_after_cheque_or_cash_deposit,,128,39,balance_not_updated_after_cheque_or_cash_deposit,gpt-5.6-terra | 7 labels,
82cd01deb6a3,balance_not_updated_after_cheque_or_cash_deposit,,126,20,balance_not_updated_after_cheque_or_cash_deposit,gpt-5.6-terra | 7 labels,
26fe6473dada,balance_not_updated_after_cheque_or_cash_deposit,,134,20,balance_not_updated_after_cheque_or_cash_deposit,gpt-5.6-terra | 7 labels,
55e80032c2b0,balance_not_updated_after_cheque_or_cash_deposit,,125,20,balance_not_updated_after_cheque_or_cash_deposit,gpt-5.6-terra | 7 labels,
952740e1e707,balance_not_updated_after_cheque_or_cash_deposit,,126,20,balance_not_updated_after_cheque_or_cash_deposit,gpt-5.6-terra | 7 labels,
7d26f507a249,balance_not_updated_after_cheque_or_cash_deposit,,140,20,balance_not_updated_after_cheque_or_cash_deposit,gpt-5.6-terra | 7 labels,
4368c0b86354,balance_not_updated_after_cheque_or_cash_deposit,,132,41,balance_not_updated_after_cheque_or_cash_deposit,gpt-5.6-terra | 7 labels,
8f22a794c2c4,balance_not_updated_after_cheque_or_cash_deposit,,132,20,balance_not_updated_after_cheque_or_cash_deposit,gpt-5.6-terra | 7 labels,
85105f7f693e,balance_not_updated_after_cheque_or_cash_deposit,,128,20,balance_not_updated_after_cheque_or_cash_deposit,gpt-5.6-terra | 7 labels,
65e51ce17e55,balance_not_updated_after_cheque_or_cash_deposit,,156,20,balance_not_updated_after_cheque_or_cash_deposit,gpt-5.6-terra | 7 labels,
301df4b21b46,balance_not_updated_after_cheque_or_cash_deposit,,127,20,balance_not_updated_after_cheque_or_cash_deposit,gpt-5.6-terra | 7 labels,
b3844f008d61,balance_not_updated_after_cheque_or_cash_deposit,,123,43,balance_not_updated_after_cheque_or_cash_deposit,gpt-5.6-terra | 7 labels,
9f6c1cb940f4,balance_not_updated_after_cheque_or_cash_deposit,,140,20,balance_not_updated_after_cheque_or_cash_deposit,gpt-5.6-terra | 7 labels,
5acc6434f067,balance_not_updated_after_cheque_or_cash_deposit,,129,20,balance_not_updated_after_cheque_or_cash_deposit,gpt-5.6-terra | 7 labels,
af6fb65fea38,balance_not_updated_after_cheque_or_cash_deposit,,146,20,balance_not_updated_after_cheque_or_cash_deposit,gpt-5.6-terra | 7 labels,
d124d3ef2071,balance_not_updated_after_cheque_or_cash_deposit,,129,20,balance_not_updated_after_cheque_or_cash_deposit,gpt-5.6-terra | 7 labels,
cb0efdeb51a4,balance_not_updated_after_cheque_or_cash_deposit,,127,20,balance_not_updated_after_cheque_or_cash_deposit,gpt-5.6-terra | 7 labels,
399d4960f50e,balance_not_updated_after_cheque_or_cash_deposit,,128,20,balance_not_updated_after_cheque_or_cash_deposit,gpt-5.6-terra | 7 labels,
49bac980ba6e,balance_not_updated_after_cheque_or_cash_deposit,,125,20,balance_not_updated_after_cheque_or_cash_deposit,gpt-5.6-terra | 7 labels,
49a8d0ae183b,balance_not_updated_after_cheque_or_cash_deposit,,128,20,balance_not_updated_after_cheque_or_cash_deposit,gpt-5.6-terra | 7 labels,
28147bb831de,balance_not_updated_after_cheque_or_cash_deposit,,124,44,balance_not_updated_after_cheque_or_cash_deposit,gpt-5.6-terra | 7 labels,
65a122f8d9b0,balance_not_updated_after_cheque_or_cash_deposit,,132,20,balance_not_updated_after_cheque_or_cash_deposit,gpt-5.6-terra | 7 labels,
b782a8ea70f9,balance_not_updated_after_cheque_or_cash_deposit,,131,20,balance_not_updated_after_cheque_or_cash_deposit,gpt-5.6-terra | 7 labels,
db0947fae072,balance_not_updated_after_cheque_or_cash_deposit,,129,20,balance_not_updated_after_cheque_or_cash_deposit,gpt-5.6-terra | 7 labels,
3930dd20c654,balance_not_updated_after_cheque_or_cash_deposit,,130,20,balance_not_updated_after_cheque_or_cash_deposit,gpt-5.6-terra | 7 labels,
a0d30db8850d,balance_not_updated_after_cheque_or_cash_deposit,,129,20,balance_not_updated_after_cheque_or_cash_deposit,gpt-5.6-terra | 7 labels,
d8cea0687560,balance_not_updated_after_cheque_or_cash_deposit,,123,46,balance_not_updated_after_cheque_or_cash_deposit,gpt-5.6-terra | 7 labels,
7f998f812f9c,balance_not_updated_after_cheque_or_cash_deposit,,153,20,balance_not_updated_after_cheque_or_cash_deposit,gpt-5.6-terra | 7 labels,
636695beb551,balance_not_updated_after_cheque_or_cash_deposit,,122,20,balance_not_updated_after_cheque_or_cash_deposit,gpt-5.6-terra | 7 labels,
ce3b26adcfa9,balance_not_updated_after_cheque_or_cash_deposit,,135,20,balance_not_updated_after_cheque_or_cash_deposit,gpt-5.6-terra | 7 labels,
894b8924558d,balance_not_updated_after_cheque_or_cash_deposit,,125,56,balance_not_updated_after_cheque_or_cash_deposit,gpt-5.6-terra | 7 labels,
a27cd3fb0ad3,balance_not_updated_after_cheque_or_cash_deposit,,125,20,balance_not_updated_after_cheque_or_cash_deposit,gpt-5.6-terra | 7 labels,
814051844108,balance_not_updated_after_cheque_or_cash_deposit,,124,20,balance_not_updated_after_cheque_or_cash_deposit,gpt-5.6-terra | 7 labels,
2887a3440881,balance_not_updated_after_cheque_or_cash_deposit,,132,20,balance_not_updated_after_cheque_or_cash_deposit,gpt-5.6-terra | 7 labels,
0572e89016e5,balance_not_updated_after_cheque_or_cash_deposit,,126,20,balance_not_updated_after_cheque_or_cash_deposit,gpt-5.6-terra | 7 labels,
74ecc573011c,balance_not_updated_after_cheque_or_cash_deposit,,132,20,balance_not_updated_after_cheque_or_cash_deposit,gpt-5.6-terra | 7 labels,
d0e5ae4f44d3,balance_not_updated_after_cheque_or_cash_deposit,,128,20,balance_not_updated_after_cheque_or_cash_deposit,gpt-5.6-terra | 7 labels,
fdb50a0760c8,balance_not_updated_after_cheque_or_cash_deposit,,134,20,balance_not_updated_after_cheque_or_cash_deposit,gpt-5.6-terra | 7 labels,
072f069025ee,balance_not_updated_after_cheque_or_cash_deposit,,125,36,balance_not_updated_after_cheque_or_cash_deposit,gpt-5.6-terra | 7 labels,
40127bd0e356,balance_not_updated_after_cheque_or_cash_deposit,,132,51,balance_not_updated_after_cheque_or_cash_deposit,gpt-5.6-terra | 7 labels,
78085a590232,balance_not_updated_after_cheque_or_cash_deposit,,124,20,balance_not_updated_after_cheque_or_cash_deposit,gpt-5.6-terra | 7 labels,
bd814c1b9aec,balance_not_updated_after_cheque_or_cash_deposit,,130,20,balance_not_updated_after_cheque_or_cash_deposit,gpt-5.6-terra | 7 labels,
ebba406bc5f7,balance_not_updated_after_cheque_or_cash_deposit,,134,20,balance_not_updated_after_cheque_or_cash_deposit,gpt-5.6-terra | 7 labels,
f3375be04def,balance_not_updated_after_cheque_or_cash_deposit,,128,20,balance_not_updated_after_cheque_or_cash_deposit,gpt-5.6-terra | 7 labels,
1bb1f2343edf,balance_not_updated_after_cheque_or_cash_deposit,,125,20,balance_not_updated_after_cheque_or_cash_deposit,gpt-5.6-terra | 7 labels,
95b23ce414e8,balance_not_updated_after_cheque_or_cash_deposit,,129,20,balance_not_updated_after_cheque_or_cash_deposit,gpt-5.6-terra | 7 labels,
d4a6ed135062,balance_not_updated_after_cheque_or_cash_deposit,,135,20,balance_not_updated_after_cheque_or_cash_deposit,gpt-5.6-terra | 7 labels,
2e55e3349671,balance_not_updated_after_cheque_or_cash_deposit,,136,20,balance_not_updated_after_cheque_or_cash_deposit,gpt-5.6-terra | 7 labels,
ebacef22877a,balance_not_updated_after_cheque_or_cash_deposit,,129,20,balance_not_updated_after_cheque_or_cash_deposit,gpt-5.6-terra | 7 labels,
5b6066d965f9,balance_not_updated_after_cheque_or_cash_deposit,,133,20,balance_not_updated_after_cheque_or_cash_deposit,gpt-5.6-terra | 7 labels,
4387cc717e6e,balance_not_updated_after_cheque_or_cash_deposit,,126,20,balance_not_updated_after_cheque_or_cash_deposit,gpt-5.6-terra | 7 labels,
bdd72b26e415,balance_not_updated_after_cheque_or_cash_deposit,,135,20,balance_not_updated_after_cheque_or_cash_deposit,gpt-5.6-terra | 7 labels,
9c2576fd9eeb,balance_not_updated_after_cheque_or_cash_deposit,,148,20,balance_not_updated_after_cheque_or_cash_deposit,gpt-5.6-terra | 7 labels,
ed87c4508666,balance_not_updated_after_cheque_or_cash_deposit,,142,20,balance_not_updated_after_cheque_or_cash_deposit,gpt-5.6-terra | 7 labels,
3c7c4669529f,balance_not_updated_after_cheque_or_cash_deposit,,129,46,balance_not_updated_after_cheque_or_cash_deposit,gpt-5.6-terra | 7 labels,
987f9f67f333,balance_not_updated_after_cheque_or_cash_deposit,,130,20,balance_not_updated_after_cheque_or_cash_deposit,gpt-5.6-terra | 7 labels,
f051ca99d8f4,balance_not_updated_after_cheque_or_cash_deposit,,139,20,balance_not_updated_after_cheque_or_cash_deposit,gpt-5.6-terra | 7 labels,
51d1318b7dd4,balance_not_updated_after_cheque_or_cash_deposit,,130,20,balance_not_updated_after_cheque_or_cash_deposit,gpt-5.6-terra | 7 labels,
04e1aca26658,balance_not_updated_after_cheque_or_cash_deposit,,130,20,balance_not_updated_after_cheque_or_cash_deposit,gpt-5.6-terra | 7 labels,
d96d7310c0be,balance_not_updated_after_cheque_or_cash_deposit,,147,20,balance_not_updated_after_cheque_or_cash_deposit,gpt-5.6-terra | 7 labels,
d8952e0ce426,balance_not_updated_after_cheque_or_cash_deposit,,123,20,balance_not_updated_after_cheque_or_cash_deposit,gpt-5.6-terra | 7 labels,
093d52dea9ec,balance_not_updated_after_cheque_or_cash_deposit,,136,45,balance_not_updated_after_cheque_or_cash_deposit,gpt-5.6-terra | 7 labels,
b19996c46e62,balance_not_updated_after_cheque_or_cash_deposit,,140,20,balance_not_updated_after_cheque_or_cash_deposit,gpt-5.6-terra | 7 labels,
f8daf182d849,balance_not_updated_after_cheque_or_cash_deposit,,124,20,balance_not_updated_after_cheque_or_cash_deposit,gpt-5.6-terra | 7 labels,
1bc9a34ff066,balance_not_updated_after_cheque_or_cash_deposit,,130,58,balance_not_updated_after_cheque_or_cash_deposit,gpt-5.6-terra | 7 labels,
b587fec2d656,balance_not_updated_after_cheque_or_cash_deposit,,138,20,balance_not_updated_after_cheque_or_cash_deposit,gpt-5.6-terra | 7 labels,
ecf8648dea9b,balance_not_updated_after_cheque_or_cash_deposit,,126,42,balance_not_updated_after_cheque_or_cash_deposit,gpt-5.6-terra | 7 labels,
166c4a2d3d52,balance_not_updated_after_cheque_or_cash_deposit,,126,20,balance_not_updated_after_cheque_or_cash_deposit,gpt-5.6-terra | 7 labels,
b3c76e9119f3,balance_not_updated_after_cheque_or_cash_deposit,,126,20,balance_not_updated_after_cheque_or_cash_deposit,gpt-5.6-terra | 7 labels,
7c062606f053,balance_not_updated_after_cheque_or_cash_deposit,,136,37,balance_not_updated_after_cheque_or_cash_deposit,gpt-5.6-terra | 7 labels,
4be79e4b17b1,balance_not_updated_after_cheque_or_cash_deposit,,136,20,balance_not_updated_after_cheque_or_cash_deposit,gpt-5.6-terra | 7 labels,
51af004e71e3,balance_not_updated_after_cheque_or_cash_deposit,,128,20,balance_not_updated_after_cheque_or_cash_deposit,gpt-5.6-terra | 7 labels,
1f73391bc5c0,balance_not_updated_after_cheque_or_cash_deposit,,127,20,balance_not_updated_after_cheque_or_cash_deposit,gpt-5.6-terra | 7 labels,
8a98076cc875,balance_not_updated_after_cheque_or_cash_deposit,,130,20,balance_not_updated_after_cheque_or_cash_deposit,gpt-5.6-terra | 7 labels,
496864e7a215,balance_not_updated_after_cheque_or_cash_deposit,,140,20,balance_not_updated_after_cheque_or_cash_deposit,gpt-5.6-terra | 7 labels,
481f02d8681e,balance_not_updated_after_cheque_or_cash_deposit,,132,20,balance_not_updated_after_cheque_or_cash_deposit,gpt-5.6-terra | 7 labels,
bd79ff64526a,balance_not_updated_after_cheque_or_cash_deposit,,144,20,balance_not_updated_after_cheque_or_cash_deposit,gpt-5.6-terra | 7 labels,
8a61586157c8,balance_not_updated_after_cheque_or_cash_deposit,,130,20,balance_not_updated_after_cheque_or_cash_deposit,gpt-5.6-terra | 7 labels,
bb167937a5c0,balance_not_updated_after_cheque_or_cash_deposit,,143,20,balance_not_updated_after_cheque_or_cash_deposit,gpt-5.6-terra | 7 labels,
26cb273bad33,balance_not_updated_after_cheque_or_cash_deposit,,132,20,balance_not_updated_after_cheque_or_cash_deposit,gpt-5.6-terra | 7 labels,
cbc63b69fd72,balance_not_updated_after_cheque_or_cash_deposit,,129,20,balance_not_updated_after_cheque_or_cash_deposit,gpt-5.6-terra | 7 labels,
b9e70d777e2b,balance_not_updated_after_cheque_or_cash_deposit,,133,20,balance_not_updated_after_cheque_or_cash_deposit,gpt-5.6-terra | 7 labels,
50d0a4b4d7cd,balance_not_updated_after_cheque_or_cash_deposit,,124,20,balance_not_updated_after_cheque_or_cash_deposit,gpt-5.6-terra | 7 labels,
bc290ec1cc19,balance_not_updated_after_cheque_or_cash_deposit,,140,20,balance_not_updated_after_cheque_or_cash_deposit,gpt-5.6-terra | 7 labels,
1f566e446fa3,balance_not_updated_after_cheque_or_cash_deposit,,130,20,balance_not_updated_after_cheque_or_cash_deposit,gpt-5.6-terra | 7 labels,
7bc7a64c6d23,balance_not_updated_after_cheque_or_cash_deposit,,127,46,balance_not_updated_after_cheque_or_cash_deposit,gpt-5.6-terra | 7 labels,
d1376f431d08,balance_not_updated_after_cheque_or_cash_deposit,,159,20,balance_not_updated_after_cheque_or_cash_deposit,gpt-5.6-terra | 7 labels,
28d914fa0743,balance_not_updated_after_cheque_or_cash_deposit,,135,20,balance_not_updated_after_cheque_or_cash_deposit,gpt-5.6-terra | 7 labels,
7f634253c083,balance_not_updated_after_cheque_or_cash_deposit,,128,20,balance_not_updated_after_cheque_or_cash_deposit,gpt-5.6-terra | 7 labels,
ec59c7348f1c,balance_not_updated_after_cheque_or_cash_deposit,,127,20,balance_not_updated_after_cheque_or_cash_deposit,gpt-5.6-terra | 7 labels,
af1361efc404,balance_not_updated_after_cheque_or_cash_deposit,,137,20,balance_not_updated_after_cheque_or_cash_deposit,gpt-5.6-terra | 7 labels,
e927202e889a,balance_not_updated_after_cheque_or_cash_deposit,,133,20,balance_not_updated_after_cheque_or_cash_deposit,gpt-5.6-terra | 7 labels,
4cd7476b0cbc,balance_not_updated_after_cheque_or_cash_deposit,,128,20,balance_not_updated_after_cheque_or_cash_deposit,gpt-5.6-terra | 7 labels,
40434d31ea22,balance_not_updated_after_cheque_or_cash_deposit,,132,20,balance_not_updated_after_cheque_or_cash_deposit,gpt-5.6-terra | 7 labels,
1d24f5be922f,balance_not_updated_after_cheque_or_cash_deposit,,123,54,balance_not_updated_after_cheque_or_cash_deposit,gpt-5.6-terra | 7 labels,
0e0119a7c2b5,balance_not_updated_after_cheque_or_cash_deposit,,127,20,balance_not_updated_after_cheque_or_cash_deposit,gpt-5.6-terra | 7 labels,
59a0b4f528b7,balance_not_updated_after_cheque_or_cash_deposit,,140,20,balance_not_updated_after_cheque_or_cash_deposit,gpt-5.6-terra | 7 labels,
dc5242dcd122,balance_not_updated_after_cheque_or_cash_deposit,,137,36,balance_not_updated_after_cheque_or_cash_deposit,gpt-5.6-terra | 7 labels,
2cf613302b11,balance_not_updated_after_cheque_or_cash_deposit,,152,20,balance_not_updated_after_cheque_or_cash_deposit,gpt-5.6-terra | 7 labels,
ae783710b476,balance_not_updated_after_cheque_or_cash_deposit,,138,44,balance_not_updated_after_cheque_or_cash_deposit,gpt-5.6-terra | 7 labels,
0161f32a3406,balance_not_updated_after_cheque_or_cash_deposit,,130,20,balance_not_updated_after_cheque_or_cash_deposit,gpt-5.6-terra | 7 labels,
54310e68d9d1,balance_not_updated_after_cheque_or_cash_deposit,,131,44,balance_not_updated_after_cheque_or_cash_deposit,gpt-5.6-terra | 7 labels,
65cf2b101eab,card_payment_fee_charged,,152,16,card_payment_fee_charged,gpt-5.6-terra | 7 labels,
65c97862d61e,card_payment_fee_charged,,144,16,card_payment_fee_charged,gpt-5.6-terra | 7 labels,
94b11ebb486d,card_payment_fee_charged,,151,16,card_payment_fee_charged,gpt-5.6-terra | 7 labels,
763ac196217b,card_payment_fee_charged,,161,16,card_payment_fee_charged,gpt-5.6-terra | 7 labels,
710c22b8da59,card_payment_fee_charged,,128,16,card_payment_fee_charged,gpt-5.6-terra | 7 labels,
c8792e26f794,card_payment_fee_charged,,129,16,card_payment_fee_charged,gpt-5.6-terra | 7 labels,
d7a0033fefe5,card_payment_fee_charged,,140,16,card_payment_fee_charged,gpt-5.6-terra | 7 labels,
b2449bd3a2bc,card_payment_fee_charged,,127,16,card_payment_fee_charged,gpt-5.6-terra | 7 labels,
03b07ff07bd4,card_payment_fee_charged,,140,16,card_payment_fee_charged,gpt-5.6-terra | 7 labels,
5eb7c3bd0389,card_payment_fee_charged,,128,16,card_payment_fee_charged,gpt-5.6-terra | 7 labels,
9bafcbe8de84,card_payment_fee_charged,,122,47,card_payment_fee_charged,gpt-5.6-terra | 7 labels,
88aeddf68f38,card_payment_fee_charged,,126,139,card_payment_fee_charged,gpt-5.6-terra | 7 labels,
e5a4236fab1c,card_payment_fee_charged,,127,38,card_payment_fee_charged,gpt-5.6-terra | 7 labels,
9f52f9c9e888,card_payment_fee_charged,,130,16,card_payment_fee_charged,gpt-5.6-terra | 7 labels,
7cdcfae7e45b,card_payment_fee_charged,,131,16,card_payment_fee_charged,gpt-5.6-terra | 7 labels,
3fc55a877756,card_payment_fee_charged,,154,16,card_payment_fee_charged,gpt-5.6-terra | 7 labels,
27a435d9f263,card_payment_fee_charged,,128,16,card_payment_fee_charged,gpt-5.6-terra | 7 labels,
35411c84f4c9,card_payment_fee_charged,,125,16,card_payment_fee_charged,gpt-5.6-terra | 7 labels,
e831ac0c5a32,card_payment_fee_charged,,127,16,card_payment_fee_charged,gpt-5.6-terra | 7 labels,
61562dcf9fba,card_payment_fee_charged,,133,16,card_payment_fee_charged,gpt-5.6-terra | 7 labels,
9254e5c2a7f2,card_payment_fee_charged,,130,16,card_payment_fee_charged,gpt-5.6-terra | 7 labels,
10e455f288c0,card_payment_fee_charged,,129,16,card_payment_fee_charged,gpt-5.6-terra | 7 labels,
e3bb37a33dc7,card_payment_fee_charged,,127,16,card_payment_fee_charged,gpt-5.6-terra | 7 labels,
3820e0f4606f,card_payment_fee_charged,,123,51,card_payment_fee_charged,gpt-5.6-terra | 7 labels,
777c8e200fe7,card_payment_fee_charged,,125,16,card_payment_fee_charged,gpt-5.6-terra | 7 labels,
57f20aa4ef78,card_payment_fee_charged,,124,16,card_payment_fee_charged,gpt-5.6-terra | 7 labels,
043010aa0e41,card_payment_fee_charged,,128,16,card_payment_fee_charged,gpt-5.6-terra | 7 labels,
d9a1cebae71e,card_payment_fee_charged,,124,45,card_payment_fee_charged,gpt-5.6-terra | 7 labels,
3a1e540463dd,card_payment_fee_charged,,129,16,card_payment_fee_charged,gpt-5.6-terra | 7 labels,
565b1fb9b38c,card_payment_fee_charged,,129,16,card_payment_fee_charged,gpt-5.6-terra | 7 labels,
2599a59693b5,card_payment_fee_charged,,160,16,card_payment_fee_charged,gpt-5.6-terra | 7 labels,
00b4e435457f,card_payment_fee_charged,,129,16,card_payment_fee_charged,gpt-5.6-terra | 7 labels,
51103ed7c5ad,card_payment_fee_charged,,133,16,card_payment_fee_charged,gpt-5.6-terra | 7 labels,
0524a0ffd3ca,card_payment_fee_charged,,132,16,card_payment_fee_charged,gpt-5.6-terra | 7 labels,
43e04ce30290,card_payment_fee_charged,,126,16,card_payment_fee_charged,gpt-5.6-terra | 7 labels,
b315778843d5,card_payment_fee_charged,,124,163,cash_withdrawal_charge,gpt-5.6-terra | 7 labels,
b3645f7acb96,card_payment_fee_charged,,124,16,card_payment_fee_charged,gpt-5.6-terra | 7 labels,
b3b8de347c8d,card_payment_fee_charged,,128,16,card_payment_fee_charged,gpt-5.6-terra | 7 labels,
5ae930a34c0c,card_payment_fee_charged,,125,37,card_payment_fee_charged,gpt-5.6-terra | 7 labels,
95804d8227d8,card_payment_fee_charged,,130,16,card_payment_fee_charged,gpt-5.6-terra | 7 labels,
dc01017d0238,card_payment_fee_charged,,130,16,card_payment_fee_charged,gpt-5.6-terra | 7 labels,
687db3f9e72a,card_payment_fee_charged,,132,58,card_payment_fee_charged,gpt-5.6-terra | 7 labels,
1a31eb175530,card_payment_fee_charged,,146,16,card_payment_fee_charged,gpt-5.6-terra | 7 labels,
9cef224c73af,card_payment_fee_charged,,130,16,card_payment_fee_charged,gpt-5.6-terra | 7 labels,
11b048a5fd1c,card_payment_fee_charged,,127,16,card_payment_fee_charged,gpt-5.6-terra | 7 labels,
c538f8717736,card_payment_fee_charged,,154,16,card_payment_fee_charged,gpt-5.6-terra | 7 labels,
469eab5c582c,card_payment_fee_charged,,131,16,card_payment_fee_charged,gpt-5.6-terra | 7 labels,
12536c4239a5,card_payment_fee_charged,,130,16,card_payment_fee_charged,gpt-5.6-terra | 7 labels,
d2b9e7f9cf49,card_payment_fee_charged,,124,16,card_payment_fee_charged,gpt-5.6-terra | 7 labels,
0b0f4644a417,card_payment_fee_charged,,125,36,card_payment_fee_charged,gpt-5.6-terra | 7 labels,
04cffa9dbed1,card_payment_fee_charged,,148,50,card_payment_fee_charged,gpt-5.6-terra | 7 labels,
b8373d71e3f5,card_payment_fee_charged,,128,16,card_payment_fee_charged,gpt-5.6-terra | 7 labels,
35ff2b11bd0d,card_payment_fee_charged,,128,16,card_payment_fee_charged,gpt-5.6-terra | 7 labels,
be5cbb2a9124,card_payment_fee_charged,,129,16,card_payment_fee_charged,gpt-5.6-terra | 7 labels,
8e7c8ff74f34,card_payment_fee_charged,,126,16,card_payment_fee_charged,gpt-5.6-terra | 7 labels,
fe6115f05caa,card_payment_fee_charged,,129,16,card_payment_fee_charged,gpt-5.6-terra | 7 labels,
e0e71cc11fe9,card_payment_fee_charged,,125,16,card_payment_fee_charged,gpt-5.6-terra | 7 labels,
e295a923a082,card_payment_fee_charged,,168,76,cash_withdrawal_charge,gpt-5.6-terra | 7 labels,
04bb45de17e8,card_payment_fee_charged,,130,16,card_payment_fee_charged,gpt-5.6-terra | 7 labels,
284d18c53eee,card_payment_fee_charged,,127,16,card_payment_fee_charged,gpt-5.6-terra | 7 labels,
920ab62a538b,card_payment_fee_charged,,134,16,card_payment_fee_charged,gpt-5.6-terra | 7 labels,
46d7a17ec160,card_payment_fee_charged,,128,16,card_payment_fee_charged,gpt-5.6-terra | 7 labels,
288ff9d71f05,card_payment_fee_charged,,126,16,card_payment_fee_charged,gpt-5.6-terra | 7 labels,
43446c51adbc,card_payment_fee_charged,,128,56,card_payment_fee_charged,gpt-5.6-terra | 7 labels,
5d8d11d61fbb,card_payment_fee_charged,,125,16,card_payment_fee_charged,gpt-5.6-terra | 7 labels,
1b3860352a64,card_payment_fee_charged,,131,40,card_payment_fee_charged,gpt-5.6-terra | 7 labels,
6f0ccdf86ada,card_payment_fee_charged,,131,129,card_payment_fee_charged,gpt-5.6-terra | 7 labels,
242f22eeaf88,card_payment_fee_charged,,127,16,card_payment_fee_charged,gpt-5.6-terra | 7 labels,
abd2878820fb,card_payment_fee_charged,,127,16,card_payment_fee_charged,gpt-5.6-terra | 7 labels,
0ca8386ddb27,card_payment_fee_charged,,128,16,card_payment_fee_charged,gpt-5.6-terra | 7 labels,
591f3739307b,card_payment_fee_charged,,129,16,card_payment_fee_charged,gpt-5.6-terra | 7 labels,
f5da9fb8577d,card_payment_fee_charged,,132,16,card_payment_fee_charged,gpt-5.6-terra | 7 labels,
89b8507c2350,card_payment_fee_charged,,128,36,card_payment_fee_charged,gpt-5.6-terra | 7 labels,
b8d8491edd12,card_payment_fee_charged,,128,16,card_payment_fee_charged,gpt-5.6-terra | 7 labels,
e1679e329977,card_payment_fee_charged,,129,16,card_payment_fee_charged,gpt-5.6-terra | 7 labels,
503f62ca627b,card_payment_fee_charged,,145,16,card_payment_fee_charged,gpt-5.6-terra | 7 labels,
5dd22d72d88a,card_payment_fee_charged,,131,16,card_payment_fee_charged,gpt-5.6-terra | 7 labels,
b1d51218991d,card_payment_fee_charged,,130,16,card_payment_fee_charged,gpt-5.6-terra | 7 labels,
3c690abe2ece,card_payment_fee_charged,,128,16,card_payment_fee_charged,gpt-5.6-terra | 7 labels,
8a83261e5fc6,card_payment_fee_charged,,128,16,card_payment_fee_charged,gpt-5.6-terra | 7 labels,
003b03712ccf,card_payment_fee_charged,,129,16,card_payment_fee_charged,gpt-5.6-terra | 7 labels,
ff415561344f,card_payment_fee_charged,,126,16,card_payment_fee_charged,gpt-5.6-terra | 7 labels,
ae7cbc977771,card_payment_fee_charged,,132,16,card_payment_fee_charged,gpt-5.6-terra | 7 labels,
50d38aba9c7e,card_payment_fee_charged,,127,16,card_payment_fee_charged,gpt-5.6-terra | 7 labels,
2740cfb47783,card_payment_fee_charged,,132,16,card_payment_fee_charged,gpt-5.6-terra | 7 labels,
a0cb8ce7a3be,card_payment_fee_charged,,132,16,card_payment_fee_charged,gpt-5.6-terra | 7 labels,
08d2cfa96795,card_payment_fee_charged,,126,16,card_payment_fee_charged,gpt-5.6-terra | 7 labels,
7786520ee794,card_payment_fee_charged,,161,16,card_payment_fee_charged,gpt-5.6-terra | 7 labels,
5c34551de9cb,card_payment_fee_charged,,124,47,card_payment_fee_charged,gpt-5.6-terra | 7 labels,
1b464852f773,card_payment_fee_charged,,132,27,card_payment_fee_charged,gpt-5.6-terra | 7 labels,
0d3467dc3638,card_payment_fee_charged,,135,16,card_payment_fee_charged,gpt-5.6-terra | 7 labels,
484afb5a86e1,card_payment_fee_charged,,127,16,card_payment_fee_charged,gpt-5.6-terra | 7 labels,
bd7fba6b6718,card_payment_fee_charged,,140,30,card_payment_fee_charged,gpt-5.6-terra | 7 labels,
508342241005,card_payment_fee_charged,,150,16,card_payment_fee_charged,gpt-5.6-terra | 7 labels,
7e0f0aecca2f,card_payment_fee_charged,,130,16,card_payment_fee_charged,gpt-5.6-terra | 7 labels,
73b99556dad1,card_payment_fee_charged,,127,16,card_payment_fee_charged,gpt-5.6-terra | 7 labels,
dae90d928991,card_payment_fee_charged,,124,31,card_payment_fee_charged,gpt-5.6-terra | 7 labels,
4ac61ef59f81,card_payment_fee_charged,,129,32,card_payment_fee_charged,gpt-5.6-terra | 7 labels,
130935f40d7b,card_payment_fee_charged,,157,86,cash_withdrawal_charge,gpt-5.6-terra | 7 labels,
dcb81697ccba,card_payment_fee_charged,,128,16,card_payment_fee_charged,gpt-5.6-terra | 7 labels,
287d0a57b8ec,card_payment_fee_charged,,129,16,card_payment_fee_charged,gpt-5.6-terra | 7 labels,
6949007f495c,card_payment_fee_charged,,132,16,card_payment_fee_charged,gpt-5.6-terra | 7 labels,
33b1032fea08,card_payment_fee_charged,,127,16,card_payment_fee_charged,gpt-5.6-terra | 7 labels,
93c3ef0c4817,card_payment_fee_charged,,129,16,card_payment_fee_charged,gpt-5.6-terra | 7 labels,
17a527702080,card_payment_fee_charged,,135,16,card_payment_fee_charged,gpt-5.6-terra | 7 labels,
cce28dc7d593,card_payment_fee_charged,,128,16,card_payment_fee_charged,gpt-5.6-terra | 7 labels,
669cc763fcf8,card_payment_fee_charged,,128,16,card_payment_fee_charged,gpt-5.6-terra | 7 labels,
57f8b1259f8d,card_payment_fee_charged,,128,16,card_payment_fee_charged,gpt-5.6-terra | 7 labels,
8921c0c207f6,card_payment_fee_charged,,138,16,card_payment_fee_charged,gpt-5.6-terra | 7 labels,
278a2bbde7aa,card_payment_fee_charged,,136,16,card_payment_fee_charged,gpt-5.6-terra | 7 labels,
43298b9e3efa,card_payment_fee_charged,,131,16,card_payment_fee_charged,gpt-5.6-terra | 7 labels,
a412fc92adb6,card_payment_fee_charged,,130,16,card_payment_fee_charged,gpt-5.6-terra | 7 labels,
a9e75aabe8f1,card_payment_fee_charged,,124,16,card_payment_fee_charged,gpt-5.6-terra | 7 labels,
ba53913d1150,card_payment_fee_charged,,126,16,card_payment_fee_charged,gpt-5.6-terra | 7 labels,
6810834acd1e,card_payment_fee_charged,,140,16,card_payment_fee_charged,gpt-5.6-terra | 7 labels,
d660c4e2c624,card_payment_fee_charged,,126,16,card_payment_fee_charged,gpt-5.6-terra | 7 labels,
79ab4c8029a5,card_payment_fee_charged,,128,16,card_payment_fee_charged,gpt-5.6-terra | 7 labels,
7d2a1cd6d5cc,card_payment_fee_charged,,131,16,card_payment_fee_charged,gpt-5.6-terra | 7 labels,
7792ac0524f4,card_payment_fee_charged,,140,16,card_payment_fee_charged,gpt-5.6-terra | 7 labels,
a114627c7f9d,card_payment_fee_charged,,127,16,card_payment_fee_charged,gpt-5.6-terra | 7 labels,
15b4e5ac7f93,card_payment_fee_charged,,128,16,card_payment_fee_charged,gpt-5.6-terra | 7 labels,
4aa428846016,card_payment_fee_charged,,134,53,card_payment_fee_charged,gpt-5.6-terra | 7 labels,
34c126190f15,card_payment_fee_charged,,131,66,card_payment_fee_charged,gpt-5.6-terra | 7 labels,
0e53bc950287,card_payment_fee_charged,,143,57,card_payment_fee_charged,gpt-5.6-terra | 7 labels,
c0ea68022ef9,card_payment_fee_charged,,128,16,card_payment_fee_charged,gpt-5.6-terra | 7 labels,
6a36fe314816,card_payment_fee_charged,,125,16,card_payment_fee_charged,gpt-5.6-terra | 7 labels,
4e92a77b05a7,card_payment_fee_charged,,133,57,card_payment_fee_charged,gpt-5.6-terra | 7 labels,
1d28838909e3,card_payment_fee_charged,,128,16,card_payment_fee_charged,gpt-5.6-terra | 7 labels,
21b49738e57a,card_payment_fee_charged,,137,35,card_payment_fee_charged,gpt-5.6-terra | 7 labels,
e2d00ba2a606,card_payment_fee_charged,,141,16,card_payment_fee_charged,gpt-5.6-terra | 7 labels,
0babeadb24b8,card_payment_fee_charged,,125,16,card_payment_fee_charged,gpt-5.6-terra | 7 labels,
e6d5859cc2ca,card_payment_fee_charged,,138,16,card_payment_fee_charged,gpt-5.6-terra | 7 labels,
7aaa652cd052,card_payment_fee_charged,,129,16,card_payment_fee_charged,gpt-5.6-terra | 7 labels,
a70b8d7407c9,card_payment_fee_charged,,147,140,card_payment_fee_charged,gpt-5.6-terra | 7 labels,
960476cb6d39,card_payment_fee_charged,,126,16,card_payment_fee_charged,gpt-5.6-terra | 7 labels,
9bb2a8648768,card_payment_fee_charged,,134,16,card_payment_fee_charged,gpt-5.6-terra | 7 labels,
75604059e4ca,card_payment_fee_charged,,124,76,card_payment_fee_charged,gpt-5.6-terra | 7 labels,
ed7072749114,card_payment_fee_charged,,137,16,card_payment_fee_charged,gpt-5.6-terra | 7 labels,
4b6dad389446,card_payment_fee_charged,,129,16,card_payment_fee_charged,gpt-5.6-terra | 7 labels,
6110b27cf525,card_payment_fee_charged,,152,16,card_payment_fee_charged,gpt-5.6-terra | 7 labels,
44583cd46a7c,card_payment_fee_charged,,126,16,card_payment_fee_charged,gpt-5.6-terra | 7 labels,
23f594dee6c7,card_payment_fee_charged,,125,31,card_payment_fee_charged,gpt-5.6-terra | 7 labels,
6d4f5bba874f,card_payment_fee_charged,,132,16,card_payment_fee_charged,gpt-5.6-terra | 7 labels,
339db78bd8f0,cash_withdrawal_charge,,130,15,cash_withdrawal_charge,gpt-5.6-terra | 7 labels,
d140ca72e293,cash_withdrawal_charge,,125,15,cash_withdrawal_charge,gpt-5.6-terra | 7 labels,
bb241a0b5fa0,cash_withdrawal_charge,,126,15,cash_withdrawal_charge,gpt-5.6-terra | 7 labels,
b2a9c2f1ad05,cash_withdrawal_charge,,126,15,cash_withdrawal_charge,gpt-5.6-terra | 7 labels,
97b51b07e9ef,cash_withdrawal_charge,,129,15,cash_withdrawal_charge,gpt-5.6-terra | 7 labels,
85623395b3d4,cash_withdrawal_charge,,128,15,cash_withdrawal_charge,gpt-5.6-terra | 7 labels,
8d825e4d4ccc,cash_withdrawal_charge,,130,15,cash_withdrawal_charge,gpt-5.6-terra | 7 labels,
f67d81cd129c,cash_withdrawal_charge,,126,15,cash_withdrawal_charge,gpt-5.6-terra | 7 labels,
78991fec5e72,cash_withdrawal_charge,,135,15,cash_withdrawal_charge,gpt-5.6-terra | 7 labels,
95497968ae1b,cash_withdrawal_charge,,126,15,cash_withdrawal_charge,gpt-5.6-terra | 7 labels,
36d35c4e13f0,cash_withdrawal_charge,,126,15,cash_withdrawal_charge,gpt-5.6-terra | 7 labels,
d3a4dad83ec6,cash_withdrawal_charge,,129,46,cash_withdrawal_charge,gpt-5.6-terra | 7 labels,
6198a0c44d66,cash_withdrawal_charge,,129,47,cash_withdrawal_charge,gpt-5.6-terra | 7 labels,
5d239c2ac43b,cash_withdrawal_charge,,153,15,cash_withdrawal_charge,gpt-5.6-terra | 7 labels,
254add460686,cash_withdrawal_charge,,126,15,cash_withdrawal_charge,gpt-5.6-terra | 7 labels,
e13dbbc7d92f,cash_withdrawal_charge,,147,15,cash_withdrawal_charge,gpt-5.6-terra | 7 labels,
9943c702363c,cash_withdrawal_charge,,128,51,cash_withdrawal_charge,gpt-5.6-terra | 7 labels,
ba006e82d9a6,cash_withdrawal_charge,,126,15,cash_withdrawal_charge,gpt-5.6-terra | 7 labels,
6ac49489576f,cash_withdrawal_charge,,157,15,cash_withdrawal_charge,gpt-5.6-terra | 7 labels,
a24c525e3bae,cash_withdrawal_charge,,124,15,cash_withdrawal_charge,gpt-5.6-terra | 7 labels,
2898104223f9,cash_withdrawal_charge,,140,15,cash_withdrawal_charge,gpt-5.6-terra | 7 labels,
ddb65165dc57,cash_withdrawal_charge,,129,15,cash_withdrawal_charge,gpt-5.6-terra | 7 labels,
6aed717b870c,cash_withdrawal_charge,,127,15,cash_withdrawal_charge,gpt-5.6-terra | 7 labels,
5903a0e9419b,cash_withdrawal_charge,,155,15,cash_withdrawal_charge,gpt-5.6-terra | 7 labels,
f9f4180063d3,cash_withdrawal_charge,,126,15,cash_withdrawal_charge,gpt-5.6-terra | 7 labels,
43639ec12730,cash_withdrawal_charge,,148,15,cash_withdrawal_charge,gpt-5.6-terra | 7 labels,
21892dac9434,cash_withdrawal_charge,,125,15,cash_withdrawal_charge,gpt-5.6-terra | 7 labels,
09c866c4beb7,cash_withdrawal_charge,,147,15,cash_withdrawal_charge,gpt-5.6-terra | 7 labels,
60e3b74a8ac3,cash_withdrawal_charge,,150,15,cash_withdrawal_charge,gpt-5.6-terra | 7 labels,
8b4edbcbff35,cash_withdrawal_charge,,143,15,cash_withdrawal_charge,gpt-5.6-terra | 7 labels,
329ea4d82595,cash_withdrawal_charge,,127,15,cash_withdrawal_charge,gpt-5.6-terra | 7 labels,
58559e6423a1,cash_withdrawal_charge,,134,15,cash_withdrawal_charge,gpt-5.6-terra | 7 labels,
2ec69fccc2f0,cash_withdrawal_charge,,136,15,cash_withdrawal_charge,gpt-5.6-terra | 7 labels,
2e6b932f4847,cash_withdrawal_charge,,131,15,cash_withdrawal_charge,gpt-5.6-terra | 7 labels,
49c21c7e4530,cash_withdrawal_charge,,133,15,cash_withdrawal_charge,gpt-5.6-terra | 7 labels,
d5c01023a409,cash_withdrawal_charge,,125,15,cash_withdrawal_charge,gpt-5.6-terra | 7 labels,
46f553a6cab7,cash_withdrawal_charge,,133,15,cash_withdrawal_charge,gpt-5.6-terra | 7 labels,
604c4ed3fb9e,cash_withdrawal_charge,,126,15,cash_withdrawal_charge,gpt-5.6-terra | 7 labels,
a119e463647a,cash_withdrawal_charge,,133,15,cash_withdrawal_charge,gpt-5.6-terra | 7 labels,
4fbb393fd748,cash_withdrawal_charge,,150,15,cash_withdrawal_charge,gpt-5.6-terra | 7 labels,
f95e2a590225,cash_withdrawal_charge,,129,41,cash_withdrawal_charge,gpt-5.6-terra | 7 labels,
97f25053b918,cash_withdrawal_charge,,126,15,cash_withdrawal_charge,gpt-5.6-terra | 7 labels,
7b3a66e651d1,cash_withdrawal_charge,,124,15,cash_withdrawal_charge,gpt-5.6-terra | 7 labels,
235f05b74409,cash_withdrawal_charge,,127,15,cash_withdrawal_charge,gpt-5.6-terra | 7 labels,
2f4838cc355d,cash_withdrawal_charge,,144,39,cash_withdrawal_charge,gpt-5.6-terra | 7 labels,
3dc806b73f47,cash_withdrawal_charge,,133,15,cash_withdrawal_charge,gpt-5.6-terra | 7 labels,
6d4b84ff6c7a,cash_withdrawal_charge,,125,50,card_payment_fee_charged,gpt-5.6-terra | 7 labels,
3e69b2b5884e,cash_withdrawal_charge,,142,15,cash_withdrawal_charge,gpt-5.6-terra | 7 labels,
39e6296e01d1,cash_withdrawal_charge,,157,15,cash_withdrawal_charge,gpt-5.6-terra | 7 labels,
f80af9f903ef,cash_withdrawal_charge,,124,15,cash_withdrawal_charge,gpt-5.6-terra | 7 labels,
3ef553d8f1ff,cash_withdrawal_charge,,126,15,cash_withdrawal_charge,gpt-5.6-terra | 7 labels,
a0e6321929f7,cash_withdrawal_charge,,125,15,cash_withdrawal_charge,gpt-5.6-terra | 7 labels,
bad3a4b5e03e,cash_withdrawal_charge,,126,15,cash_withdrawal_charge,gpt-5.6-terra | 7 labels,
3e774f6caea5,cash_withdrawal_charge,,125,15,cash_withdrawal_charge,gpt-5.6-terra | 7 labels,
0ee1c873f04b,cash_withdrawal_charge,,140,15,cash_withdrawal_charge,gpt-5.6-terra | 7 labels,
2ea91413ca8e,cash_withdrawal_charge,,127,15,cash_withdrawal_charge,gpt-5.6-terra | 7 labels,
a116c6e680f4,cash_withdrawal_charge,,130,15,cash_withdrawal_charge,gpt-5.6-terra | 7 labels,
4fb73639aafe,cash_withdrawal_charge,,147,15,cash_withdrawal_charge,gpt-5.6-terra | 7 labels,
85ff2a751bcd,cash_withdrawal_charge,,129,15,cash_withdrawal_charge,gpt-5.6-terra | 7 labels,
1f193b3613d7,cash_withdrawal_charge,,145,15,cash_withdrawal_charge,gpt-5.6-terra | 7 labels,
c6f6a00e8256,cash_withdrawal_charge,,125,15,cash_withdrawal_charge,gpt-5.6-terra | 7 labels,
0220eeaed9da,cash_withdrawal_charge,,143,15,cash_withdrawal_charge,gpt-5.6-terra | 7 labels,
fa15c4481670,cash_withdrawal_charge,,127,15,cash_withdrawal_charge,gpt-5.6-terra | 7 labels,
409e8c0648d3,cash_withdrawal_charge,,140,15,cash_withdrawal_charge,gpt-5.6-terra | 7 labels,
24c090803fe1,cash_withdrawal_charge,,125,15,cash_withdrawal_charge,gpt-5.6-terra | 7 labels,
2c53ea772379,cash_withdrawal_charge,,165,15,cash_withdrawal_charge,gpt-5.6-terra | 7 labels,
beb81e083fd6,cash_withdrawal_charge,,127,15,cash_withdrawal_charge,gpt-5.6-terra | 7 labels,
cfd41ab0b48a,cash_withdrawal_charge,,132,15,cash_withdrawal_charge,gpt-5.6-terra | 7 labels,
aa6aac80aa2a,cash_withdrawal_charge,,127,15,cash_withdrawal_charge,gpt-5.6-terra | 7 labels,
4eb7a04fa1e3,cash_withdrawal_charge,,128,15,cash_withdrawal_charge,gpt-5.6-terra | 7 labels,
d2d8cf545e44,cash_withdrawal_charge,,135,15,cash_withdrawal_charge,gpt-5.6-terra | 7 labels,
0f02d590d86d,cash_withdrawal_charge,,128,15,cash_withdrawal_charge,gpt-5.6-terra | 7 labels,
5b0cebaabc2b,cash_withdrawal_charge,,156,15,cash_withdrawal_charge,gpt-5.6-terra | 7 labels,
40a092f46f24,cash_withdrawal_charge,,126,15,cash_withdrawal_charge,gpt-5.6-terra | 7 labels,
8ba13b6a977a,cash_withdrawal_charge,,130,15,cash_withdrawal_charge,gpt-5.6-terra | 7 labels,
755c6a10ad1e,cash_withdrawal_charge,,125,15,cash_withdrawal_charge,gpt-5.6-terra | 7 labels,
0bc0dceedee1,cash_withdrawal_charge,,127,15,cash_withdrawal_charge,gpt-5.6-terra | 7 labels,
b386ee306260,cash_withdrawal_charge,,144,64,cash_withdrawal_charge,gpt-5.6-terra | 7 labels,
409446f9ec7a,cash_withdrawal_charge,,127,31,cash_withdrawal_charge,gpt-5.6-terra | 7 labels,
b3bebcfc1669,cash_withdrawal_charge,,125,15,cash_withdrawal_charge,gpt-5.6-terra | 7 labels,
05c7609107ee,cash_withdrawal_charge,,131,15,cash_withdrawal_charge,gpt-5.6-terra | 7 labels,
58bceea953f4,cash_withdrawal_charge,,129,15,cash_withdrawal_charge,gpt-5.6-terra | 7 labels,
a4f13facebcc,cash_withdrawal_charge,,142,15,cash_withdrawal_charge,gpt-5.6-terra | 7 labels,
b84d7a0803ae,cash_withdrawal_charge,,125,15,cash_withdrawal_charge,gpt-5.6-terra | 7 labels,
d69edd94b3f4,cash_withdrawal_charge,,129,15,cash_withdrawal_charge,gpt-5.6-terra | 7 labels,
32bb4c8b6320,cash_withdrawal_charge,,144,15,cash_withdrawal_charge,gpt-5.6-terra | 7 labels,
5927e861f0f2,cash_withdrawal_charge,,140,15,cash_withdrawal_charge,gpt-5.6-terra | 7 labels,
3794d8424681,cash_withdrawal_charge,,127,34,cash_withdrawal_charge,gpt-5.6-terra | 7 labels,
19e891441d07,cash_withdrawal_charge,,126,15,cash_withdrawal_charge,gpt-5.6-terra | 7 labels,
010b154f169b,cash_withdrawal_charge,,134,15,cash_withdrawal_charge,gpt-5.6-terra | 7 labels,
46252827439e,cash_withdrawal_charge,,139,15,cash_withdrawal_charge,gpt-5.6-terra | 7 labels,
d18f74c5609e,cash_withdrawal_charge,,124,15,cash_withdrawal_charge,gpt-5.6-terra | 7 labels,
447f599e345f,cash_withdrawal_charge,,139,15,cash_withdrawal_charge,gpt-5.6-terra | 7 labels,
2407554a6a60,cash_withdrawal_charge,,124,35,cash_withdrawal_charge,gpt-5.6-terra | 7 labels,
4e3fb889c8e0,cash_withdrawal_charge,,135,37,cash_withdrawal_charge,gpt-5.6-terra | 7 labels,
85cb7c6190f2,cash_withdrawal_charge,,126,15,cash_withdrawal_charge,gpt-5.6-terra | 7 labels,
8d2d329ed4bd,cash_withdrawal_charge,,143,15,cash_withdrawal_charge,gpt-5.6-terra | 7 labels,
0395b8aa4fcd,cash_withdrawal_charge,,138,15,cash_withdrawal_charge,gpt-5.6-terra | 7 labels,
7e116daa03fa,cash_withdrawal_charge,,130,50,cash_withdrawal_charge,gpt-5.6-terra | 7 labels,
33a5e764eea2,cash_withdrawal_charge,,125,15,cash_withdrawal_charge,gpt-5.6-terra | 7 labels,
791ccae40b3e,cash_withdrawal_charge,,130,15,cash_withdrawal_charge,gpt-5.6-terra | 7 labels,
a84b00cf702e,cash_withdrawal_charge,,125,15,cash_withdrawal_charge,gpt-5.6-terra | 7 labels,
8e5a9ba87713,cash_withdrawal_charge,,123,15,cash_withdrawal_charge,gpt-5.6-terra | 7 labels,
927f5b3c8183,cash_withdrawal_charge,,130,56,cash_withdrawal_charge,gpt-5.6-terra | 7 labels,
7ba2be511a37,cash_withdrawal_charge,,144,15,cash_withdrawal_charge,gpt-5.6-terra | 7 labels,
ffe7282b752f,cash_withdrawal_charge,,125,15,cash_withdrawal_charge,gpt-5.6-terra | 7 labels,
897a9d82bc9d,cash_withdrawal_charge,,125,15,cash_withdrawal_charge,gpt-5.6-terra | 7 labels,
fd11f197e6c1,cash_withdrawal_charge,,129,15,cash_withdrawal_charge,gpt-5.6-terra | 7 labels,
c3865b14ea54,cash_withdrawal_charge,,127,15,cash_withdrawal_charge,gpt-5.6-terra | 7 labels,
96691587a695,cash_withdrawal_charge,,125,15,cash_withdrawal_charge,gpt-5.6-terra | 7 labels,
c6fdb3328c7f,cash_withdrawal_charge,,128,15,cash_withdrawal_charge,gpt-5.6-terra | 7 labels,
b05bb962a1b0,cash_withdrawal_charge,,128,60,cash_withdrawal_charge,gpt-5.6-terra | 7 labels,
2548bd6b87fc,cash_withdrawal_charge,,128,15,cash_withdrawal_charge,gpt-5.6-terra | 7 labels,
5525bf6d7b5c,cash_withdrawal_charge,,123,15,cash_withdrawal_charge,gpt-5.6-terra | 7 labels,
aed568398ed9,cash_withdrawal_charge,,123,15,cash_withdrawal_charge,gpt-5.6-terra | 7 labels,
e8075ca244ae,cash_withdrawal_charge,,133,15,cash_withdrawal_charge,gpt-5.6-terra | 7 labels,
0f8b231f5e53,cash_withdrawal_charge,,125,15,cash_withdrawal_charge,gpt-5.6-terra | 7 labels,
b51ec606eb3c,cash_withdrawal_charge,,131,15,cash_withdrawal_charge,gpt-5.6-terra | 7 labels,
73e1131fac73,cash_withdrawal_charge,,130,15,cash_withdrawal_charge,gpt-5.6-terra | 7 labels,
1d926c23f0bf,cash_withdrawal_charge,,124,15,cash_withdrawal_charge,gpt-5.6-terra | 7 labels,
f330b151079a,cash_withdrawal_charge,,131,15,cash_withdrawal_charge,gpt-5.6-terra | 7 labels,
96b10a227c4e,cash_withdrawal_charge,,125,15,cash_withdrawal_charge,gpt-5.6-terra | 7 labels,
6aa6dffb089d,cash_withdrawal_charge,,126,35,cash_withdrawal_charge,gpt-5.6-terra | 7 labels,
1132bd891489,cash_withdrawal_charge,,142,15,cash_withdrawal_charge,gpt-5.6-terra | 7 labels,
991941f69549,cash_withdrawal_charge,,126,15,cash_withdrawal_charge,gpt-5.6-terra | 7 labels,
8f02b807c785,cash_withdrawal_charge,,124,15,cash_withdrawal_charge,gpt-5.6-terra | 7 labels,
fba3bc99783f,cash_withdrawal_charge,,131,15,cash_withdrawal_charge,gpt-5.6-terra | 7 labels,
e6df9e8ac64c,cash_withdrawal_charge,,127,31,cash_withdrawal_charge,gpt-5.6-terra | 7 labels,
c345c23aa78c,cash_withdrawal_charge,,130,41,cash_withdrawal_charge,gpt-5.6-terra | 7 labels,
a3f7b0c52025,cash_withdrawal_charge,,144,15,cash_withdrawal_charge,gpt-5.6-terra | 7 labels,
f5abca437fb5,cash_withdrawal_charge,,162,15,cash_withdrawal_charge,gpt-5.6-terra | 7 labels,
87efaa1a1cbe,cash_withdrawal_charge,,158,15,cash_withdrawal_charge,gpt-5.6-terra | 7 labels,
6cff2aa56e02,cash_withdrawal_charge,,126,15,cash_withdrawal_charge,gpt-5.6-terra | 7 labels,
4a99d5602a32,cash_withdrawal_charge,,155,15,cash_withdrawal_charge,gpt-5.6-terra | 7 labels,
a6ebfee05775,cash_withdrawal_charge,,129,15,cash_withdrawal_charge,gpt-5.6-terra | 7 labels,
7d87dc36fd6e,cash_withdrawal_charge,,133,135,cash_withdrawal_charge,gpt-5.6-terra | 7 labels,
fa8a13a1ede9,cash_withdrawal_charge,,125,15,cash_withdrawal_charge,gpt-5.6-terra | 7 labels,
bdcc03f44bd0,cash_withdrawal_charge,,123,34,card_payment_fee_charged,gpt-5.6-terra | 7 labels,
f2de9ee4b514,cash_withdrawal_charge,,126,15,cash_withdrawal_charge,gpt-5.6-terra | 7 labels,
d78c5f9c13d2,cash_withdrawal_charge,,146,15,cash_withdrawal_charge,gpt-5.6-terra | 7 labels,
2d73daa3eb4f,cash_withdrawal_charge,,129,15,cash_withdrawal_charge,gpt-5.6-terra | 7 labels,
c4796017d60e,cash_withdrawal_charge,,186,15,cash_withdrawal_charge,gpt-5.6-terra | 7 labels,
2f4e8201f8a4,cash_withdrawal_charge,,128,15,cash_withdrawal_charge,gpt-5.6-terra | 7 labels,
ffad41b0750a,declined_cash_withdrawal,,143,41,declined_cash_withdrawal,gpt-5.6-terra | 7 labels,
4b26fc9cb13d,declined_cash_withdrawal,,150,29,declined_cash_withdrawal,gpt-5.6-terra | 7 labels,
59a08ffb3b55,declined_cash_withdrawal,,130,16,declined_cash_withdrawal,gpt-5.6-terra | 7 labels,
2a9cff62a134,declined_cash_withdrawal,,124,16,declined_cash_withdrawal,gpt-5.6-terra | 7 labels,
95d915e5c678,declined_cash_withdrawal,,124,29,declined_cash_withdrawal,gpt-5.6-terra | 7 labels,
1241abf13233,declined_cash_withdrawal,,129,16,declined_cash_withdrawal,gpt-5.6-terra | 7 labels,
c12fea7c4565,declined_cash_withdrawal,,125,16,declined_cash_withdrawal,gpt-5.6-terra | 7 labels,
ad8069fbd584,declined_cash_withdrawal,,132,16,declined_cash_withdrawal,gpt-5.6-terra | 7 labels,
0cad140e8d30,declined_cash_withdrawal,,131,16,declined_cash_withdrawal,gpt-5.6-terra | 7 labels,
fa714cb880ab,declined_cash_withdrawal,,145,16,declined_cash_withdrawal,gpt-5.6-terra | 7 labels,
1f6fb1121409,declined_cash_withdrawal,,130,16,declined_cash_withdrawal,gpt-5.6-terra | 7 labels,
cf516391857a,declined_cash_withdrawal,,125,16,declined_cash_withdrawal,gpt-5.6-terra | 7 labels,
b8e96e92cae0,declined_cash_withdrawal,,149,29,declined_cash_withdrawal,gpt-5.6-terra | 7 labels,
e9b6b700f49e,declined_cash_withdrawal,,123,16,declined_cash_withdrawal,gpt-5.6-terra | 7 labels,
75e9900a4695,declined_cash_withdrawal,,124,16,declined_cash_withdrawal,gpt-5.6-terra | 7 labels,
10de3104a3d0,declined_cash_withdrawal,,142,29,declined_cash_withdrawal,gpt-5.6-terra | 7 labels,
a23b2e0f0135,declined_cash_withdrawal,,127,16,declined_cash_withdrawal,gpt-5.6-terra | 7 labels,
74c712d5b358,declined_cash_withdrawal,,131,29,declined_cash_withdrawal,gpt-5.6-terra | 7 labels,
56ae7cfd9c27,declined_cash_withdrawal,,125,16,declined_cash_withdrawal,gpt-5.6-terra | 7 labels,
c36a2add0a2a,declined_cash_withdrawal,,123,16,declined_cash_withdrawal,gpt-5.6-terra | 7 labels,
57bb021a71ca,declined_cash_withdrawal,,150,16,declined_cash_withdrawal,gpt-5.6-terra | 7 labels,
b0363e0439a7,declined_cash_withdrawal,,125,28,declined_cash_withdrawal,gpt-5.6-terra | 7 labels,
7407e7dccd9b,declined_cash_withdrawal,,128,29,declined_cash_withdrawal,gpt-5.6-terra | 7 labels,
82074b616491,declined_cash_withdrawal,,128,16,declined_cash_withdrawal,gpt-5.6-terra | 7 labels,
59331f7ce58f,declined_cash_withdrawal,,123,29,declined_cash_withdrawal,gpt-5.6-terra | 7 labels,
6313e5050406,declined_cash_withdrawal,,124,16,declined_cash_withdrawal,gpt-5.6-terra | 7 labels,
a032c55864e7,declined_cash_withdrawal,,129,29,declined_cash_withdrawal,gpt-5.6-terra | 7 labels,
ebdd964150bd,declined_cash_withdrawal,,127,16,declined_cash_withdrawal,gpt-5.6-terra | 7 labels,
33fd4079de52,declined_cash_withdrawal,,136,16,declined_cash_withdrawal,gpt-5.6-terra | 7 labels,
3229e833a07c,declined_cash_withdrawal,,127,16,declined_cash_withdrawal,gpt-5.6-terra | 7 labels,
ce21fa54ffa8,declined_cash_withdrawal,,125,30,declined_cash_withdrawal,gpt-5.6-terra | 7 labels,
81c44d0a3e06,declined_cash_withdrawal,,143,29,declined_cash_withdrawal,gpt-5.6-terra | 7 labels,
586cf8b0e344,declined_cash_withdrawal,,123,38,declined_cash_withdrawal,gpt-5.6-terra | 7 labels,
3e1da13215c6,declined_cash_withdrawal,,125,16,declined_cash_withdrawal,gpt-5.6-terra | 7 labels,
d4b328aa244f,declined_cash_withdrawal,,143,16,declined_cash_withdrawal,gpt-5.6-terra | 7 labels,
9f65e611100c,declined_cash_withdrawal,,142,16,declined_cash_withdrawal,gpt-5.6-terra | 7 labels,
aebb1ebfe32b,declined_cash_withdrawal,,121,34,declined_cash_withdrawal,gpt-5.6-terra | 7 labels,
63bb58d24e56,declined_cash_withdrawal,,128,16,declined_cash_withdrawal,gpt-5.6-terra | 7 labels,
eb5d2695e883,declined_cash_withdrawal,,148,30,declined_cash_withdrawal,gpt-5.6-terra | 7 labels,
97e1580a2aaf,declined_cash_withdrawal,,146,36,declined_cash_withdrawal,gpt-5.6-terra | 7 labels,
ef9c65e6d3fc,declined_cash_withdrawal,,152,16,declined_cash_withdrawal,gpt-5.6-terra | 7 labels,
e4f593b757f7,declined_cash_withdrawal,,134,29,declined_cash_withdrawal,gpt-5.6-terra | 7 labels,
64155f01ef16,declined_cash_withdrawal,,125,16,declined_cash_withdrawal,gpt-5.6-terra | 7 labels,
aed7bd171beb,declined_cash_withdrawal,,144,16,declined_cash_withdrawal,gpt-5.6-terra | 7 labels,
54b33881e7f2,declined_cash_withdrawal,,123,28,declined_cash_withdrawal,gpt-5.6-terra | 7 labels,
fd84033a30d5,declined_cash_withdrawal,,124,16,declined_cash_withdrawal,gpt-5.6-terra | 7 labels,
b98fa893102c,declined_cash_withdrawal,,123,16,declined_cash_withdrawal,gpt-5.6-terra | 7 labels,
56aadeee16d6,declined_cash_withdrawal,,137,16,declined_cash_withdrawal,gpt-5.6-terra | 7 labels,
6a1296b9e8ec,declined_cash_withdrawal,,125,16,declined_cash_withdrawal,gpt-5.6-terra | 7 labels,
4f8fccdf640d,declined_cash_withdrawal,,146,16,declined_cash_withdrawal,gpt-5.6-terra | 7 labels,
e98902dace2a,declined_cash_withdrawal,,126,16,declined_cash_withdrawal,gpt-5.6-terra | 7 labels,
58baa472c201,declined_cash_withdrawal,,125,28,declined_cash_withdrawal,gpt-5.6-terra | 7 labels,
9f4b3dc4d893,declined_cash_withdrawal,,130,16,declined_cash_withdrawal,gpt-5.6-terra | 7 labels,
f110f6bc2464,declined_cash_withdrawal,,124,16,declined_cash_withdrawal,gpt-5.6-terra | 7 labels,
8ac91316026f,declined_cash_withdrawal,,128,16,declined_cash_withdrawal,gpt-5.6-terra | 7 labels,
a1a5cdabe5d0,declined_cash_withdrawal,,127,16,declined_cash_withdrawal,gpt-5.6-terra | 7 labels,
17605f6b2416,declined_cash_withdrawal,,154,16,declined_cash_withdrawal,gpt-5.6-terra | 7 labels,
6c56085c67da,declined_cash_withdrawal,,122,30,declined_cash_withdrawal,gpt-5.6-terra | 7 labels,
2af30e15d871,declined_cash_withdrawal,,126,16,declined_cash_withdrawal,gpt-5.6-terra | 7 labels,
9902659fbc28,declined_cash_withdrawal,,139,16,declined_cash_withdrawal,gpt-5.6-terra | 7 labels,
88f5dbb1c1ad,declined_cash_withdrawal,,125,53,declined_cash_withdrawal,gpt-5.6-terra | 7 labels,
573a99e4d1c4,declined_cash_withdrawal,,128,16,declined_cash_withdrawal,gpt-5.6-terra | 7 labels,
3204ece07310,declined_cash_withdrawal,,128,38,declined_cash_withdrawal,gpt-5.6-terra | 7 labels,
eb8b7133c6ce,declined_cash_withdrawal,,123,28,declined_cash_withdrawal,gpt-5.6-terra | 7 labels,
e367e2b7a3a6,declined_cash_withdrawal,,127,16,declined_cash_withdrawal,gpt-5.6-terra | 7 labels,
84e0feabbcc1,declined_cash_withdrawal,,125,29,declined_cash_withdrawal,gpt-5.6-terra | 7 labels,
587e3aedca85,declined_cash_withdrawal,,126,16,declined_cash_withdrawal,gpt-5.6-terra | 7 labels,
82ce57412d1c,declined_cash_withdrawal,,123,30,declined_cash_withdrawal,gpt-5.6-terra | 7 labels,
24b7058a7953,declined_cash_withdrawal,,132,54,declined_cash_withdrawal,gpt-5.6-terra | 7 labels,
2e85dd5a0a1e,declined_cash_withdrawal,,149,16,declined_cash_withdrawal,gpt-5.6-terra | 7 labels,
af54e7ed10c7,declined_cash_withdrawal,,123,16,declined_cash_withdrawal,gpt-5.6-terra | 7 labels,
caca0b466c37,declined_cash_withdrawal,,122,16,declined_cash_withdrawal,gpt-5.6-terra | 7 labels,
1dbbd5d7cbec,declined_cash_withdrawal,,129,16,declined_cash_withdrawal,gpt-5.6-terra | 7 labels,
1a35d292a768,declined_cash_withdrawal,,121,36,declined_cash_withdrawal,gpt-5.6-terra | 7 labels,
c01b046ed4ec,declined_cash_withdrawal,,143,16,declined_cash_withdrawal,gpt-5.6-terra | 7 labels,
4904c1e956be,declined_cash_withdrawal,,122,16,declined_cash_withdrawal,gpt-5.6-terra | 7 labels,
b5d175fb2952,declined_cash_withdrawal,,125,29,declined_cash_withdrawal,gpt-5.6-terra | 7 labels,
be1be26721f3,declined_cash_withdrawal,,122,28,declined_cash_withdrawal,gpt-5.6-terra | 7 labels,
546d3ed9da9e,declined_cash_withdrawal,,156,16,declined_cash_withdrawal,gpt-5.6-terra | 7 labels,
22f0b6dbe6c5,declined_cash_withdrawal,,153,16,declined_cash_withdrawal,gpt-5.6-terra | 7 labels,
30e96bf1f8f7,declined_cash_withdrawal,,126,16,declined_cash_withdrawal,gpt-5.6-terra | 7 labels,
f7d7c080bc78,declined_cash_withdrawal,,124,33,declined_cash_withdrawal,gpt-5.6-terra | 7 labels,
808e6e39a5af,declined_cash_withdrawal,,124,16,declined_cash_withdrawal,gpt-5.6-terra | 7 labels,
a4890bd46d01,declined_cash_withdrawal,,129,16,declined_cash_withdrawal,gpt-5.6-terra | 7 labels,
9da1542ff89e,declined_cash_withdrawal,,124,29,declined_cash_withdrawal,gpt-5.6-terra | 7 labels,
56234621113c,declined_cash_withdrawal,,144,16,declined_cash_withdrawal,gpt-5.6-terra | 7 labels,
e7c9a40a2727,declined_cash_withdrawal,,131,16,declined_cash_withdrawal,gpt-5.6-terra | 7 labels,
72ef4b77522a,declined_cash_withdrawal,,123,16,declined_cash_withdrawal,gpt-5.6-terra | 7 labels,
05ef3acff6ec,declined_cash_withdrawal,,127,16,declined_cash_withdrawal,gpt-5.6-terra | 7 labels,
22dc1f79528e,declined_cash_withdrawal,,144,16,declined_cash_withdrawal,gpt-5.6-terra | 7 labels,
20c0699f17a9,declined_cash_withdrawal,,129,16,declined_cash_withdrawal,gpt-5.6-terra | 7 labels,
330f98e547a1,declined_cash_withdrawal,,127,16,declined_cash_withdrawal,gpt-5.6-terra | 7 labels,
385742f75dea,declined_cash_withdrawal,,129,16,declined_cash_withdrawal,gpt-5.6-terra | 7 labels,
67ade56a0c4f,declined_cash_withdrawal,,124,31,declined_cash_withdrawal,gpt-5.6-terra | 7 labels,
4b8bed441b7c,declined_cash_withdrawal,,155,28,declined_cash_withdrawal,gpt-5.6-terra | 7 labels,
2efc87fba257,declined_cash_withdrawal,,124,16,declined_cash_withdrawal,gpt-5.6-terra | 7 labels,
3ac939d238d3,declined_cash_withdrawal,,149,16,declined_cash_withdrawal,gpt-5.6-terra | 7 labels,
a97136980dd9,declined_cash_withdrawal,,125,16,declined_cash_withdrawal,gpt-5.6-terra | 7 labels,
cfccfc0c6b2a,declined_cash_withdrawal,,124,16,declined_cash_withdrawal,gpt-5.6-terra | 7 labels,
58e19741612d,declined_cash_withdrawal,,122,16,declined_cash_withdrawal,gpt-5.6-terra | 7 labels,
b5bc04b0bb13,declined_cash_withdrawal,,153,16,declined_cash_withdrawal,gpt-5.6-terra | 7 labels,
6e28739f7644,declined_cash_withdrawal,,156,16,declined_cash_withdrawal,gpt-5.6-terra | 7 labels,
68bb47f2ce46,declined_cash_withdrawal,,143,16,declined_cash_withdrawal,gpt-5.6-terra | 7 labels,
8c8bd75d0c84,declined_cash_withdrawal,,139,16,declined_cash_withdrawal,gpt-5.6-terra | 7 labels,
285332230ced,declined_cash_withdrawal,,124,16,declined_cash_withdrawal,gpt-5.6-terra | 7 labels,
3083503f1621,declined_cash_withdrawal,,129,40,declined_cash_withdrawal,gpt-5.6-terra | 7 labels,
49e1efab204c,declined_cash_withdrawal,,128,37,declined_cash_withdrawal,gpt-5.6-terra | 7 labels,
2a67c576c539,declined_cash_withdrawal,,126,16,declined_cash_withdrawal,gpt-5.6-terra | 7 labels,
25920238a3b3,declined_cash_withdrawal,,137,16,declined_cash_withdrawal,gpt-5.6-terra | 7 labels,
a2558eaeb571,declined_cash_withdrawal,,128,16,declined_cash_withdrawal,gpt-5.6-terra | 7 labels,
db92b25a0926,declined_cash_withdrawal,,151,16,declined_cash_withdrawal,gpt-5.6-terra | 7 labels,
de33995c4fb0,declined_cash_withdrawal,,129,44,declined_cash_withdrawal,gpt-5.6-terra | 7 labels,
9616647de607,declined_cash_withdrawal,,136,33,declined_cash_withdrawal,gpt-5.6-terra | 7 labels,
656bfc4dbfe1,declined_cash_withdrawal,,143,28,declined_cash_withdrawal,gpt-5.6-terra | 7 labels,
60e613ed8eb5,declined_cash_withdrawal,,123,16,declined_cash_withdrawal,gpt-5.6-terra | 7 labels,
6d629e9ac187,declined_cash_withdrawal,,145,16,declined_cash_withdrawal,gpt-5.6-terra | 7 labels,
acb01ae9aff6,declined_cash_withdrawal,,126,16,declined_cash_withdrawal,gpt-5.6-terra | 7 labels,
05fc58c61541,declined_cash_withdrawal,,125,16,declined_cash_withdrawal,gpt-5.6-terra | 7 labels,
44ecce3b3dad,declined_cash_withdrawal,,133,51,declined_cash_withdrawal,gpt-5.6-terra | 7 labels,
4d5508df562c,declined_cash_withdrawal,,129,35,declined_cash_withdrawal,gpt-5.6-terra | 7 labels,
abc1db756bd5,declined_cash_withdrawal,,128,16,declined_cash_withdrawal,gpt-5.6-terra | 7 labels,
d8d198aec0d4,declined_cash_withdrawal,,126,16,declined_cash_withdrawal,gpt-5.6-terra | 7 labels,
4a462c820164,declined_cash_withdrawal,,132,16,declined_cash_withdrawal,gpt-5.6-terra | 7 labels,
538714fdf2d0,declined_cash_withdrawal,,152,16,declined_cash_withdrawal,gpt-5.6-terra | 7 labels,
cd3eaeeddadd,declined_cash_withdrawal,,156,16,declined_cash_withdrawal,gpt-5.6-terra | 7 labels,
0d065460408d,declined_cash_withdrawal,,137,107,declined_cash_withdrawal,gpt-5.6-terra | 7 labels,
7c6616df843b,declined_cash_withdrawal,,155,16,declined_cash_withdrawal,gpt-5.6-terra | 7 labels,
02684d197e1e,declined_cash_withdrawal,,150,16,declined_cash_withdrawal,gpt-5.6-terra | 7 labels,
c9d242514182,declined_cash_withdrawal,,150,29,declined_cash_withdrawal,gpt-5.6-terra | 7 labels,
8fc0317efe3d,declined_cash_withdrawal,,121,16,declined_cash_withdrawal,gpt-5.6-terra | 7 labels,
0e8e2a81d045,declined_cash_withdrawal,,144,53,declined_cash_withdrawal,gpt-5.6-terra | 7 labels,
7a755e05ae3e,declined_cash_withdrawal,,123,16,declined_cash_withdrawal,gpt-5.6-terra | 7 labels,
a46345c1616e,declined_cash_withdrawal,,126,30,declined_cash_withdrawal,gpt-5.6-terra | 7 labels,
bc456381faf0,declined_cash_withdrawal,,121,45,declined_cash_withdrawal,gpt-5.6-terra | 7 labels,
fd376202416f,declined_cash_withdrawal,,142,16,declined_cash_withdrawal,gpt-5.6-terra | 7 labels,
092a22e2ca40,declined_cash_withdrawal,,125,16,declined_cash_withdrawal,gpt-5.6-terra | 7 labels,
acfd17884c7b,declined_cash_withdrawal,,129,16,declined_cash_withdrawal,gpt-5.6-terra | 7 labels,
d3ef043fc593,declined_cash_withdrawal,,124,16,declined_cash_withdrawal,gpt-5.6-terra | 7 labels,
f792726a53de,declined_cash_withdrawal,,126,16,declined_cash_withdrawal,gpt-5.6-terra | 7 labels,
3dde84ff9062,declined_cash_withdrawal,,124,16,declined_cash_withdrawal,gpt-5.6-terra | 7 labels,
22bbe87f6b3d,declined_cash_withdrawal,,122,16,declined_cash_withdrawal,gpt-5.6-terra | 7 labels,
d5472a53d5af,declined_cash_withdrawal,,133,33,declined_cash_withdrawal,gpt-5.6-terra | 7 labels,
56454457e5fd,declined_cash_withdrawal,,125,54,declined_cash_withdrawal,gpt-5.6-terra | 7 labels,
ec2f092b90e5,direct_debit_payment_not_recognised,,127,18,direct_debit_payment_not_recognised,gpt-5.6-terra | 7 labels,
d4b6145b7085,direct_debit_payment_not_recognised,,124,18,direct_debit_payment_not_recognised,gpt-5.6-terra | 7 labels,
32022a40ef83,direct_debit_payment_not_recognised,,120,63,direct_debit_payment_not_recognised,gpt-5.6-terra | 7 labels,
28d1e480b591,direct_debit_payment_not_recognised,,124,18,direct_debit_payment_not_recognised,gpt-5.6-terra | 7 labels,
ac277ecff260,direct_debit_payment_not_recognised,,128,18,direct_debit_payment_not_recognised,gpt-5.6-terra | 7 labels,
c576bdd963be,direct_debit_payment_not_recognised,,126,18,direct_debit_payment_not_recognised,gpt-5.6-terra | 7 labels,
0f2766a40d76,direct_debit_payment_not_recognised,,128,18,direct_debit_payment_not_recognised,gpt-5.6-terra | 7 labels,
da66d5b3c147,direct_debit_payment_not_recognised,,128,54,direct_debit_payment_not_recognised,gpt-5.6-terra | 7 labels,
ba66e5e5d083,direct_debit_payment_not_recognised,,125,122,direct_debit_payment_not_recognised,gpt-5.6-terra | 7 labels,
63f79538134c,direct_debit_payment_not_recognised,,129,18,direct_debit_payment_not_recognised,gpt-5.6-terra | 7 labels,
1439fc285bee,direct_debit_payment_not_recognised,,126,18,direct_debit_payment_not_recognised,gpt-5.6-terra | 7 labels,
81bebc76c00b,direct_debit_payment_not_recognised,,133,18,direct_debit_payment_not_recognised,gpt-5.6-terra | 7 labels,
032ede55cbe0,direct_debit_payment_not_recognised,,128,33,direct_debit_payment_not_recognised,gpt-5.6-terra | 7 labels,
54d2c351bc75,direct_debit_payment_not_recognised,,127,18,direct_debit_payment_not_recognised,gpt-5.6-terra | 7 labels,
5511ec087f6e,direct_debit_payment_not_recognised,,126,61,direct_debit_payment_not_recognised,gpt-5.6-terra | 7 labels,
c51414b409e3,direct_debit_payment_not_recognised,,129,18,direct_debit_payment_not_recognised,gpt-5.6-terra | 7 labels,
c2fc7e698d6b,direct_debit_payment_not_recognised,,130,18,direct_debit_payment_not_recognised,gpt-5.6-terra | 7 labels,
f6fc49e5023e,direct_debit_payment_not_recognised,,137,18,direct_debit_payment_not_recognised,gpt-5.6-terra | 7 labels,
e25961c63216,direct_debit_payment_not_recognised,,123,46,direct_debit_payment_not_recognised,gpt-5.6-terra | 7 labels,
8da5fd2a0fbd,direct_debit_payment_not_recognised,,125,18,direct_debit_payment_not_recognised,gpt-5.6-terra | 7 labels,
d3c717ebe66b,direct_debit_payment_not_recognised,,128,59,direct_debit_payment_not_recognised,gpt-5.6-terra | 7 labels,
29c91108f1cd,direct_debit_payment_not_recognised,,146,60,direct_debit_payment_not_recognised,gpt-5.6-terra | 7 labels,
6170ca25ccc0,direct_debit_payment_not_recognised,,128,56,direct_debit_payment_not_recognised,gpt-5.6-terra | 7 labels,
77493789df3f,direct_debit_payment_not_recognised,,129,52,direct_debit_payment_not_recognised,gpt-5.6-terra | 7 labels,
1bf2ab54fc95,direct_debit_payment_not_recognised,,131,18,direct_debit_payment_not_recognised,gpt-5.6-terra | 7 labels,
43c13e598ffd,direct_debit_payment_not_recognised,,155,121,direct_debit_payment_not_recognised,gpt-5.6-terra | 7 labels,
024ed8a1ec2b,direct_debit_payment_not_recognised,,125,18,direct_debit_payment_not_recognised,gpt-5.6-terra | 7 labels,
e843bd0357e4,direct_debit_payment_not_recognised,,131,18,direct_debit_payment_not_recognised,gpt-5.6-terra | 7 labels,
a6f15cebf9f4,direct_debit_payment_not_recognised,,127,18,direct_debit_payment_not_recognised,gpt-5.6-terra | 7 labels,
b7e2760df1b2,direct_debit_payment_not_recognised,,130,18,direct_debit_payment_not_recognised,gpt-5.6-terra | 7 labels,
a34201df24ea,direct_debit_payment_not_recognised,,127,18,direct_debit_payment_not_recognised,gpt-5.6-terra | 7 labels,
38e0b43ae46c,direct_debit_payment_not_recognised,,160,18,direct_debit_payment_not_recognised,gpt-5.6-terra | 7 labels,
b7a32523c67b,direct_debit_payment_not_recognised,,127,18,direct_debit_payment_not_recognised,gpt-5.6-terra | 7 labels,
e24d4966a876,direct_debit_payment_not_recognised,,132,18,direct_debit_payment_not_recognised,gpt-5.6-terra | 7 labels,
89cad4a251ec,direct_debit_payment_not_recognised,,179,18,direct_debit_payment_not_recognised,gpt-5.6-terra | 7 labels,
1fec62c87951,direct_debit_payment_not_recognised,,159,59,direct_debit_payment_not_recognised,gpt-5.6-terra | 7 labels,
649fbd390698,direct_debit_payment_not_recognised,,127,18,direct_debit_payment_not_recognised,gpt-5.6-terra | 7 labels,
c3da8c468751,direct_debit_payment_not_recognised,,121,161,card_payment_fee_charged,gpt-5.6-terra | 7 labels,
bacd2b686042,direct_debit_payment_not_recognised,,158,18,direct_debit_payment_not_recognised,gpt-5.6-terra | 7 labels,
810696767975,direct_debit_payment_not_recognised,,129,18,direct_debit_payment_not_recognised,gpt-5.6-terra | 7 labels,
d9238f29154a,direct_debit_payment_not_recognised,,132,18,direct_debit_payment_not_recognised,gpt-5.6-terra | 7 labels,
139c150f249f,direct_debit_payment_not_recognised,,126,18,direct_debit_payment_not_recognised,gpt-5.6-terra | 7 labels,
6e77c5f48b49,direct_debit_payment_not_recognised,,127,43,direct_debit_payment_not_recognised,gpt-5.6-terra | 7 labels,
ccb84c14ed2e,direct_debit_payment_not_recognised,,125,18,direct_debit_payment_not_recognised,gpt-5.6-terra | 7 labels,
7f748ab80fd6,direct_debit_payment_not_recognised,,134,18,direct_debit_payment_not_recognised,gpt-5.6-terra | 7 labels,
25062f5c9a69,direct_debit_payment_not_recognised,,126,18,direct_debit_payment_not_recognised,gpt-5.6-terra | 7 labels,
0a3f6dfaf002,direct_debit_payment_not_recognised,,145,40,direct_debit_payment_not_recognised,gpt-5.6-terra | 7 labels,
c3fda975fe66,direct_debit_payment_not_recognised,,136,18,direct_debit_payment_not_recognised,gpt-5.6-terra | 7 labels,
40197f1e9157,direct_debit_payment_not_recognised,,132,18,direct_debit_payment_not_recognised,gpt-5.6-terra | 7 labels,
14c5259345d9,direct_debit_payment_not_recognised,,130,18,direct_debit_payment_not_recognised,gpt-5.6-terra | 7 labels,
bd5fbc6481f3,direct_debit_payment_not_recognised,,129,36,direct_debit_payment_not_recognised,gpt-5.6-terra | 7 labels,
1203bc6b1f15,direct_debit_payment_not_recognised,,156,62,direct_debit_payment_not_recognised,gpt-5.6-terra | 7 labels,
eb56103fd2c7,direct_debit_payment_not_recognised,,126,18,direct_debit_payment_not_recognised,gpt-5.6-terra | 7 labels,
0d2e08cfb5ad,direct_debit_payment_not_recognised,,137,42,direct_debit_payment_not_recognised,gpt-5.6-terra | 7 labels,
5378423cf187,direct_debit_payment_not_recognised,,126,35,direct_debit_payment_not_recognised,gpt-5.6-terra | 7 labels,
8693d3291a26,direct_debit_payment_not_recognised,,127,18,direct_debit_payment_not_recognised,gpt-5.6-terra | 7 labels,
d4ddbac1199d,direct_debit_payment_not_recognised,,158,57,direct_debit_payment_not_recognised,gpt-5.6-terra | 7 labels,
21725a1be943,direct_debit_payment_not_recognised,,125,63,direct_debit_payment_not_recognised,gpt-5.6-terra | 7 labels,
fcf57ee06399,direct_debit_payment_not_recognised,,125,18,direct_debit_payment_not_recognised,gpt-5.6-terra | 7 labels,
32bffbdb4aa2,direct_debit_payment_not_recognised,,131,18,direct_debit_payment_not_recognised,gpt-5.6-terra | 7 labels,
54c9cc66e6c2,direct_debit_payment_not_recognised,,127,58,direct_debit_payment_not_recognised,gpt-5.6-terra | 7 labels,
f8493a908cba,direct_debit_payment_not_recognised,,130,18,direct_debit_payment_not_recognised,gpt-5.6-terra | 7 labels,
dae7069b7a09,direct_debit_payment_not_recognised,,127,18,direct_debit_payment_not_recognised,gpt-5.6-terra | 7 labels,
58ddf30a6e8d,direct_debit_payment_not_recognised,,130,18,direct_debit_payment_not_recognised,gpt-5.6-terra | 7 labels,
19dbbbd222c3,direct_debit_payment_not_recognised,,130,18,direct_debit_payment_not_recognised,gpt-5.6-terra | 7 labels,
f4232082bc7f,direct_debit_payment_not_recognised,,140,58,direct_debit_payment_not_recognised,gpt-5.6-terra | 7 labels,
cdb9322a6496,direct_debit_payment_not_recognised,,149,48,direct_debit_payment_not_recognised,gpt-5.6-terra | 7 labels,
7d9fdfd3b652,direct_debit_payment_not_recognised,,129,76,direct_debit_payment_not_recognised,gpt-5.6-terra | 7 labels,
d8581b0de08d,direct_debit_payment_not_recognised,,157,60,direct_debit_payment_not_recognised,gpt-5.6-terra | 7 labels,
376bae167286,direct_debit_payment_not_recognised,,127,39,direct_debit_payment_not_recognised,gpt-5.6-terra | 7 labels,
f0e1ea12dd32,direct_debit_payment_not_recognised,,120,63,direct_debit_payment_not_recognised,gpt-5.6-terra | 7 labels,
8c5b1c4143a3,direct_debit_payment_not_recognised,,125,54,direct_debit_payment_not_recognised,gpt-5.6-terra | 7 labels,
09423a7fea66,direct_debit_payment_not_recognised,,132,18,direct_debit_payment_not_recognised,gpt-5.6-terra | 7 labels,
cf686493980a,direct_debit_payment_not_recognised,,131,18,direct_debit_payment_not_recognised,gpt-5.6-terra | 7 labels,
4a770c22e8c4,direct_debit_payment_not_recognised,,125,18,direct_debit_payment_not_recognised,gpt-5.6-terra | 7 labels,
f6fd29a48ffe,direct_debit_payment_not_recognised,,128,72,direct_debit_payment_not_recognised,gpt-5.6-terra | 7 labels,
a4dfbbe9d9f0,direct_debit_payment_not_recognised,,153,57,direct_debit_payment_not_recognised,gpt-5.6-terra | 7 labels,
f6d9a0b4f2fa,direct_debit_payment_not_recognised,,146,18,direct_debit_payment_not_recognised,gpt-5.6-terra | 7 labels,
471f09f9243d,direct_debit_payment_not_recognised,,127,18,direct_debit_payment_not_recognised,gpt-5.6-terra | 7 labels,
9a7106d1903a,direct_debit_payment_not_recognised,,170,68,direct_debit_payment_not_recognised,gpt-5.6-terra | 7 labels,
15feca82dac1,direct_debit_payment_not_recognised,,126,18,direct_debit_payment_not_recognised,gpt-5.6-terra | 7 labels,
46f9a88867f8,direct_debit_payment_not_recognised,,131,18,direct_debit_payment_not_recognised,gpt-5.6-terra | 7 labels,
c1c06eb0078c,direct_debit_payment_not_recognised,,133,76,direct_debit_payment_not_recognised,gpt-5.6-terra | 7 labels,
f7874ef73810,direct_debit_payment_not_recognised,,148,100,direct_debit_payment_not_recognised,gpt-5.6-terra | 7 labels,
e13a468715a5,direct_debit_payment_not_recognised,,160,77,direct_debit_payment_not_recognised,gpt-5.6-terra | 7 labels,
57431e9e9c2e,direct_debit_payment_not_recognised,,119,61,direct_debit_payment_not_recognised,gpt-5.6-terra | 7 labels,
81fcc76b536a,direct_debit_payment_not_recognised,,121,18,direct_debit_payment_not_recognised,gpt-5.6-terra | 7 labels,
86bb00bd18d7,direct_debit_payment_not_recognised,,128,18,direct_debit_payment_not_recognised,gpt-5.6-terra | 7 labels,
11e85fc3d550,direct_debit_payment_not_recognised,,163,83,direct_debit_payment_not_recognised,gpt-5.6-terra | 7 labels,
4121db87c1e2,direct_debit_payment_not_recognised,,125,18,direct_debit_payment_not_recognised,gpt-5.6-terra | 7 labels,
e317cd75a6aa,direct_debit_payment_not_recognised,,160,115,direct_debit_payment_not_recognised,gpt-5.6-terra | 7 labels,
6bb19d75d9b6,direct_debit_payment_not_recognised,,126,64,direct_debit_payment_not_recognised,gpt-5.6-terra | 7 labels,
06359beb75e2,direct_debit_payment_not_recognised,,127,18,direct_debit_payment_not_recognised,gpt-5.6-terra | 7 labels,
2707d1e7a15f,direct_debit_payment_not_recognised,,142,52,direct_debit_payment_not_recognised,gpt-5.6-terra | 7 labels,
135fb884a9c3,direct_debit_payment_not_recognised,,134,18,direct_debit_payment_not_recognised,gpt-5.6-terra | 7 labels,
87593955c6ce,direct_debit_payment_not_recognised,,130,107,direct_debit_payment_not_recognised,gpt-5.6-terra | 7 labels,
e772e7940c7b,direct_debit_payment_not_recognised,,126,18,direct_debit_payment_not_recognised,gpt-5.6-terra | 7 labels,
d2b546354130,direct_debit_payment_not_recognised,,131,18,direct_debit_payment_not_recognised,gpt-5.6-terra | 7 labels,
ac748d95e7b7,direct_debit_payment_not_recognised,,145,56,direct_debit_payment_not_recognised,gpt-5.6-terra | 7 labels,
a9bd1e0c4153,direct_debit_payment_not_recognised,,122,59,direct_debit_payment_not_recognised,gpt-5.6-terra | 7 labels,
543e7ef22a23,direct_debit_payment_not_recognised,,125,18,direct_debit_payment_not_recognised,gpt-5.6-terra | 7 labels,
8cb22a656121,direct_debit_payment_not_recognised,,144,78,direct_debit_payment_not_recognised,gpt-5.6-terra | 7 labels,
8e0e4eba2b28,direct_debit_payment_not_recognised,,128,32,direct_debit_payment_not_recognised,gpt-5.6-terra | 7 labels,
95b9f8601504,direct_debit_payment_not_recognised,,126,32,direct_debit_payment_not_recognised,gpt-5.6-terra | 7 labels,
79eb85c16f7a,direct_debit_payment_not_recognised,,122,121,direct_debit_payment_not_recognised,gpt-5.6-terra | 7 labels,
168c7a50066b,direct_debit_payment_not_recognised,,139,51,direct_debit_payment_not_recognised,gpt-5.6-terra | 7 labels,
06008995081c,direct_debit_payment_not_recognised,,128,83,direct_debit_payment_not_recognised,gpt-5.6-terra | 7 labels,
1551f09e9880,direct_debit_payment_not_recognised,,127,114,transaction_charged_twice,gpt-5.6-terra | 7 labels,
e83af689b13f,direct_debit_payment_not_recognised,,127,18,direct_debit_payment_not_recognised,gpt-5.6-terra | 7 labels,
7b4a7c0c4bd2,direct_debit_payment_not_recognised,,130,18,direct_debit_payment_not_recognised,gpt-5.6-terra | 7 labels,
f0f4e224e979,direct_debit_payment_not_recognised,,124,41,direct_debit_payment_not_recognised,gpt-5.6-terra | 7 labels,
e075b58645e9,direct_debit_payment_not_recognised,,124,18,direct_debit_payment_not_recognised,gpt-5.6-terra | 7 labels,
982086ce9e97,direct_debit_payment_not_recognised,,129,18,direct_debit_payment_not_recognised,gpt-5.6-terra | 7 labels,
67102952670e,direct_debit_payment_not_recognised,,125,45,direct_debit_payment_not_recognised,gpt-5.6-terra | 7 labels,
bb2476ad6519,direct_debit_payment_not_recognised,,150,65,direct_debit_payment_not_recognised,gpt-5.6-terra | 7 labels,
c952fc83f48a,direct_debit_payment_not_recognised,,125,18,direct_debit_payment_not_recognised,gpt-5.6-terra | 7 labels,
513ca2a24232,direct_debit_payment_not_recognised,,130,18,direct_debit_payment_not_recognised,gpt-5.6-terra | 7 labels,
3a47e857297a,direct_debit_payment_not_recognised,,127,18,direct_debit_payment_not_recognised,gpt-5.6-terra | 7 labels,
e61fe6f773b2,direct_debit_payment_not_recognised,,133,52,direct_debit_payment_not_recognised,gpt-5.6-terra | 7 labels,
0bbc00830ab8,direct_debit_payment_not_recognised,,121,147,declined_cash_withdrawal,gpt-5.6-terra | 7 labels,
f0babea3a641,direct_debit_payment_not_recognised,,132,18,direct_debit_payment_not_recognised,gpt-5.6-terra | 7 labels,
41c1d6f080e7,direct_debit_payment_not_recognised,,130,18,direct_debit_payment_not_recognised,gpt-5.6-terra | 7 labels,
60317b30e714,direct_debit_payment_not_recognised,,131,18,direct_debit_payment_not_recognised,gpt-5.6-terra | 7 labels,
e5d9033da2d5,direct_debit_payment_not_recognised,,124,18,direct_debit_payment_not_recognised,gpt-5.6-terra | 7 labels,
2d28ed2edbc1,direct_debit_payment_not_recognised,,159,88,direct_debit_payment_not_recognised,gpt-5.6-terra | 7 labels,
b2e4a3d33699,direct_debit_payment_not_recognised,,153,56,direct_debit_payment_not_recognised,gpt-5.6-terra | 7 labels,
b4344abd92f0,direct_debit_payment_not_recognised,,131,18,direct_debit_payment_not_recognised,gpt-5.6-terra | 7 labels,
76b31de227f5,direct_debit_payment_not_recognised,,133,18,direct_debit_payment_not_recognised,gpt-5.6-terra | 7 labels,
9967cce2d99e,direct_debit_payment_not_recognised,,128,18,direct_debit_payment_not_recognised,gpt-5.6-terra | 7 labels,
aa5ee7397da9,direct_debit_payment_not_recognised,,135,46,direct_debit_payment_not_recognised,gpt-5.6-terra | 7 labels,
fe40e69281c2,direct_debit_payment_not_recognised,,126,18,direct_debit_payment_not_recognised,gpt-5.6-terra | 7 labels,
dd877d05f8de,direct_debit_payment_not_recognised,,128,18,direct_debit_payment_not_recognised,gpt-5.6-terra | 7 labels,
3c1f3a6004ec,direct_debit_payment_not_recognised,,131,18,direct_debit_payment_not_recognised,gpt-5.6-terra | 7 labels,
d456893a0c45,direct_debit_payment_not_recognised,,124,47,direct_debit_payment_not_recognised,gpt-5.6-terra | 7 labels,
79ed9aec79db,direct_debit_payment_not_recognised,,132,18,direct_debit_payment_not_recognised,gpt-5.6-terra | 7 labels,
8a6fbb2a2c9b,direct_debit_payment_not_recognised,,158,134,direct_debit_payment_not_recognised,gpt-5.6-terra | 7 labels,
3cec15e7effe,direct_debit_payment_not_recognised,,157,18,direct_debit_payment_not_recognised,gpt-5.6-terra | 7 labels,
1d34612cf1e3,direct_debit_payment_not_recognised,,126,57,direct_debit_payment_not_recognised,gpt-5.6-terra | 7 labels,
60105032ba4b,direct_debit_payment_not_recognised,,127,18,direct_debit_payment_not_recognised,gpt-5.6-terra | 7 labels,
a04267874efa,direct_debit_payment_not_recognised,,127,18,direct_debit_payment_not_recognised,gpt-5.6-terra | 7 labels,
cf16b00a0cef,direct_debit_payment_not_recognised,,127,59,direct_debit_payment_not_recognised,gpt-5.6-terra | 7 labels,
594f17419691,direct_debit_payment_not_recognised,,130,18,direct_debit_payment_not_recognised,gpt-5.6-terra | 7 labels,
688853f8f005,direct_debit_payment_not_recognised,,160,44,direct_debit_payment_not_recognised,gpt-5.6-terra | 7 labels,
1d0826ea8b9e,transaction_charged_twice,,121,16,transaction_charged_twice,gpt-5.6-terra | 7 labels,
f4085aae5cc1,transaction_charged_twice,,180,16,transaction_charged_twice,gpt-5.6-terra | 7 labels,
2afc8717563f,transaction_charged_twice,,126,16,transaction_charged_twice,gpt-5.6-terra | 7 labels,
fff940ff90d0,transaction_charged_twice,,172,16,transaction_charged_twice,gpt-5.6-terra | 7 labels,
23276acb7111,transaction_charged_twice,,121,16,transaction_charged_twice,gpt-5.6-terra | 7 labels,
1274575f950f,transaction_charged_twice,,145,16,transaction_charged_twice,gpt-5.6-terra | 7 labels,
beb082e3614f,transaction_charged_twice,,126,16,transaction_charged_twice,gpt-5.6-terra | 7 labels,
1bf819023c2f,transaction_charged_twice,,126,16,transaction_charged_twice,gpt-5.6-terra | 7 labels,
b1beb0196b21,transaction_charged_twice,,124,16,transaction_charged_twice,gpt-5.6-terra | 7 labels,
15422f6050b6,transaction_charged_twice,,125,16,transaction_charged_twice,gpt-5.6-terra | 7 labels,
6f70acf1b493,transaction_charged_twice,,131,16,transaction_charged_twice,gpt-5.6-terra | 7 labels,
7f3618a61268,transaction_charged_twice,,125,16,transaction_charged_twice,gpt-5.6-terra | 7 labels,
fb0b6a8720fb,transaction_charged_twice,,143,16,transaction_charged_twice,gpt-5.6-terra | 7 labels,
11b5e86d3ba9,transaction_charged_twice,,124,16,transaction_charged_twice,gpt-5.6-terra | 7 labels,
3c0b7414cb1d,transaction_charged_twice,,127,16,transaction_charged_twice,gpt-5.6-terra | 7 labels,
9b73565cc07b,transaction_charged_twice,,138,16,transaction_charged_twice,gpt-5.6-terra | 7 labels,
0f8845689682,transaction_charged_twice,,186,16,transaction_charged_twice,gpt-5.6-terra | 7 labels,
91541ec20cd0,transaction_charged_twice,,175,16,transaction_charged_twice,gpt-5.6-terra | 7 labels,
1f09664bf76c,transaction_charged_twice,,131,16,transaction_charged_twice,gpt-5.6-terra | 7 labels,
82021ce9b574,transaction_charged_twice,,122,16,transaction_charged_twice,gpt-5.6-terra | 7 labels,
4caee5466567,transaction_charged_twice,,126,16,transaction_charged_twice,gpt-5.6-terra | 7 labels,
04a322769b11,transaction_charged_twice,,121,28,transaction_charged_twice,gpt-5.6-terra | 7 labels,
9d908c20c8d8,transaction_charged_twice,,125,29,transaction_charged_twice,gpt-5.6-terra | 7 labels,
3fbf3b20b7e9,transaction_charged_twice,,124,16,transaction_charged_twice,gpt-5.6-terra | 7 labels,
1a3669654831,transaction_charged_twice,,143,16,transaction_charged_twice,gpt-5.6-terra | 7 labels,
daa9a995d318,transaction_charged_twice,,127,47,transaction_charged_twice,gpt-5.6-terra | 7 labels,
bedc8189d0b1,transaction_charged_twice,,126,16,transaction_charged_twice,gpt-5.6-terra | 7 labels,
2bae027ca4eb,transaction_charged_twice,,168,16,transaction_charged_twice,gpt-5.6-terra | 7 labels,
a38cfd59aff2,transaction_charged_twice,,145,16,transaction_charged_twice,gpt-5.6-terra | 7 labels,
a51f81d90f96,transaction_charged_twice,,121,16,transaction_charged_twice,gpt-5.6-terra | 7 labels,
26239aeedb0a,transaction_charged_twice,,122,16,transaction_charged_twice,gpt-5.6-terra | 7 labels,
e8ce8ead29ce,transaction_charged_twice,,124,36,transaction_charged_twice,gpt-5.6-terra | 7 labels,
2835a9960ba7,transaction_charged_twice,,139,16,transaction_charged_twice,gpt-5.6-terra | 7 labels,
ce74d3ac872a,transaction_charged_twice,,133,16,transaction_charged_twice,gpt-5.6-terra | 7 labels,
1ad377240bff,transaction_charged_twice,,126,16,transaction_charged_twice,gpt-5.6-terra | 7 labels,
86bdb0ce3fae,transaction_charged_twice,,125,16,transaction_charged_twice,gpt-5.6-terra | 7 labels,
9430dd7cecbc,transaction_charged_twice,,127,104,direct_debit_payment_not_recognised,gpt-5.6-terra | 7 labels,
f1ab3f190389,transaction_charged_twice,,123,30,transaction_charged_twice,gpt-5.6-terra | 7 labels,
3006b57b9630,transaction_charged_twice,,139,16,transaction_charged_twice,gpt-5.6-terra | 7 labels,
605a7661f88a,transaction_charged_twice,,180,16,transaction_charged_twice,gpt-5.6-terra | 7 labels,
8baddbea2229,transaction_charged_twice,,150,16,transaction_charged_twice,gpt-5.6-terra | 7 labels,
92c55840d29b,transaction_charged_twice,,138,16,transaction_charged_twice,gpt-5.6-terra | 7 labels,
61d8ddcbf398,transaction_charged_twice,,145,16,transaction_charged_twice,gpt-5.6-terra | 7 labels,
ee3b0f2af040,transaction_charged_twice,,124,16,transaction_charged_twice,gpt-5.6-terra | 7 labels,
cb1849b7997f,transaction_charged_twice,,173,16,transaction_charged_twice,gpt-5.6-terra | 7 labels,
d01fac97501e,transaction_charged_twice,,164,57,transaction_charged_twice,gpt-5.6-terra | 7 labels,
dc31c189d9dc,transaction_charged_twice,,127,16,transaction_charged_twice,gpt-5.6-terra | 7 labels,
3bbcce4ad9d1,transaction_charged_twice,,127,16,transaction_charged_twice,gpt-5.6-terra | 7 labels,
29d1daf91e7f,transaction_charged_twice,,127,16,transaction_charged_twice,gpt-5.6-terra | 7 labels,
54177c75ba20,transaction_charged_twice,,132,16,transaction_charged_twice,gpt-5.6-terra | 7 labels,
8cb19751c8a6,transaction_charged_twice,,124,16,transaction_charged_twice,gpt-5.6-terra | 7 labels,
2b592f0a137b,transaction_charged_twice,,130,16,transaction_charged_twice,gpt-5.6-terra | 7 labels,
f9618f002874,transaction_charged_twice,,157,16,transaction_charged_twice,gpt-5.6-terra | 7 labels,
967703c8766b,transaction_charged_twice,,129,16,transaction_charged_twice,gpt-5.6-terra | 7 labels,
40bec3e990b9,transaction_charged_twice,,127,16,transaction_charged_twice,gpt-5.6-terra | 7 labels,
23159f4ebead,transaction_charged_twice,,169,16,transaction_charged_twice,gpt-5.6-terra | 7 labels,
32b7c7fe1d0f,transaction_charged_twice,,131,16,transaction_charged_twice,gpt-5.6-terra | 7 labels,
d54d529baf10,transaction_charged_twice,,128,16,transaction_charged_twice,gpt-5.6-terra | 7 labels,
c62ba1aeff68,transaction_charged_twice,,169,16,transaction_charged_twice,gpt-5.6-terra | 7 labels,
7b5b08e58f6d,transaction_charged_twice,,126,16,transaction_charged_twice,gpt-5.6-terra | 7 labels,
7681578322df,transaction_charged_twice,,124,16,transaction_charged_twice,gpt-5.6-terra | 7 labels,
f9988e49f71c,transaction_charged_twice,,125,16,transaction_charged_twice,gpt-5.6-terra | 7 labels,
d3c5a46adcff,transaction_charged_twice,,123,33,transaction_charged_twice,gpt-5.6-terra | 7 labels,
8efcb379c9ae,transaction_charged_twice,,122,16,transaction_charged_twice,gpt-5.6-terra | 7 labels,
b33275476893,transaction_charged_twice,,123,16,transaction_charged_twice,gpt-5.6-terra | 7 labels,
9b50c9752d66,transaction_charged_twice,,134,16,transaction_charged_twice,gpt-5.6-terra | 7 labels,
665ddc89a338,transaction_charged_twice,,123,45,transaction_charged_twice,gpt-5.6-terra | 7 labels,
408f395f922e,transaction_charged_twice,,129,29,transaction_charged_twice,gpt-5.6-terra | 7 labels,
47ec745328fb,transaction_charged_twice,,124,16,transaction_charged_twice,gpt-5.6-terra | 7 labels,
be2955af1dba,transaction_charged_twice,,127,16,transaction_charged_twice,gpt-5.6-terra | 7 labels,
b832d6500dd6,transaction_charged_twice,,126,16,transaction_charged_twice,gpt-5.6-terra | 7 labels,
5b4b5ae96c9f,transaction_charged_twice,,142,16,transaction_charged_twice,gpt-5.6-terra | 7 labels,
1dea2370b4ab,transaction_charged_twice,,157,16,transaction_charged_twice,gpt-5.6-terra | 7 labels,
ef8dffcf7c2d,transaction_charged_twice,,129,16,transaction_charged_twice,gpt-5.6-terra | 7 labels,
351524f6a69f,transaction_charged_twice,,124,16,transaction_charged_twice,gpt-5.6-terra | 7 labels,
d588ce306aa8,transaction_charged_twice,,121,28,transaction_charged_twice,gpt-5.6-terra | 7 labels,
15b8da0203e5,transaction_charged_twice,,129,16,transaction_charged_twice,gpt-5.6-terra | 7 labels,
8933845e1218,transaction_charged_twice,,130,16,transaction_charged_twice,gpt-5.6-terra | 7 labels,
45fc13288bfc,transaction_charged_twice,,132,16,transaction_charged_twice,gpt-5.6-terra | 7 labels,
95fb6437254d,transaction_charged_twice,,141,16,transaction_charged_twice,gpt-5.6-terra | 7 labels,
1ff2842a1c54,transaction_charged_twice,,120,16,transaction_charged_twice,gpt-5.6-terra | 7 labels,
71c9171f37ad,transaction_charged_twice,,128,16,transaction_charged_twice,gpt-5.6-terra | 7 labels,
ae0423cf89f4,transaction_charged_twice,,130,16,transaction_charged_twice,gpt-5.6-terra | 7 labels,
ffb258440dce,transaction_charged_twice,,125,16,transaction_charged_twice,gpt-5.6-terra | 7 labels,
bfbd2056099f,transaction_charged_twice,,123,16,transaction_charged_twice,gpt-5.6-terra | 7 labels,
9a252d1d2d4b,transaction_charged_twice,,144,16,transaction_charged_twice,gpt-5.6-terra | 7 labels,
f8e7ba2c9e6f,transaction_charged_twice,,129,29,transaction_charged_twice,gpt-5.6-terra | 7 labels,
566bd226d02b,transaction_charged_twice,,123,16,transaction_charged_twice,gpt-5.6-terra | 7 labels,
169c316de35f,transaction_charged_twice,,126,16,transaction_charged_twice,gpt-5.6-terra | 7 labels,
0d7b02a3d252,transaction_charged_twice,,125,16,transaction_charged_twice,gpt-5.6-terra | 7 labels,
65a838b14016,transaction_charged_twice,,129,16,transaction_charged_twice,gpt-5.6-terra | 7 labels,
2772bd4fc0ec,transaction_charged_twice,,136,16,transaction_charged_twice,gpt-5.6-terra | 7 labels,
c0ac46c48688,transaction_charged_twice,,129,28,transaction_charged_twice,gpt-5.6-terra | 7 labels,
279181aa4f82,transaction_charged_twice,,167,16,transaction_charged_twice,gpt-5.6-terra | 7 labels,
4368b143bd86,transaction_charged_twice,,128,35,transaction_charged_twice,gpt-5.6-terra | 7 labels,
b16329e4b413,transaction_charged_twice,,127,16,transaction_charged_twice,gpt-5.6-terra | 7 labels,
c114d12b362b,transaction_charged_twice,,126,16,transaction_charged_twice,gpt-5.6-terra | 7 labels,
8d3b3e5ee766,transaction_charged_twice,,123,16,transaction_charged_twice,gpt-5.6-terra | 7 labels,
38f8da6505c3,transaction_charged_twice,,183,16,transaction_charged_twice,gpt-5.6-terra | 7 labels,
5a64841ed60e,transaction_charged_twice,,154,16,transaction_charged_twice,gpt-5.6-terra | 7 labels,
b1600863b0b5,transaction_charged_twice,,124,16,transaction_charged_twice,gpt-5.6-terra | 7 labels,
3703e00dc787,transaction_charged_twice,,130,16,transaction_charged_twice,gpt-5.6-terra | 7 labels,
f769f31da0fc,transaction_charged_twice,,191,16,transaction_charged_twice,gpt-5.6-terra | 7 labels,
1753b9355483,transaction_charged_twice,,125,16,transaction_charged_twice,gpt-5.6-terra | 7 labels,
79816516e46d,transaction_charged_twice,,125,16,transaction_charged_twice,gpt-5.6-terra | 7 labels,
7617bea3ab5e,transaction_charged_twice,,128,32,transaction_charged_twice,gpt-5.6-terra | 7 labels,
11ad08d961b0,transaction_charged_twice,,129,16,transaction_charged_twice,gpt-5.6-terra | 7 labels,
1b6f8a789aca,transaction_charged_twice,,130,16,transaction_charged_twice,gpt-5.6-terra | 7 labels,
217149c14508,transaction_charged_twice,,127,16,transaction_charged_twice,gpt-5.6-terra | 7 labels,
2f4709ee90c5,transaction_charged_twice,,132,16,transaction_charged_twice,gpt-5.6-terra | 7 labels,
25ee8144ff7e,transaction_charged_twice,,152,16,transaction_charged_twice,gpt-5.6-terra | 7 labels,
d397aa8695c7,transaction_charged_twice,,126,16,transaction_charged_twice,gpt-5.6-terra | 7 labels,
da09f14ccb3d,transaction_charged_twice,,120,36,transaction_charged_twice,gpt-5.6-terra | 7 labels,
f23d7a42ffb2,transaction_charged_twice,,131,16,transaction_charged_twice,gpt-5.6-terra | 7 labels,
3c44e6ce7311,transaction_charged_twice,,126,16,transaction_charged_twice,gpt-5.6-terra | 7 labels,
09b3a2054c04,transaction_charged_twice,,126,16,transaction_charged_twice,gpt-5.6-terra | 7 labels,
ef1c9a9e5c49,transaction_charged_twice,,141,16,transaction_charged_twice,gpt-5.6-terra | 7 labels,
feaa06c5d908,transaction_charged_twice,,132,16,transaction_charged_twice,gpt-5.6-terra | 7 labels,
f1ca7ba17522,transaction_charged_twice,,128,153,transaction_charged_twice,gpt-5.6-terra | 7 labels,
b76d667871e3,transaction_charged_twice,,125,16,transaction_charged_twice,gpt-5.6-terra | 7 labels,
6de803e82146,transaction_charged_twice,,177,16,transaction_charged_twice,gpt-5.6-terra | 7 labels,
a95b373908be,transaction_charged_twice,,128,16,transaction_charged_twice,gpt-5.6-terra | 7 labels,
9fb186df4a30,transaction_charged_twice,,134,16,transaction_charged_twice,gpt-5.6-terra | 7 labels,
3b51e037e9c8,transaction_charged_twice,,124,16,transaction_charged_twice,gpt-5.6-terra | 7 labels,
5e13ccc9d24e,transaction_charged_twice,,124,16,transaction_charged_twice,gpt-5.6-terra | 7 labels,
3b2bf406dbde,transaction_charged_twice,,128,16,transaction_charged_twice,gpt-5.6-terra | 7 labels,
76d2ce1bcac7,transaction_charged_twice,,127,16,transaction_charged_twice,gpt-5.6-terra | 7 labels,
6ca9ad4e7570,transaction_charged_twice,,157,46,transaction_charged_twice,gpt-5.6-terra | 7 labels,
77d0a3857946,transaction_charged_twice,,128,16,transaction_charged_twice,gpt-5.6-terra | 7 labels,
aea34c484547,transaction_charged_twice,,125,131,transaction_charged_twice,gpt-5.6-terra | 7 labels,
93884c202278,transaction_charged_twice,,124,28,transaction_charged_twice,gpt-5.6-terra | 7 labels,
d87138dd9852,transaction_charged_twice,,126,16,transaction_charged_twice,gpt-5.6-terra | 7 labels,
5652f218b2fd,transaction_charged_twice,,123,34,transaction_charged_twice,gpt-5.6-terra | 7 labels,
0ce578b31f24,transaction_charged_twice,,125,16,transaction_charged_twice,gpt-5.6-terra | 7 labels,
15d01183f8af,transaction_charged_twice,,151,16,transaction_charged_twice,gpt-5.6-terra | 7 labels,
1aae462a9347,transaction_charged_twice,,127,16,transaction_charged_twice,gpt-5.6-terra | 7 labels,
310a1886b8fb,transaction_charged_twice,,122,16,transaction_charged_twice,gpt-5.6-terra | 7 labels,
9dd93c1eb5e5,transaction_charged_twice,,125,16,transaction_charged_twice,gpt-5.6-terra | 7 labels,
003c8a63d5f0,transaction_charged_twice,,121,16,transaction_charged_twice,gpt-5.6-terra | 7 labels,
6a1d3780cf31,transaction_charged_twice,,125,16,transaction_charged_twice,gpt-5.6-terra | 7 labels,
24f5655fff9a,transaction_charged_twice,,125,16,transaction_charged_twice,gpt-5.6-terra | 7 labels,
e819c0499bd5,transaction_charged_twice,,146,16,transaction_charged_twice,gpt-5.6-terra | 7 labels,
42fbe20582a5,transaction_charged_twice,,137,16,transaction_charged_twice,gpt-5.6-terra | 7 labels,
c64a2d465bd9,wrong_amount_of_cash_received,,131,51,wrong_amount_of_cash_received,gpt-5.6-terra | 7 labels,
987656312a55,wrong_amount_of_cash_received,,129,44,wrong_amount_of_cash_received,gpt-5.6-terra | 7 labels,
2f9cda63ffc0,wrong_amount_of_cash_received,,143,15,wrong_amount_of_cash_received,gpt-5.6-terra | 7 labels,
8f82c22df9c0,wrong_amount_of_cash_received,,127,84,declined_cash_withdrawal,gpt-5.6-terra | 7 labels,
331281f6e45a,wrong_amount_of_cash_received,,141,29,wrong_amount_of_cash_received,gpt-5.6-terra | 7 labels,
451038750fbc,wrong_amount_of_cash_received,,129,15,wrong_amount_of_cash_received,gpt-5.6-terra | 7 labels,
7e58331d19ad,wrong_amount_of_cash_received,,130,15,wrong_amount_of_cash_received,gpt-5.6-terra | 7 labels,
585c2d9724df,wrong_amount_of_cash_received,,139,15,wrong_amount_of_cash_received,gpt-5.6-terra | 7 labels,
901d688a2523,wrong_amount_of_cash_received,,130,15,wrong_amount_of_cash_received,gpt-5.6-terra | 7 labels,
a90a8c3930c2,wrong_amount_of_cash_received,,146,28,wrong_amount_of_cash_received,gpt-5.6-terra | 7 labels,
bc0d91385b10,wrong_amount_of_cash_received,,129,15,wrong_amount_of_cash_received,gpt-5.6-terra | 7 labels,
beefc952a84a,wrong_amount_of_cash_received,,128,15,wrong_amount_of_cash_received,gpt-5.6-terra | 7 labels,
36cb1285d041,wrong_amount_of_cash_received,,124,39,wrong_amount_of_cash_received,gpt-5.6-terra | 7 labels,
58fe4f6d9804,wrong_amount_of_cash_received,,122,59,declined_cash_withdrawal,gpt-5.6-terra | 7 labels,
d9be846b0fe8,wrong_amount_of_cash_received,,122,15,wrong_amount_of_cash_received,gpt-5.6-terra | 7 labels,
4a18bd21f043,wrong_amount_of_cash_received,,126,35,wrong_amount_of_cash_received,gpt-5.6-terra | 7 labels,
5ecca15eee9d,wrong_amount_of_cash_received,,126,41,wrong_amount_of_cash_received,gpt-5.6-terra | 7 labels,
e78b25fe5576,wrong_amount_of_cash_received,,137,15,wrong_amount_of_cash_received,gpt-5.6-terra | 7 labels,
a00cd1151c5e,wrong_amount_of_cash_received,,129,15,wrong_amount_of_cash_received,gpt-5.6-terra | 7 labels,
2fffbf526ee6,wrong_amount_of_cash_received,,143,15,wrong_amount_of_cash_received,gpt-5.6-terra | 7 labels,
fdd70ee51bee,wrong_amount_of_cash_received,,133,15,wrong_amount_of_cash_received,gpt-5.6-terra | 7 labels,
8fb809cef766,wrong_amount_of_cash_received,,123,83,declined_cash_withdrawal,gpt-5.6-terra | 7 labels,
bcf8d57bd6a5,wrong_amount_of_cash_received,,125,38,wrong_amount_of_cash_received,gpt-5.6-terra | 7 labels,
4efc3d6c1f4d,wrong_amount_of_cash_received,,127,15,wrong_amount_of_cash_received,gpt-5.6-terra | 7 labels,
df88f64a362c,wrong_amount_of_cash_received,,125,15,wrong_amount_of_cash_received,gpt-5.6-terra | 7 labels,
822e4fe31cb1,wrong_amount_of_cash_received,,123,15,wrong_amount_of_cash_received,gpt-5.6-terra | 7 labels,
611c094e92ce,wrong_amount_of_cash_received,,124,15,wrong_amount_of_cash_received,gpt-5.6-terra | 7 labels,
96f7a5176867,wrong_amount_of_cash_received,,128,27,wrong_amount_of_cash_received,gpt-5.6-terra | 7 labels,
32aa8559ca8a,wrong_amount_of_cash_received,,150,15,wrong_amount_of_cash_received,gpt-5.6-terra | 7 labels,
047f5234db0e,wrong_amount_of_cash_received,,121,55,wrong_amount_of_cash_received,gpt-5.6-terra | 7 labels,
4478ea567bd9,wrong_amount_of_cash_received,,127,15,wrong_amount_of_cash_received,gpt-5.6-terra | 7 labels,
8d2b6965a9df,wrong_amount_of_cash_received,,142,15,wrong_amount_of_cash_received,gpt-5.6-terra | 7 labels,
45de71f0272e,wrong_amount_of_cash_received,,137,15,wrong_amount_of_cash_received,gpt-5.6-terra | 7 labels,
137b66fd6ea4,wrong_amount_of_cash_received,,120,122,declined_cash_withdrawal,gpt-5.6-terra | 7 labels,
83abcd49808b,wrong_amount_of_cash_received,,124,15,wrong_amount_of_cash_received,gpt-5.6-terra | 7 labels,
0ef18cff1ce4,wrong_amount_of_cash_received,,133,15,wrong_amount_of_cash_received,gpt-5.6-terra | 7 labels,
0a852f83b379,wrong_amount_of_cash_received,,134,96,declined_cash_withdrawal,gpt-5.6-terra | 7 labels,
7267d4aa26b9,wrong_amount_of_cash_received,,123,86,declined_cash_withdrawal,gpt-5.6-terra | 7 labels,
edfeb0bdfb19,wrong_amount_of_cash_received,,150,15,wrong_amount_of_cash_received,gpt-5.6-terra | 7 labels,
07b993baf5fc,wrong_amount_of_cash_received,,129,15,wrong_amount_of_cash_received,gpt-5.6-terra | 7 labels,
36cf5420c0fc,wrong_amount_of_cash_received,,128,15,wrong_amount_of_cash_received,gpt-5.6-terra | 7 labels,
4e0c75392563,wrong_amount_of_cash_received,,132,15,wrong_amount_of_cash_received,gpt-5.6-terra | 7 labels,
e9593a600005,wrong_amount_of_cash_received,,130,67,declined_cash_withdrawal,gpt-5.6-terra | 7 labels,
6896baca7b92,wrong_amount_of_cash_received,,125,34,wrong_amount_of_cash_received,gpt-5.6-terra | 7 labels,
fabbb33b2c27,wrong_amount_of_cash_received,,128,15,wrong_amount_of_cash_received,gpt-5.6-terra | 7 labels,
1ad5e13b6641,wrong_amount_of_cash_received,,136,15,wrong_amount_of_cash_received,gpt-5.6-terra | 7 labels,
99f7a7e66206,wrong_amount_of_cash_received,,165,45,wrong_amount_of_cash_received,gpt-5.6-terra | 7 labels,
cacd98bac87a,wrong_amount_of_cash_received,,133,15,wrong_amount_of_cash_received,gpt-5.6-terra | 7 labels,
19bb55a2cd9c,wrong_amount_of_cash_received,,126,15,wrong_amount_of_cash_received,gpt-5.6-terra | 7 labels,
ce0dc7907003,wrong_amount_of_cash_received,,126,29,wrong_amount_of_cash_received,gpt-5.6-terra | 7 labels,
0ab6f8de51d6,wrong_amount_of_cash_received,,129,15,wrong_amount_of_cash_received,gpt-5.6-terra | 7 labels,
e11976dcb653,wrong_amount_of_cash_received,,135,15,wrong_amount_of_cash_received,gpt-5.6-terra | 7 labels,
c4eddbd814a0,wrong_amount_of_cash_received,,131,15,wrong_amount_of_cash_received,gpt-5.6-terra | 7 labels,
cdae523d1359,wrong_amount_of_cash_received,,131,15,wrong_amount_of_cash_received,gpt-5.6-terra | 7 labels,
72ba574b41d6,wrong_amount_of_cash_received,,153,27,wrong_amount_of_cash_received,gpt-5.6-terra | 7 labels,
22ddf3b81901,wrong_amount_of_cash_received,,152,42,wrong_amount_of_cash_received,gpt-5.6-terra | 7 labels,
b38a242fc969,wrong_amount_of_cash_received,,129,15,wrong_amount_of_cash_received,gpt-5.6-terra | 7 labels,
ddf118136d7b,wrong_amount_of_cash_received,,160,15,wrong_amount_of_cash_received,gpt-5.6-terra | 7 labels,
6c4655a7c29d,wrong_amount_of_cash_received,,128,15,wrong_amount_of_cash_received,gpt-5.6-terra | 7 labels,
85b674865f8f,wrong_amount_of_cash_received,,128,15,wrong_amount_of_cash_received,gpt-5.6-terra | 7 labels,
920ab57388eb,wrong_amount_of_cash_received,,125,15,wrong_amount_of_cash_received,gpt-5.6-terra | 7 labels,
947f5e98b3b7,wrong_amount_of_cash_received,,160,15,wrong_amount_of_cash_received,gpt-5.6-terra | 7 labels,
d97458d81f40,wrong_amount_of_cash_received,,171,15,wrong_amount_of_cash_received,gpt-5.6-terra | 7 labels,
6cdd52c310d0,wrong_amount_of_cash_received,,125,82,declined_cash_withdrawal,gpt-5.6-terra | 7 labels,
7f7ac8d33fb7,wrong_amount_of_cash_received,,127,29,wrong_amount_of_cash_received,gpt-5.6-terra | 7 labels,
effac420a501,wrong_amount_of_cash_received,,129,36,wrong_amount_of_cash_received,gpt-5.6-terra | 7 labels,
17e71508f13e,wrong_amount_of_cash_received,,130,15,wrong_amount_of_cash_received,gpt-5.6-terra | 7 labels,
e987a63d9110,wrong_amount_of_cash_received,,148,15,wrong_amount_of_cash_received,gpt-5.6-terra | 7 labels,
636d76173536,wrong_amount_of_cash_received,,128,15,wrong_amount_of_cash_received,gpt-5.6-terra | 7 labels,
d72396a3b8a5,wrong_amount_of_cash_received,,124,56,declined_cash_withdrawal,gpt-5.6-terra | 7 labels,
2d02dfc4a1c1,wrong_amount_of_cash_received,,129,15,wrong_amount_of_cash_received,gpt-5.6-terra | 7 labels,
641b73f92424,wrong_amount_of_cash_received,,124,15,wrong_amount_of_cash_received,gpt-5.6-terra | 7 labels,
5339f9577723,wrong_amount_of_cash_received,,127,15,wrong_amount_of_cash_received,gpt-5.6-terra | 7 labels,
79371e175396,wrong_amount_of_cash_received,,124,15,wrong_amount_of_cash_received,gpt-5.6-terra | 7 labels,
51ad326e37c3,wrong_amount_of_cash_received,,128,15,wrong_amount_of_cash_received,gpt-5.6-terra | 7 labels,
7868fb832740,wrong_amount_of_cash_received,,136,47,wrong_amount_of_cash_received,gpt-5.6-terra | 7 labels,
5d0b1ab69f54,wrong_amount_of_cash_received,,127,29,wrong_amount_of_cash_received,gpt-5.6-terra | 7 labels,
e4aa102f7248,wrong_amount_of_cash_received,,126,29,wrong_amount_of_cash_received,gpt-5.6-terra | 7 labels,
bbf4dbf243a7,wrong_amount_of_cash_received,,134,108,wrong_amount_of_cash_received,gpt-5.6-terra | 7 labels,
6551bc84a4e3,wrong_amount_of_cash_received,,159,15,wrong_amount_of_cash_received,gpt-5.6-terra | 7 labels,
6f50f86db7bf,wrong_amount_of_cash_received,,129,48,wrong_amount_of_cash_received,gpt-5.6-terra | 7 labels,
8edc5d7cfc17,wrong_amount_of_cash_received,,139,15,wrong_amount_of_cash_received,gpt-5.6-terra | 7 labels,
9b7b1958cb5b,wrong_amount_of_cash_received,,128,15,wrong_amount_of_cash_received,gpt-5.6-terra | 7 labels,
fd1b68b32987,wrong_amount_of_cash_received,,123,29,wrong_amount_of_cash_received,gpt-5.6-terra | 7 labels,
dfe5fe2ab0fa,wrong_amount_of_cash_received,,125,15,wrong_amount_of_cash_received,gpt-5.6-terra | 7 labels,
a44ab0a44236,wrong_amount_of_cash_received,,137,68,wrong_amount_of_cash_received,gpt-5.6-terra | 7 labels,
e16046eb58b8,wrong_amount_of_cash_received,,128,15,wrong_amount_of_cash_received,gpt-5.6-terra | 7 labels,
f9cb03e0fc92,wrong_amount_of_cash_received,,131,15,wrong_amount_of_cash_received,gpt-5.6-terra | 7 labels,
9b9391b3c63d,wrong_amount_of_cash_received,,128,16,declined_cash_withdrawal,gpt-5.6-terra | 7 labels,
590ca01bb55f,wrong_amount_of_cash_received,,128,28,wrong_amount_of_cash_received,gpt-5.6-terra | 7 labels,
9d4d0424a014,wrong_amount_of_cash_received,,125,15,wrong_amount_of_cash_received,gpt-5.6-terra | 7 labels,
3528bdb33b8a,wrong_amount_of_cash_received,,124,15,wrong_amount_of_cash_received,gpt-5.6-terra | 7 labels,
b9d8fb2b084f,wrong_amount_of_cash_received,,126,15,wrong_amount_of_cash_received,gpt-5.6-terra | 7 labels,
da6eec5e7eb7,wrong_amount_of_cash_received,,153,15,wrong_amount_of_cash_received,gpt-5.6-terra | 7 labels,
d7057972298e,wrong_amount_of_cash_received,,122,36,declined_cash_withdrawal,gpt-5.6-terra | 7 labels,
f3aa2635a9df,wrong_amount_of_cash_received,,125,46,wrong_amount_of_cash_received,gpt-5.6-terra | 7 labels,
c17dd429d206,wrong_amount_of_cash_received,,129,15,wrong_amount_of_cash_received,gpt-5.6-terra | 7 labels,
a8c46db5cf56,wrong_amount_of_cash_received,,136,102,wrong_amount_of_cash_received,gpt-5.6-terra | 7 labels,
be5bd7c7ed55,wrong_amount_of_cash_received,,125,15,wrong_amount_of_cash_received,gpt-5.6-terra | 7 labels,
0edd39af21fe,wrong_amount_of_cash_received,,127,29,wrong_amount_of_cash_received,gpt-5.6-terra | 7 labels,
985b84b1c431,wrong_amount_of_cash_received,,174,15,wrong_amount_of_cash_received,gpt-5.6-terra | 7 labels,
66738f3a8f4f,wrong_amount_of_cash_received,,159,15,wrong_amount_of_cash_received,gpt-5.6-terra | 7 labels,
219e5d6e1b23,wrong_amount_of_cash_received,,138,56,wrong_amount_of_cash_received,gpt-5.6-terra | 7 labels,
0bb0f42103a7,wrong_amount_of_cash_received,,131,15,wrong_amount_of_cash_received,gpt-5.6-terra | 7 labels,
00a4e5b73a0b,wrong_amount_of_cash_received,,126,15,wrong_amount_of_cash_received,gpt-5.6-terra | 7 labels,
a4681c5f79f8,wrong_amount_of_cash_received,,133,15,wrong_amount_of_cash_received,gpt-5.6-terra | 7 labels,
2ac8ae1d0b15,wrong_amount_of_cash_received,,138,15,wrong_amount_of_cash_received,gpt-5.6-terra | 7 labels,
00e58c5bf526,wrong_amount_of_cash_received,,155,15,wrong_amount_of_cash_received,gpt-5.6-terra | 7 labels,
f12e1d220925,wrong_amount_of_cash_received,,125,15,wrong_amount_of_cash_received,gpt-5.6-terra | 7 labels,
094704873dbc,wrong_amount_of_cash_received,,138,41,wrong_amount_of_cash_received,gpt-5.6-terra | 7 labels,
0be8597ee257,wrong_amount_of_cash_received,,129,53,wrong_amount_of_cash_received,gpt-5.6-terra | 7 labels,
6f38093e656f,wrong_amount_of_cash_received,,124,37,wrong_amount_of_cash_received,gpt-5.6-terra | 7 labels,
452d86303e75,wrong_amount_of_cash_received,,125,15,wrong_amount_of_cash_received,gpt-5.6-terra | 7 labels,
a636a648a7d7,wrong_amount_of_cash_received,,131,15,wrong_amount_of_cash_received,gpt-5.6-terra | 7 labels,
5f915a8ff595,wrong_amount_of_cash_received,,130,15,wrong_amount_of_cash_received,gpt-5.6-terra | 7 labels,
dba2c6481283,wrong_amount_of_cash_received,,125,40,wrong_amount_of_cash_received,gpt-5.6-terra | 7 labels,
44942d5baaed,wrong_amount_of_cash_received,,129,15,wrong_amount_of_cash_received,gpt-5.6-terra | 7 labels,
a2dc64c1f11e,wrong_amount_of_cash_received,,125,15,wrong_amount_of_cash_received,gpt-5.6-terra | 7 labels,
6d39a47030a1,wrong_amount_of_cash_received,,122,15,wrong_amount_of_cash_received,gpt-5.6-terra | 7 labels,
0c32116ee667,wrong_amount_of_cash_received,,125,40,wrong_amount_of_cash_received,gpt-5.6-terra | 7 labels,
b5af041d1faa,wrong_amount_of_cash_received,,141,15,wrong_amount_of_cash_received,gpt-5.6-terra | 7 labels,
175625fb86e1,wrong_amount_of_cash_received,,133,42,wrong_amount_of_cash_received,gpt-5.6-terra | 7 labels,
ffb0c7c6f4f1,wrong_amount_of_cash_received,,123,15,wrong_amount_of_cash_received,gpt-5.6-terra | 7 labels,
4552cd92cf6e,wrong_amount_of_cash_received,,124,15,wrong_amount_of_cash_received,gpt-5.6-terra | 7 labels,
cf69b16c1563,wrong_amount_of_cash_received,,133,15,wrong_amount_of_cash_received,gpt-5.6-terra | 7 labels,
85a124547b94,wrong_amount_of_cash_received,,129,15,wrong_amount_of_cash_received,gpt-5.6-terra | 7 labels,
12e3b9ca3c1c,wrong_amount_of_cash_received,,130,15,wrong_amount_of_cash_received,gpt-5.6-terra | 7 labels,
3f8328c6491b,wrong_amount_of_cash_received,,129,15,wrong_amount_of_cash_received,gpt-5.6-terra | 7 labels,
96d60841b9fa,wrong_amount_of_cash_received,,135,15,wrong_amount_of_cash_received,gpt-5.6-terra | 7 labels,
f19ea4a82826,wrong_amount_of_cash_received,,149,15,wrong_amount_of_cash_received,gpt-5.6-terra | 7 labels,
b0ecafe33b1c,wrong_amount_of_cash_received,,149,15,wrong_amount_of_cash_received,gpt-5.6-terra | 7 labels,
23cf8eab664f,wrong_amount_of_cash_received,,123,34,wrong_amount_of_cash_received,gpt-5.6-terra | 7 labels,
b5de7cdc0ebd,wrong_amount_of_cash_received,,130,15,wrong_amount_of_cash_received,gpt-5.6-terra | 7 labels,
40c62c53b27f,wrong_amount_of_cash_received,,139,15,wrong_amount_of_cash_received,gpt-5.6-terra | 7 labels,
4574c84bfee7,wrong_amount_of_cash_received,,134,15,wrong_amount_of_cash_received,gpt-5.6-terra | 7 labels,
c752bc1d8c76,wrong_amount_of_cash_received,,150,15,wrong_amount_of_cash_received,gpt-5.6-terra | 7 labels,
dd70ba431f7d,wrong_amount_of_cash_received,,139,15,wrong_amount_of_cash_received,gpt-5.6-terra | 7 labels,
c06b9a804f97,wrong_amount_of_cash_received,,128,15,wrong_amount_of_cash_received,gpt-5.6-terra | 7 labels,
cb2a622bdcbf,wrong_amount_of_cash_received,,141,15,wrong_amount_of_cash_received,gpt-5.6-terra | 7 labels,
8b711d8aaaab,wrong_amount_of_cash_received,,131,15,wrong_amount_of_cash_received,gpt-5.6-terra | 7 labels,
b01d23ff8e36,wrong_amount_of_cash_received,,128,54,wrong_amount_of_cash_received,gpt-5.6-terra | 7 labels,
327423ead4e4,wrong_amount_of_cash_received,,165,15,wrong_amount_of_cash_received,gpt-5.6-terra | 7 labels,
256fea75bb5d,wrong_amount_of_cash_received,,168,16,declined_cash_withdrawal,gpt-5.6-terra | 7 labels,
